9,1,15,32,5.32753554083332e-06,0.914681021172304,-0.540069981675465,0.369518210991523,-0.397123988519197,-0.105634070268136,0.363091673737305,-0.691512523423943,1.14413619271788,1.01063996627914,-2.88184828851938,0.388646537639908,-0.649214491498695,-0.457667340109779,0.362937390545797,-0.0931116703590644,0.866917795920036,0.760349777040843,0.570336282860668,-1.77886539036315,-0.769851700741583,1.14724015912009,-2.48682049648553,-0.91241800842602,0.56125891235407,-0.59689444218062,0.213774284667378,-1.44413123036703,0.487420305109069,1.05494089295505,-0.385353342264796,0.465152252878082,-0.205269281571176,0.338205544314611,-0.839855622636642,-0.221070502645228,-0.504637950718014,0.234588491610923,2.27179956686277,0.433849758374723,-1.12150672878733,-1.62929874048837,0.229571934499441,0.335979633741366,1.1389179688907,0.665347336283941,0.128500234775692,-0.0538498313286108,-0.372231540093629,-0.203810131339108,1.39091450387138,-1.86618367615535,-0.245461453860418,1.27617618017632,0.418668444077939,-0.390378142453177,1.26484375662615,1.81679603632634,0.182011577485172,-1.33352332754642,-0.711359362201218,0.881857936287165,-1.09150260598488,0.254838460841122,-0.63551435211441
9,1,15,32,0.000130412326430074,0.769045185351629,0.107009544549861,1.18816066010947,0.662517696535287,1.11222089369531,1.06910841759372,0.422097705089477,-0.0473878910098219,0.0664906987389422,0.487292907536819,0.156116480054239,0.252745752447676,0.433694939340695,0.476330805536612,1.12422783089977,0.797835118215722,-0.729085376356759,0.336595380777916,0.986390002163124,0.368486623620183,0.0147508078088404,1.48373403509169,1.31484050470575,0.430985425257013,0.318420191216169,0.937698868896544,0.185773930809451,0.497128053512401,-0.213693805752216,0.891906782214661,1.3592806788678,0.181155710040589,0.120771247121025,-0.760700014025814,1.17735534913576,-0.0539189281043146,1.22187522307883,-0.199500291322196,-0.266409807658481,2.25052541897211,-1.40810516172229,-0.633894155267793,1.06265553814321,-0.463326062012806,1.04025297098791,-0.604980102061567,1.68072859120664,1.14430336563478,0.515985382681958,-0.242415337312786,1.70724098092235,-0.265300303277678,-0.0685406467352912,1.14743008040976,0.695301283373458,-0.116550428202634,0.257362709781636,-0.103537838736113,0.583623135359768,0.176780243020667,0.232340433947087,-0.312141310119385,1.40300734839878,0.0519083137876497
9,1,15,32,6.69198482154965e-05,0.38428244614219,-0.683540471246407,-0.42720330576866,0.703031862967696,-0.428761357584879,-0.40864670643327,1.47098557709471,-0.774388672023652,0.110605597108641,0.0511693598442313,-0.856981897100282,-0.550731777798397,1.12454497236979,2.10324111006396,0.118096387420146,1.79873409552477,0.444217974074489,1.49936723101653,0.0848842416545565,0.832104907473663,-1.23808371217302,-1.4085079847851,-0.843993770197408,0.364866399796688,1.62993486083469,0.611463062229222,-0.0577991602457868,0.735888716657634,-0.0421725933353931,0.235912804019793,-0.309082526590853,0.680742784981156,0.392051370050988,0.493783900269233,0.280573849401887,2.02790305499183,0.501774517147205,2.16442711567233,-0.0629035148811769,1.1322767044544,0.460831979708097,-0.798496304669284,0.873394426416589,-0.0286339899496595,0.788413412482159,1.22159750778175,0.922594051990824,0.160867047975854,0.507722429195945,1.60514203059448,-0.123564512184362,-0.441805001895539,2.95478106869453,-0.311014062032009,-0.586277056185816,-0.407506998207985,-0.335892715116672,1.16091266355266,-0.0377545478311408,0.923923940808645,0.891191896844103,0.0956097332906607,0.232450248795762,0.987761140399482
9,1,15,32,4.28247801109727e-06,0.92931546197169,0.471183830712455,-0.245626752621498,0.885071359793704,2.1472376797706,0.763542303424472,0.830375981658246,1.08189586088423,1.5969912579858,-0.105805338481714,1.01125023766408,2.28121987532907,0.140656937834662,1.4042752237466,0.926141241189474,0.395611930077496,0.605204841034294,2.1719064641674,0.877608824781809,-0.0862262715003779,0.247587492336601,0.888632250710273,0.30157061142475,0.34390353705194,0.903419120711812,0.934402799683442,1.50981338588507,0.545170425785506,-1.0922793336013,0.749669904642865,-0.0697152671205358,-0.784492153229491,0.448181573419552,1.265663029745,-0.475559652078778,0.385454710831635,0.344399283488352,0.54796256888707,-0.385670894200331,0.0280590150791335,-0.727670497108259,1.58146074743571,1.33072586814768,1.50898486894525,0.56407597794317,0.845545158248674,0.780850417615373,0.44545288515512,0.043764488397598,1.15934047778425,1.4539571116699,0.704070448965719,-0.457678649942067,1.35461496877584,0.20341046288289,-0.577313417680666,0.885611021531392,0.113446149169141,1.00302458168135,0.329508813206664,-1.87548099900048,0.119209137711784,3.265998016677,-0.151233368164872
9,1,15,32,8.16469067133063e-07,0.469409315669356,0.695915590851062,-0.459713494039434,0.149427210663413,1.16621559817265,0.824129797478161,-0.0547245650595895,0.0241236300790494,-0.241873841197849,-0.991422357906358,1.54526647130802,0.563348592556493,-0.376267681715882,1.85987678713548,0.0956936767673837,0.730843740505281,-0.658095292808297,0.334532129005351,-0.91881291561471,1.04985791465991,1.43936389137636,0.509734359031929,0.00812992718360468,1.78655511335703,0.0958564766693798,2.30470056677742,-0.918412661755345,0.0852177984397084,1.03969418485737,0.98426880177122,-0.258220596512929,0.320356771243715,-0.385523944507296,0.305602654699707,0.787678438230552,0.95857724041432,-0.00917299396078437,-0.128751314273049,1.37568858949041,1.65904395357997,0.383577145419521,-0.133049325575639,1.35846611292169,0.585281874537745,0.0527438041138793,0.595869996696104,-1.00936453039013,1.39960133570508,-0.570595694747331,0.175271353619859,-0.74082626090792,0.853839240561951,1.21252976351798,1.65043417813845,-0.185239469539823,0.310158176246324,1.72151757830091,-0.0602492469282644,-0.787249149342536,-0.142307451921864,0.106628363298135,1.12543351579026,-0.494698359473103,0.655661853854513
9,1,15,32,1.14172598717488e-05,0.229218536063957,-0.492711530074833,0.615096991782022,-0.0359096400656335,-0.0669758149825133,-0.680398601777506,0.573393080213457,-0.362180429329251,0.886080729682154,3.24298776408154,1.53689511244149,1.60233558009105,-1.26930111901967,0.678950878733739,2.09362563069367,0.746241138139929,1.65087835608426,0.842588547508474,-1.02460834968333,0.361051445056653,1.09207337678241,1.24522546781357,0.445700662175987,0.491085522614005,0.915812812831573,0.321353647706992,-0.84779356240427,-1.24803879092243,1.04480797149339,1.43025039453385,0.418140202951537,-0.761313466944202,1.20991256430252,-0.81213981260688,-0.535513458694679,-0.129778046614362,-0.0876686256109816,0.583006833563241,0.410938670138575,-0.816110167460112,0.360658955089173,0.415732654392905,1.19977251376632,-0.514406844091938,0.106102610422866,0.106917023120954,0.407128662436383,0.674536986147377,0.653110308353992,-0.343306584278223,0.676408243662979,1.98662034679912,0.930248699792328,0.846960267057322,0.85286317815396,0.128674212701442,0.673490228117885,-0.574409648849058,-0.389059648434385,0.225998790893594,0.149330722546297,1.11831586624047,1.00121097862998,0.277785530484281
9,1,15,32,2.24612161623394e-05,0.779913639780385,0.0176131032581393,0.0350754852622112,0.189063317054062,0.903453170992951,0.373331498640203,0.175088621368652,-0.227384065219547,0.614895120558443,-0.0922683043747013,0.71850215745931,0.691269627427533,1.46198552004855,1.11465501019692,0.834448440118562,-0.897570273151461,-0.17818267132164,0.28889388085446,-0.221896128668467,0.215171608199753,1.09472990030915,1.46974237726913,0.782471092379771,-0.398260945449656,1.42193317520315,1.21128056492033,-0.222222195431385,1.39060814381138,0.671035495004888,0.946369772815091,0.60602459837612,-0.348289957342073,0.410775467842438,0.391103778276317,0.484923934188008,-0.328836427181008,0.00762121304108002,1.01942563456702,1.65443146617364,0.234799755246529,0.0803532548637511,0.440741107085881,0.639968048021065,1.09509992905973,0.545253892590976,1.52900586350173,1.46828675281263,1.0331173872631,-0.895875943783999,0.341982143180843,1.25898793401091,-0.189215977546978,-1.33295561752482,-0.0209140710705175,0.0915241730917196,-0.779045514560829,0.447171854188001,1.16651884889774,1.10005094047401,2.23125373334401,1.39764854676918,0.0689083655148968,0.172839148163095,1.17262183624189
9,1,15,32,0.000146915832720973,-0.573570113847529,0.748157541383144,0.302413033760552,-1.42409614397423,2.07177048000086,1.0883757826829,0.107136078656046,-0.553569294904932,0.221588971857369,1.52253216557033,2.21945469379195,-0.353601967506355,2.20917378625437,0.240622144188483,-2.141281998849,0.0698253138519842,-0.193820458250055,0.802356181422889,0.362116094193334,-0.973075146216923,0.642281159756201,-0.361505110875924,0.556001374286617,-0.23219717825102,1.0362404424851,0.4355370643688,-0.0106901969883567,-0.325610385567845,2.33678893745522,-0.195142456757868,1.07289069147376,0.378305331318424,-1.30497792199655,0.189348666724855,1.99633568489465,0.598509911358652,-0.440648394466147,-0.580673607409824,0.937408158901458,1.08282714466253,0.410936580166806,0.64018824863251,0.0403084522346213,0.351475397806414,0.215007478972722,0.961401065854469,-1.7690651060975,2.66620472800214,-0.0528443876039166,-0.651918998699036,1.55613510107135,0.890986246701695,-0.258151615244919,-0.920996936545013,0.368303684016645,1.08881242823998,0.734797565002608,1.04752030012608,0.158825600390568,0.325822744651186,0.185038573171386,-0.265245518031505,-0.0989485608800722,0.372789334858503
9,1,15,32,2.39008901270488e-06,-0.795482049359927,0.763924083253811,1.14130472905898,-0.114340625843396,0.907134579436161,0.484073133851077,2.37247638927824,1.4015283279529,-0.482701247620529,-0.423674088595779,-0.0157391118510094,0.88233632088881,1.49949261832694,0.791896128420645,-0.472542551464413,-0.420998806223993,1.10633962089211,1.14495971314305,0.702368721229062,0.158682284957137,-0.802389688283302,-0.0109509232033704,-1.25302645733424,0.78223640078051,-0.547948498532046,2.06513370735866,1.38855484889076,0.370477214905599,-0.149104327735488,-0.725485367175413,-0.509539989673126,0.9150575566076,1.80872404419336,0.919549319602809,-0.434302323073241,-0.22582092932207,0.488183912136166,-0.754000118983086,0.362328186491621,0.675542707304362,0.16383535958281,3.24919549762244,-0.638392028754562,-0.702547918568072,-1.87221540537423,1.65197749887481,-0.276410209797962,-0.322205554759604,0.289186344138449,-0.735435742515973,-0.929228221816829,1.17100093569331,0.361323869187476,0.716421320820502,0.77187240763332,1.27332744494339,-0.257484592569459,0.0184668022247378,0.7988614755175,0.456706201538551,-0.10600683571893,0.607454186018242,0.310482047074533,0.574591384697127
9,1,15,32,0.000133106635889724,1.13257660944918,0.523036165028192,-0.100936047890366,1.13281237321785,0.94319845931316,-0.178651534879357,-0.173720861552777,-0.295935464892399,0.514635322927789,0.985215907041894,0.74063462571025,1.17254436129961,0.612087985356862,0.529934820446629,0.580774033213395,-0.908060387516989,-0.752364637045934,0.563518262011913,1.06131656393418,2.11898276956518,1.96760442198545,-0.353189981040667,-1.41087987806959,-0.534253380822701,0.694251569191695,1.21452079756411,0.941297234424546,1.0198759511342,0.285591237273044,-0.156973754042009,0.710401918998579,1.13450580617662,-0.372446588212201,-0.208207611507661,0.868659496051427,1.30764931372238,-0.175300834221852,1.51200012717818,0.829489092394632,0.996150854887228,-0.062771237661077,1.15795859921871,0.0871104045770512,-0.445415241705333,0.896420709967259,-0.000283433771447277,0.275174913427063,0.256800193638189,-0.911417015729029,0.838463108329256,1.26256421510252,1.70260489913773,0.14120413584736,0.825621058006651,0.33087233892946,0.267507332924811,1.18424311498367,-0.0504894977633092,-0.72553384644635,1.10043525984626,0.328724197312872,-0.406103173027059,-0.016718135430213,1.28082339616401
9,1,15,32,6.64093021298662e-05,0.454386230400395,0.99582420385189,0.651357234413108,0.464194890520158,1.06178054205667,-1.51452763774041,-0.558195167722545,1.34761472441361,1.4149928129717,2.1197983217531,-0.508729818694207,-0.624180255687991,1.76957582425396,-0.0887622681869663,0.568127403203993,0.899755444464534,1.02057451744962,1.20957561058161,-0.142353020285808,0.256094209603844,-0.0395307447428589,-0.162040534254144,0.0316725428973166,0.401062735866176,1.57237477037272,-0.0195431533078807,0.73488898549216,0.766837104429246,0.672512844130309,-0.855777181895841,0.416172242233217,1.93551067987051,0.534998478994369,-0.116014909502039,1.23742324637469,2.0893514726942,1.14529654877136,-0.617888371278169,0.870485839813874,0.39771099274302,-0.183213623205088,0.730087203216237,-0.247388656928002,-0.444873982638671,1.18976566932629,0.144596909716065,1.63864360056581,-0.371887260819438,0.0971090798210435,-0.642864962005737,-1.06236482928281,0.371193838086789,1.123116464987,-0.240653062384092,0.192617328943507,-0.424386827846118,1.32011637198604,0.345698266863262,0.499234515702084,-0.0978309149997334,1.37441519132217,-2.12166462346021,0.56087596448603,-0.150623233473652
9,1,15,32,9.62759011902126e-05,-0.269027898420166,0.580950097413846,0.728702175967055,0.640517142508823,0.157192635406026,0.299718298829439,0.760162731326647,0.780954473624756,-1.09105762948155,1.57014691804661,0.896032043372764,-0.147033183980441,0.982507362785302,0.286003027917931,0.192452213479282,0.736523837221904,0.869789539837658,0.868899150880825,-0.145403629177405,1.56783565548285,-0.549435679264765,1.12271603889935,0.956393202909975,0.766133706816877,-0.316722934683026,0.33075566528,-0.126775090179643,0.0894482866508994,0.523079928186265,2.96250164172484,-0.424177710337925,-0.336054269392775,1.017510760786,0.589827024739536,1.21013782632377,0.598903539475334,0.812610662580092,1.02930852326742,-0.222452411788041,0.336719145631037,0.867627642183611,-0.302377975471651,0.458969922566306,1.2545187004851,1.09071442984224,1.48869737237889,1.06579248095883,-0.242923593905071,1.10757979244784,-0.0327786502499759,-1.27640448849496,0.305104880243197,0.862705626480404,-0.606718172398154,1.15345844085052,0.184841860691706,0.537931340745592,0.667799893459986,0.860948771169907,-0.344967829233845,-0.288359869932144,1.32643750219648,1.22751621274907,-0.13496042978405
9,1,15,32,0.000553921912508137,2.23295127395461,0.435200213378399,0.332613426784033,0.105599786557335,0.527150288261671,-0.982646220783404,-0.703766386215261,-0.367951268337644,1.31348115785724,1.62007533779316,1.31843478116177,-0.267649999946346,-0.22813859351385,0.302287018497131,0.543149482833314,0.31794535701982,-0.878991671224025,0.14308280698315,0.171394273317765,0.717980990712974,1.36311951860082,-0.0763892802112992,-0.370705827772117,-0.485249351057056,-0.171119558798566,0.607017219364673,0.794959702144106,0.773734474521257,0.58962078992274,0.224538646222345,0.485128619509438,1.18203456368613,-0.155661944018563,2.7964403469686,-1.60777764129095,1.10067622762578,0.956762159178161,-0.2848786984223,0.421906573362868,0.0337977961603304,3.31757429539997,1.92668073991205,0.174460052355112,0.952342006016161,0.32869802156106,-0.64015671451856,0.202452884864065,0.95616417464622,2.06307096991234,0.861197049335538,0.780433907511303,0.721375592829391,0.232999054842076,-0.550397571447529,1.3150791182864,-0.456085494683641,-0.849108438360016,-0.391024603941671,0.875596201086586,0.151112282615622,0.649429282208859,1.901345830268,0.342755381496413,0.124007006007703
9,1,15,32,2.75555722368814e-05,1.06571637395805,0.733031125737471,0.180829613612072,-0.211776782204632,1.44893966726207,-0.891699331578528,-0.0112965964987675,0.65374508505722,0.328259591175801,0.594579515869984,-0.162895149650596,1.02275966708152,1.63641248415831,0.00163686873190156,0.853292461809239,0.4754320912124,-0.0275206362867578,-1.19355459215569,1.088307539172,0.17060029389045,1.31175125946442,-0.301823119799412,-0.469646482826831,0.221658823615021,0.113185774198359,1.08402847645725,0.540860632647078,0.477408190169505,0.865513334060881,0.797665440620801,0.725645348407733,-0.404367160729108,0.395927003823873,2.05365095601034,-0.309424127202951,-0.249061488363494,0.486554337149352,-0.650659216265138,0.707569766911419,0.783099439684512,-0.424148513709843,0.16929231902973,2.00999090077717,-0.824504500696064,0.476014368896411,0.833308185804858,0.0206530413985879,-0.233372590956033,-0.0393545185478058,1.71023626624449,1.57780317483621,0.471248435703945,-0.925745016774836,-1.06411495558993,1.03580707098858,0.587695546926928,1.31008052119773,-0.497631460618187,-0.0875695222000408,-1.19009301604539,1.6239357807793,1.31431913544272,0.693188038487353,0.00597665009011559
9,1,15,32,7.93054884584699e-05,1.00062426394762,0.52057816522296,0.876714709678362,-0.292027564686638,0.772124855655419,1.32761124326705,0.570895515285174,0.636161846522187,0.370405567616127,-0.100334299374567,1.20904493980938,1.8398778724138,-0.571501310029652,0.804867778728742,0.919805472914902,-0.435231304989019,0.0305413094424094,0.68767708910175,1.04679886250448,-0.095684362017673,0.130311482846365,0.913441126572802,0.242382934938971,0.575219031172693,0.666254287534623,-0.575915204247404,-0.919649055452537,1.34170019906216,1.48103803977672,0.609632213898041,0.33903581598782,-0.272373701196724,0.0471781308790847,-0.723112246203147,-0.122367324304315,-0.49987976958611,0.593747991532821,0.298330224026363,1.15763101135793,0.947881264852291,0.264719894793961,-1.23818061138003,0.209291593743127,1.78240778015235,0.311747196353563,-0.472617883611124,0.372180595540699,0.636790266511274,0.763123566645623,0.202437968559523,1.70347042759359,-0.232559437038527,-0.314533101107083,-0.437308721293826,2.45629949628858,-0.229015732890091,0.604405127108883,0.293939133548275,0.600329188049912,-0.0366766963176284,1.21448001504714,-0.350882562119228,-0.309813454155282,-0.984733010065901
9,1,15,32,2.5591498273525e-05,0.857540646605803,1.04539262711716,-0.120743676854578,0.475137072700021,0.752310486526775,1.27579988753375,0.536396876209808,-0.818698112934898,0.633648130975587,1.2834091833277,2.6500029540409,0.692591067885657,0.363332985713967,-0.702097965194723,1.38285748968111,2.04971255444053,0.14365172305106,-0.322069101735198,-0.121560126455238,-1.57297679707697,0.0223390792304072,1.4053382558961,1.08470401381668,-0.0346700534423899,-1.08351396060514,0.928480850247591,-0.215332118373444,0.203016098959703,-0.548129406865311,1.12766238624851,0.137285192270474,0.120492783410852,-0.36488183754535,1.44896099243112,0.301707933497246,0.857545598120784,1.25274728989477,0.124798398028717,0.93155022755447,1.79306673918135,0.037524921336385,1.22339335870235,-0.28182456863795,-0.80301747962231,-0.0738678863485294,2.07364277521095,-0.409343496007424,-1.08210434132107,-1.17629617289283,2.87907680341921,-0.154885071880219,0.0719415328987462,1.0413446293374,0.763888401586712,1.32591644255535,0.303470394395401,-0.77701482734156,-0.357343117448017,0.952109175118966,1.01031215196902,-0.856071226062797,1.03410786146321,0.775889849537785,0.244927356414536
9,1,15,32,4.04511715135225e-06,0.542887440006101,0.521328429607115,1.79953862771245,-0.0651040551630441,1.3075218457082,0.39323049739721,0.088699734336839,0.478051254729186,2.01630008244044,0.81283321396286,-0.248259653312408,-0.901651039211434,0.894719851582812,0.82881441755157,1.08915289911755,0.321250175308582,1.16848384712014,-0.162543967857211,-0.0502888222306466,1.41570755824458,0.188128295059988,0.0219994396717137,-0.466986056848875,0.0637014289477196,1.61828922573196,-0.0106792131869829,-0.0127047673853517,0.029850669537618,0.803933470904189,1.4353057172365,-0.96438936365542,0.93942293073671,0.398552785555844,0.656535795574616,2.11575791747944,-0.325784611828125,-1.65187437941432,-0.232126696640069,1.19691714652957,0.518508628880242,0.428781034300378,1.40183173244713,2.31809590597212,0.579636095468941,0.147236155133633,-0.0347269036946828,0.643557612205508,1.26234566694126,-0.734932399543012,0.402143232638429,1.26719016249735,-0.514730252365434,0.7943746016115,2.49478003629222,-1.18173591077563,-0.0829087630506259,0.987855216897089,0.292601377698556,-0.626748254865601,0.444455162432307,2.1095176159506,0.0259881452727534,0.771532673260675,-1.31185874182583
9,1,15,32,1.00524688306791e-06,0.993018836539181,0.498944365006265,0.280931126595362,1.37350873159748,0.85505970146928,0.0379783359519753,-0.614799254226659,1.09558671166867,0.573519686854977,0.0185914759077751,0.934610214902929,1.45302524641714,0.460986744224802,0.00941844549512668,0.625438266478074,-0.692283304598671,1.4650414753799,-0.192918868366835,-0.0363174428412557,1.58566365152707,1.29323798365427,1.16704253131983,1.1801754751191,-0.678578679535291,-0.0023732270096799,-0.265859223573148,1.00512958874269,0.0347491061729829,0.75350761562377,0.360880181771182,1.54201711621266,-0.148186461240119,0.356340865139542,2.08572357153286,0.518918475790666,-1.6511497887238,0.518478976780367,0.839866042613043,1.37479902037644,0.330999794365488,0.948529264433902,2.16907532839848,-0.38679421934421,-0.366468558249844,-0.0516256584139428,0.814715444968289,0.841197926559096,-0.152996604586957,0.719356559171657,-0.187688846647555,0.658274041830352,0.947326279232174,0.255700189890341,0.328344462871896,-0.312615521747887,1.11145365248629,0.656276521039831,-0.825792492274981,0.611408567268508,0.452470163420335,0.969927356375807,0.684453766262751,0.519492667335708,0.968836446769903
9,1,15,32,2.89877248403902e-05,0.134987020644196,-0.140643371875187,1.42932177687732,-0.319739699274807,-1.51451537590036,0.700448938956097,-0.264793333079718,2.46175798742829,-0.499999415316426,0.332764768864351,-0.193613299459929,0.0364929901030304,1.22217041499541,1.970922689922,-1.43245977388032,0.665680153875603,1.87242453923122,-0.185612849860804,-1.58562033894676,-0.262313089924972,-0.257197913723119,1.40743370518872,0.668561604086722,0.746083904009781,0.345800011787328,0.893986400924271,0.342542098679457,0.865620454726152,-0.223687277649535,1.12852223510807,0.190052759714012,-0.0328652103065722,0.194098998058896,-0.259457825036558,-2.82835533152299,1.91749356397119,1.00537408843337,0.420308944279736,-1.08771907467895,0.393316736956523,0.350373117883956,-0.675723931973493,0.391260649931913,1.52961088078843,1.2360926771142,-0.566236111685018,-2.30675465697589,1.27466268040451,-0.00626349016618804,2.19743685791305,0.604591030203772,0.0623897612141013,1.12563271313351,1.38932563624458,-1.36332738307666,-0.301139926008078,0.511775396577547,0.806137552686612,0.414578125997819,-0.535960143828314,2.04209700535362,-0.185641361085114,1.09611120595552,0.276616551706499
9,1,15,32,5.63102151875938e-05,1.61988885226775,-0.624509561131883,-0.0521657776935067,0.882599567355055,1.68372253675916,-0.107551867736198,-0.660204043268946,0.208430307465537,0.534107936507654,1.25823381004212,-0.214890827469568,-0.0826654061709522,0.243572043166304,1.58111928030402,1.21057301167015,-0.278081010465796,-0.104562729806164,-0.0274581284751424,0.500362166909606,1.0020124261892,1.12890584471536,0.141696830971811,-0.286285808100105,-0.596422766996869,-0.101696505628375,0.128143022633426,0.916637088867603,1.21465117298849,0.434935773536874,0.149436403954098,-0.251725566945658,0.0946832503388935,1.17372979592491,1.60514705927272,1.18643561776472,0.729251015891898,0.84857968252482,-0.515633326937844,0.117620975087995,0.916576853155456,1.17946365153039,0.976329244698929,0.366594111793099,0.226851444339372,0.0545550707989359,0.779427514333727,1.06044014775235,-0.492241656772842,-0.302733054212334,-0.05435715601751,0.779947429032133,0.345936040786649,-0.802799793522284,1.13338814926945,1.77828271110435,0.750483295528773,2.04553317017113,-0.318098458859214,0.212027386686739,-1.59788146541792,0.517120409494235,1.86722461657779,0.377396526153108,0.871730700917233
9,1,15,32,2.17982864781918e-05,0.485171902189738,0.141807127007991,2.75992931363529,0.95332977740066,0.00991771081689071,0.477108847456233,0.379599164813072,-0.785541306011161,-0.342881280436921,1.46807523638242,0.395240993185742,-0.686368636074344,0.605322473452378,0.429706497736612,-0.386429774031926,1.02202211575798,0.330505325972136,1.30055977366291,0.515700713000932,0.447467285663109,1.86381349026577,-0.157352760093959,0.16536827219859,-0.0676344437668266,-0.314915760052296,-0.211953461231732,0.663479253413934,0.850723286739145,1.40322511270147,1.1410557221152,1.8285415062114,-1.73160187684476,0.218472319273619,1.5969124510778,0.959938350656408,1.21255562477904,2.01161661200031,-0.382027639134484,-0.192958158620229,0.257677411829761,0.382151124921913,0.922397727398362,-0.737508904870944,0.431015798294058,1.11301235930816,-0.98863894431309,2.17099267031748,1.73253056251121,0.154403215391474,0.210002491334688,1.04449001633733,1.03927479538086,0.698860989158744,-0.388121279084942,0.100619083390394,0.772170602517279,1.47279739770862,0.144622534632608,-0.7969309044718,-0.25441509311924,0.811594971038918,0.812491370280471,0.38586707274924,0.440002741222684
9,1,15,32,0.000274289162352948,0.689746148362885,0.512887103526062,0.0447428081103465,1.2412177179188,1.16861183750167,-0.3217528588746,-0.957410912325169,0.760330437991228,1.10289800948346,0.983290034937311,-0.474841822724772,2.26949780442015,0.275828170325236,-0.898664414742077,1.58906715057771,0.635185146436402,0.172416487258859,-0.418474924054277,0.266948479123717,0.889089193416037,1.5716447052295,0.651882650391285,0.282611908317442,0.454928633595528,0.802677333471615,1.16343964467282,0.0605872269113777,0.892673533164285,-0.829588685841049,-0.162889097927128,1.70713511440723,0.558038392771783,-1.09992226957651,0.946678958819876,1.35681972868546,0.912238187184555,0.280271225610302,-0.282364847308501,-0.541436307187033,0.57525079003069,-0.111458940912679,0.373693471620997,1.57474655711521,1.57845819652468,-0.697542701420675,-0.594729325346775,0.964305427495786,1.31623724371477,0.845688689376969,-0.0831409406446709,-0.384684480907508,0.874735593734423,0.0754558552799876,0.281748577850758,1.16508761951353,0.494500139999678,1.72384404033586,0.337623258433165,0.552257743951025,-0.515623937634267,-0.0336268177179501,1.48914921804169,0.0615770764246474,0.404210600839362
9,1,15,32,0.000482831323957766,1.16787472944109,-0.0211485250003686,0.728221906078156,0.845639559504742,1.1289576629128,-0.308301779857222,-1.3529143181751,0.0640920507357231,0.748205983643834,0.347953579296707,-0.126893315499672,0.361054375914738,0.246357104314445,1.39813364609024,0.995784283776293,0.854261040704387,-0.243742523032331,-0.741258616941208,0.880703751571623,0.453724202100423,0.383878538326236,1.18847200338399,0.795442268870978,0.26522384585794,0.311650267916793,-0.098968322442736,1.28471298252014,0.564904388804711,-0.101579776963913,0.700371751682108,0.475164088649954,-0.398000554311355,-0.433690268277086,-0.459807792909332,0.497201187196825,1.49595180143585,2.70688927782586,0.914239410782604,-0.00485348036253507,0.0337876005437893,0.767034953642508,0.409919180451206,-0.207249461861537,0.472492604241887,0.934743017676816,0.95368572810139,0.216610786828516,-0.616040144258645,0.889159936787015,0.69884820614422,0.471454674261635,0.121146994103309,-0.147880932156213,0.179704869053162,0.446576286274702,-0.461079714950889,0.30999868734357,1.12154834477503,0.662933004814177,-0.138043983272902,0.449081369488303,0.152151256305104,-0.145097320739234,0.6708476719006
9,1,15,32,1.68586761443157e-05,-0.256295747489416,-0.665881405233475,0.0809508583484557,1.55787166289714,-0.459822971243039,-1.11410625258923,0.766144955458576,0.385507802994794,0.0763183868023121,0.12485760453876,0.105621026523826,0.428253562548844,0.619855849424327,0.881435344522246,1.17610449375549,1.17080914363913,0.327549449116073,1.06088922199879,1.45959114064805,0.196428542092809,0.168791278990512,-1.41171571414032,1.81338219988512,0.698527021209964,0.111882445349869,-0.146466993484673,0.10450676169801,0.340172574160939,0.683969205376134,0.831930078055753,1.19820674549504,-0.284735283507848,0.352799527484344,0.240659966864618,1.30583334665363,0.0314257586242295,0.0260095311586048,-0.104194840854488,-0.18517671812448,0.687896186466247,2.51073154449959,-0.0298646243753884,0.710044848195163,-0.053270449750802,-0.550196438894827,-0.485406856263723,-0.111739631312894,0.0399240963195371,0.504867300642677,0.213405792003295,0.0329682020960248,-0.183552545949624,1.19117400733243,0.566066188489709,0.591744337171682,-1.80125779591903,1.86195886192835,1.27136504508521,2.09433756520864,-0.971285833470303,0.0840869367336192,0.0245075959375673,1.52807279604829,1.12609387626713
9,1,15,32,0.000109062994032461,0.537813583954026,0.268064722493118,1.09404428047893,1.44836602213972,0.900593191770384,-0.403883536618696,0.406774232896037,0.952169303151581,0.237893188343594,2.05166457364067,-0.431116611092347,-0.890440741865418,1.60813891570847,1.20009004346764,0.299240351625597,-1.54603318971174,1.11814968421122,1.16096122474927,2.16388309051235,-0.839849920072284,-0.18074557142585,-0.58791489335755,-0.439182575312516,1.38682940697752,-0.710355148712497,0.487431483876983,-1.20789165429422,2.49652162950143,0.329716606456999,1.18005120520286,0.507982132437231,-0.57348114705105,0.683329121121584,0.571964261057171,1.06521940811191,2.13213002872766,-0.429092684505834,0.542511136649372,1.06794816720892,-0.117990963713235,-0.364327656588522,0.184712330682637,-0.654660406854541,2.09330713212166,1.13282640168528,1.54114072904461,0.394022066997807,-0.1098611643943,-0.0874179246752815,0.492131524483593,0.617213900702767,0.0101056649363926,1.7448927347061,2.0701242151075,2.08553086354413,1.34642656806021,-0.181332759084962,0.767951650718734,0.787270581092175,-0.568311494392004,-0.342601691734868,-0.00882769259795583,-0.502210258242786,0.232549178499274
9,1,15,32,9.90533771282331e-05,1.11763463687441,1.67693278121472,0.209481075813721,-0.613225739006792,0.177296600833112,0.0435326653593458,0.375635807998904,0.805672568891353,0.184195259675372,-0.129618773713785,-0.662780688003862,0.0903567689112217,1.13672767481333,0.168855504890582,-0.0849426525275375,0.361702620479629,1.32633806340011,0.674118901317993,0.295604080480367,2.53484508071855,0.4644025769107,0.65837885556745,0.671913204435962,-0.450867031474049,0.285201372010891,-0.8036056612376,1.04277872096015,-0.92910258405097,0.446594584798159,0.710310217855843,0.60370973768931,-0.521332333004649,-1.18816021650204,0.209380640042497,1.17316567365651,1.60941942049532,-0.19977977114049,1.04413575834715,0.692316125378266,1.10620211254924,-0.697462950132716,-0.218078186429343,-0.506714493659471,1.39067545194596,-0.49332484796333,1.36212132371557,0.453473755076281,0.96251950800772,0.491507068526317,-0.36514186197474,0.00399802981729542,0.185929164052331,0.991652162792414,0.140292433246268,1.1059992325594,0.33794386620424,-0.815318983173712,0.309662478372631,1.66035082759209,0.99703667718442,1.59243868458084,0.411610457754989,-0.114609787036403,1.30269504136355
9,1,15,32,0.00011277195340087,1.0394618667157,-0.263041612739061,0.827085632818913,0.499411215476502,0.226481525512409,-0.343944339939411,1.03617575898201,-0.18187085590691,0.723161138638044,-0.376272746127987,1.18797465024666,0.486343902411029,-1.18483992852526,0.518958455264801,2.65376907086732,-0.131135082271989,-1.07244475477245,-0.161099891565747,0.44198889478665,-0.11124965341447,1.626694707889,0.55661893578726,-1.45036926345041,-0.0823857150433021,1.14406576540377,-0.0560190373718294,1.90857212856853,-0.259846423348781,0.70129778884214,2.19888742011777,-0.787268563769601,-1.00619969106962,1.22322299308303,0.0892112588713782,-0.423320360190721,-1.13630334595987,2.56573397532963,1.66907272514601,-1.0064599921746,-0.47251759487659,1.15182102763003,0.734255043931261,0.530674246978054,0.789107050585398,-0.488715641522371,-0.771250728168633,0.870617229062864,1.4053699388927,0.446395329301111,-0.601825355368658,2.42718364770243,1.45269983397391,1.38345875477159,-0.417364764982057,0.0881042984195453,0.982815053086168,1.60187861224181,-0.000253736828909489,-0.883592004631044,1.22387359497306,0.359009821681788,-0.295979368763596,0.394456510814041,0.181929167894629
9,1,15,32,0.00226862083588142,-0.435333327079183,0.911363954751701,1.40068945713293,1.12959963380197,-0.191882278620269,-0.834623817429095,1.34302210430232,0.371455152494344,0.171939098489823,0.845785789108159,-0.128073225680613,-0.715749201124896,-0.42858906378298,0.265035905680165,0.621308883060937,0.391743838926811,2.63908257482112,0.639116601359407,-0.187470131902137,0.205825621852238,1.71984855241645,1.71097646807057,0.0765599778569357,0.691839701800373,0.459569450953319,-0.437795613165077,0.00961125397554361,0.349164222584379,0.328985423299172,0.217133955871184,0.347456679422447,1.51560719334614,0.371246396561049,-0.0730976435275836,1.12675699110762,0.802815004877085,-1.3495008537474,0.778911744213498,4.47490589600436,0.417905082299138,0.07821288672136,0.411689443597201,1.36096921051574,1.00144686199239,-0.179308849037255,-0.595903385837343,-0.403391761789516,0.355809306484028,0.437722514026706,-0.182034588858668,0.516279944313245,1.19347786800378,1.43919205293965,0.338904632106706,1.27660110410861,0.556014210800695,-0.661056159700367,0.080829977625082,0.142369672351609,0.770167323073005,-0.42281822256876,0.528604694066252,1.02402248053423,-0.0493655768970321
9,1,15,32,0.00109323380270054,0.582735291577465,-0.0375612617070789,-0.372151731547798,0.429879033616077,0.03095819849097,0.781228891216809,0.73281393792918,1.48706056234994,0.5048687159919,0.531172491679089,1.42419809317842,0.261864538792244,-0.120346998910635,0.721982232590674,0.13252930197573,0.282640743446632,-0.664802972046529,0.590982548959471,1.31430230939034,0.127165896390964,0.96990780736093,-0.0788648149746115,-1.130577508454,0.10990936282839,1.39605400456167,1.68040946549733,-1.56930442975871,0.0870728871171112,0.21073242607459,0.809060157782321,-1.41742514527567,1.09131129001946,0.397237593663747,1.31160783953377,0.231900316612433,0.71691455436448,0.291088483216226,1.03107879438921,1.0799591090742,-0.0659016725821467,-0.753744583781493,-0.125313374130416,-0.192941130130247,0.658161812918101,0.222854070124998,0.373978429426556,0.746695641211239,0.760074368294934,1.13113169824576,0.698787606666488,0.92886175640696,0.291196665903214,1.12341819242476,0.881631583621041,1.27986822926626,0.826883736717153,0.256190043314303,0.00484957287185555,0.286888532179905,0.434685855586963,-0.224239164876937,-0.0698873328612654,1.52046425073905,-0.721209602239484
9,1,15,32,0.000129132692574641,1.52631641518773,0.254101331277919,0.491991492397006,-0.458272022035888,-0.537057318626685,0.618564838724569,0.571402064701359,0.258607267863493,1.07533655551997,-0.227605424139899,0.344725236480058,0.959838901879934,0.242526521824381,-1.75858034280092,0.92835797777906,0.674203453111975,0.904589066594483,0.808467392427489,0.472144854389772,0.0670258768050477,-0.126785188908015,1.035930161247,-1.23009149694619,0.721658609655334,-0.661565202853927,0.104874497940128,1.02376180250625,-0.46904600664232,1.00272736632435,1.87990079129716,-0.127171706389105,-0.0582976902286355,-0.0821671415559972,0.593131500943099,0.636911478623856,1.38282071442177,0.599207865662833,1.5183800252818,0.0920256560003047,0.420450485997734,-0.147066139084434,0.61973694301855,0.559861509191117,0.227792221440964,0.344056016349456,0.70011439529463,-0.358730019294474,0.693822151749166,0.230389084534001,-1.04312556681575,0.77309032718713,1.6861785469324,1.13006579308489,-1.14112636137843,1.57014593840326,0.265908054239551,0.184452496337593,0.380805276048123,1.75799312060521,0.904801751514523,-0.34120697976469,-0.385702921802724,1.71136034388193,0.655842116679782
9,1,15,32,0.000638556710645721,1.10836742719998,1.99505895366854,-0.750761550539389,-1.4470530903191,-0.0852439853142804,3.05123400199962,-0.263368710875779,0.878232371757222,-0.326679207186199,1.13684227637334,1.49864583518795,-0.221508781360007,0.786547381733464,0.536672720572842,-0.393848344494907,-0.660631054577983,1.34738200197618,0.0649589232515876,0.621247083971842,1.38522408997229,0.736341460055094,-0.221024973600895,0.838311120079954,0.903435094502645,-0.416790525801726,-0.0809762383930568,-0.457430997223709,0.0946661576352762,1.24597312589292,0.937547121702125,0.811152672500314,-1.17160145853785,0.158531259180098,0.331988635285014,0.212793074031644,-0.0336657727015554,0.0850101680353482,0.333045294251665,0.241749202347851,0.37769669241613,1.25573887134417,1.77992818843247,-0.013624224814596,0.00255446455257333,0.206511450901995,0.877931485532079,0.70318890342995,1.16409066810886,0.761528181316238,-0.0429514253279084,0.792749588857192,-0.0753945409317976,1.89046760352641,2.1432204602088,-0.205501706594808,0.542484074936485,0.73601728958668,-0.1482149329685,0.0904379753302079,0.913618367000438,1.0493521082692,-0.0851780400534955,0.260884961730372,0.00572955107941924
9,1,15,32,9.66552902698092e-05,-0.55075003029955,0.395869483736387,-0.503323345215357,0.517089946265374,1.34271875602764,-0.110104411587447,0.624670015665769,0.544437980251603,0.152491975886389,0.29614940638169,1.82536572631503,0.98993850439868,0.079139144124462,0.380719083694907,-0.282213856198131,-0.383260624357708,1.91833833375549,0.720435735222803,0.3476276300711,1.13073866384152,-0.48692977822389,1.46841027225404,1.68681496045062,0.560077477653208,-1.24907947105998,0.591086619828337,0.793240774094294,0.900601457737822,1.27457335961572,-0.00798609238491537,0.313421215071306,1.1432245574675,0.205844186168282,0.328336414717184,0.17007665148141,0.297273854595868,-0.107800358675459,1.44462255141682,-1.01372782633605,-0.403057202570592,0.626068521810058,-0.393331340050443,-0.068972781732024,1.71952503191949,1.00603009405797,0.867047998242574,0.477038428993461,1.07594747527422,0.895690526383948,0.532368430651557,-0.155083985980384,1.8863034689207,0.688037641156447,-0.33200317352495,2.2406726881161,1.61503489132793,-1.79512571498008,-1.61772031320601,0.18975996440919,2.75270774841706,-0.475613123086639,0.456126148110605,1.35203095672406,-0.284373839845399
9,1,15,32,0.0002712620606099,-0.370538274191835,0.179191398729946,1.10836958937,0.516408721497004,0.722716424672743,0.0666542690578302,-0.176587530595255,0.62866244547281,-0.0106456485305707,1.23106895314851,1.2288288868735,1.56008938539681,-0.851684445030737,0.917747595299628,0.472395284866289,-0.835988197082767,2.04443429723355,1.0177680132511,0.376795769349605,0.27533288453614,-0.381894234069791,-1.13586000360367,1.76904521749111,0.991519107249686,0.585728290590666,0.819799197121829,0.109237847493709,0.248051581367569,1.68315999347115,-0.0499475606673105,0.653556060780215,1.43227704686579,0.729022290868736,-1.04664189097816,0.271048677863881,-0.553731614924609,-0.553446934221033,0.78897282141173,0.814132696330523,0.750918604373095,0.404976049772311,1.19875354684225,-0.287304127219005,-0.216184116626915,1.10904758157869,-0.107569539728025,-0.345499995981389,3.17461539056931,-1.8380911703274,-0.304967704758072,3.65828446868617,-0.0589273382700997,0.28749654152875,0.357506287728361,0.020769028154954,-0.399648341923922,0.6382539813775,-0.0780861879566368,0.464020582502648,0.278310822840956,-0.55646125157885,-0.446748264685474,0.952585088325913,2.28132648962427
9,1,15,32,1.05888739045934e-05,1.69002977689147,0.675569025663011,0.50013736543739,0.14892792689509,0.104510197326337,1.62728314879081,-0.215763353782553,-0.938132028778013,-0.204138515091712,0.657630965408279,1.43132689377058,0.67255637507059,-0.407422027942704,0.789206346404037,0.694956959374614,0.781791534447248,0.530388673281743,0.731947886463384,0.647708696453151,-0.460200177225931,0.158292230326302,2.17432075210688,-0.431095457460043,-1.20521275942695,0.370642103848894,2.30052027131914,-0.417958211134627,1.1763675397832,-0.124973606716554,0.753257017605048,-0.485363854146166,-0.0936917348259337,1.28150241828781,1.17440899378628,0.754748122810866,0.967352744981567,-0.177378316498047,1.68079883787202,0.464871980143768,0.758007381694019,-0.269190844735085,0.539450044728434,0.834920188576214,1.4424500412664,0.0362907428790796,-1.22565696356339,0.122397212691762,0.226954940462786,0.882375712501095,1.83187280660855,0.333207996223582,0.288087345133711,1.13554237868161,-0.998653147875452,1.83863489629644,0.532136302119247,0.0140335252772607,0.347535613342984,1.5324176816175,1.31941771337129,-0.0693391935825414,0.930762375133144,0.864627755050424,-0.331837979134186
9,1,15,32,1.92599313542097e-05,0.672256347249056,-0.383079813838997,0.563481580660952,1.40977259155799,2.29348366363244,-0.445418474905554,-1.63296328819302,0.32029957623498,0.728411967827155,1.41134034029995,2.05379883225199,0.149411617740007,0.66503795713921,0.429976045217756,0.433326962674323,0.858161889004886,0.479336984848545,0.267367717856683,-0.415832344318833,0.107658030277157,0.0987421432467405,-0.530718178363072,1.15929113410458,-1.12395946193571,0.163696973159704,0.35383039801204,1.75025433272196,0.214150931812737,-1.44756239422788,0.600123613648157,1.77184087128109,1.62763668230028,1.83715691483653,-0.162634275726198,0.123526376940544,0.0313855223051434,1.08015931882075,0.657745147472495,-0.190769210185424,0.240450565662828,1.13856756462344,-1.87036731842999,-0.515403143354363,0.194030898016149,0.962115874400144,0.469642006656411,0.0812415549806003,1.31143297781134,2.12982076578651,-0.0205052878267044,-0.354499420210488,0.658569180806264,1.84321788922108,0.966452863348377,0.029986662262717,-0.046296097319774,-0.192611198514979,1.51834389559388,-0.706931036255129,1.42212134107603,0.625606292281805,-0.981891326195258,0.472103818597694,0.427731606484948
9,1,15,32,0.000198099438700527,-0.865172561163984,1.42021717743381,0.769892911028221,-0.535204967197304,-0.0205078357218815,0.401685846922328,1.45833310455839,-0.0222840924938619,0.461553042361829,0.11433234253317,0.59301528584665,0.285243934079364,0.169352890427435,1.14977513815484,0.535525928465628,1.14172689193739,0.837860010871824,-0.0180850222620047,0.158785473405462,0.747134365768909,0.167205984459329,0.249571113307171,0.833504580533275,0.89725163013833,1.86438564441219,-0.497818329500547,-1.47726911046918,1.3292832766371,3.3173238743884,-1.61170317957437,0.142344358270423,-0.601560155714733,-0.35396303995048,0.470999161976298,0.941143649421217,-0.717011432648197,2.05281979997274,0.732831838664682,0.306350086556414,1.47573194023435,0.086571477772655,-0.479416726728675,-0.430152301724238,0.718236069128143,0.966793233548782,0.220264039346961,-0.283808395236952,1.61639168113857,0.611968595902428,2.27392945723401,-0.288647572502856,-0.505228845562498,0.175002044073825,-0.639534933483376,2.89194155504107,-0.724391639012605,0.0841125707539687,-0.599175711887646,0.89789568674156,0.655287730562553,0.734008141702428,0.297233326333635,0.993287648014842,0.800709791917131
9,1,15,32,0.000126043242931972,1.65868029067815,0.638057124142018,0.727228800241998,1.63979185651047,0.201096629617741,-1.80527959053557,0.821199329680625,-1.20105852316618,1.11301145973903,1.31490558730445,-0.0262490134922527,0.0714328619566817,1.45049634091393,0.57985936166538,-1.33576091856919,-0.342229999165702,-0.916005564275058,2.90501506372139,0.151914946644712,0.78458772701309,1.10805766143188,0.998172793766936,-0.192447712771848,-1.18958629209518,0.258629785354082,0.32775911955533,0.00761491719246035,0.341045642147221,0.020497621697816,-0.810210599488566,2.32017509087789,0.913873521457207,0.0512247630249265,0.527863923424881,-0.425594741872414,2.95445452506042,2.21056302645485,-0.406132455635014,1.36897832527587,1.24729053999232,0.081251101417216,-0.636603418110756,1.3601464191622,0.434564944077729,2.07877617781155,1.81602638737714,-0.0562392090602994,0.987906749585083,0.25293614343034,0.672526113404453,-0.511179588602292,-0.12021402026113,0.32216528734986,-0.360959243245779,0.877867733647587,-0.444607830781327,0.787536251116255,0.384982915494784,0.645842648349953,-0.432955264787965,-1.15291303411851,0.21461276397325,1.26933146528473,-0.52658724100111
9,1,15,32,5.96070734637522e-05,0.919162911152887,-0.852815604024503,0.0744219787272405,0.653608314350912,1.67852092376945,0.309120187077287,0.946519136175211,0.818752421693719,0.311196987161205,-0.588178673658968,0.657989423322444,0.586213283632332,0.153534261159098,1.05175571684698,-0.333657839702186,-0.450744133978353,0.558174617822404,-0.0222423856596018,0.892640260609588,-0.691613602639891,0.789374358031157,-0.309198303287327,-0.452895293271283,-1.30559640015368,0.100524596066936,1.69878850541198,1.15293492567756,1.63942067661701,0.68772429851659,0.385376400320668,1.01602383560637,0.772741128887704,0.187654832821396,-1.00315439148046,0.411233130376332,-0.678946227958892,1.17744648897516,1.08535107336435,0.28118482922139,0.456306340400207,-0.0517390226265945,0.432234444399309,1.48156518430439,0.214295649730931,0.202481168439476,0.999108881444711,0.464658928145885,-0.711147514439727,2.09955778392593,-1.05056737506694,-0.550100035821428,-0.450598861419332,1.61450816751537,0.914859925954632,0.74720409526813,-0.773511270867908,-0.484776493670594,0.95030852077907,-0.241296888584594,-0.0650770235746015,1.25515533565082,1.23242040194945,0.0982618204881088,-0.428341897098732
9,1,15,32,5.55474535466338e-05,-0.0860346671438905,0.416775615199494,0.930132990401828,0.66820189556037,0.923306099888615,-0.498875895035702,0.253325756394772,1.71667375827748,0.955766584936249,0.146668011655295,2.08966961248217,-0.668752135001682,-1.08392842320993,-0.748414678570737,1.78874372984619,1.90067907510049,0.599480107395031,0.420338276356,-0.924479370177639,0.373113703995223,0.303973347557404,-0.269936259953288,0.770738207050506,-0.183839307412937,0.594547995111047,1.1929614806214,1.7289001641945,-0.555606631225543,1.54001694627385,-0.722234574986216,2.09533549391405,0.591591585383874,0.0226516323270079,-1.14945851015777,-0.972651639317273,1.54496609499411,-0.498558758342363,0.41079932905868,1.77690237148423,1.33057897253811,2.74004432894164,-1.12590552675116,-1.8445551656428,0.498493284207355,1.99670941110684,1.58818263951915,-0.560098928349441,-0.0345834312031847,0.216614474350202,0.535376508687019,0.124114459194271,0.916703918467094,1.81433887928756,0.797347872546899,-0.949709564197087,0.827260666255833,1.35174490609022,0.155380556591091,0.410802903125521,-1.54630423079673,0.139126632952584,0.946935871757172,1.22506344679625,-0.0446910421381787
9,1,15,32,0.000504897565885121,1.19114330475965,0.442544844661459,0.435466237655474,1.21804985553709,1.03211476677618,0.318394987664247,-0.311790828478386,1.53762777324122,0.718254501704584,-0.637077122186989,0.515019592190451,1.21905389066287,-1.18698157777191,-1.01322452889353,0.392303947164326,1.18419729615312,0.35339937646152,0.056631253237721,0.0154451474594271,0.200094501837267,-0.867066688011539,1.07698164727031,-0.328793987674279,1.63063395208099,0.0614652651159984,-0.238558126610598,2.70669429422371,1.91910739632295,-0.70960204029813,-0.980863288278234,0.984597317282541,-0.155778745634187,0.195725611242461,0.900977500107869,1.43189998316573,-0.907210671417111,1.97229609726547,-1.29146796351064,-0.870994917964643,0.36052424019874,0.656876744951883,0.077649608659242,1.18190010296277,0.220425487543462,-0.188618162801469,0.902194841392104,-0.0371243774696529,-0.455466448501081,0.623600794975384,-0.444524867967174,0.705284498975219,0.172291001329396,0.645200319965265,0.275742624169391,-0.0536323545235841,-0.0122486063125401,0.155169347500994,-0.228731180237032,0.444403876787645,0.690294079473999,0.314916092778942,1.00527785371338,2.30556122079357,0.215312179530118
9,1,15,32,0.000275204766901238,0.987149423096022,0.729277989436992,1.00864549582399,0.825156603278811,0.477028353206036,0.359289823656925,1.20556236437069,0.0160337016295996,0.0166350837538611,1.56691008248022,-0.24245983320832,-0.481751349808371,1.71835432131149,0.00338359334078712,0.718782283159534,0.944476410288268,0.029516910065248,0.792354611544036,0.875885070120552,0.734034796525078,-0.412236994200779,0.465034500409364,0.522963230100352,1.87708825141238,0.647203669243931,0.441235693464081,-0.870550039362128,1.57102577930735,0.973609748030341,-1.26418834617633,-0.691408394313389,0.994347643446274,0.678167706815417,0.105634355437755,-0.0412649291138551,0.161924447005227,0.619085520777849,0.961973636529147,-0.381259019996594,2.31790978092398,-0.183465810655849,-0.972788817229255,1.23093276955798,2.48953850229961,-0.162745346933609,-1.07967114359497,1.00350587705282,1.30827721738134,-0.777303346750342,0.211366490269736,2.03617485790603,0.50386788621163,-0.796992907016698,-0.120704032700374,2.88139538897697,1.0218253165465,-0.809451672548229,-1.64755345609754,0.476875814540326,0.177261655292817,0.81793694024305,0.127342787615379,1.59798767732004,1.20458240854879
9,1,15,32,2.74845068692908e-06,0.0570977293067952,0.27622005564248,0.938248252285115,-0.273558677178203,0.162356417214683,1.2272384435986,0.843450507167477,0.075427395838142,1.13260165261584,0.730775569031664,0.901635430314846,0.882087109723009,1.29335896931425,0.311264530903926,0.968177957965357,0.43290766231465,-0.342546681276099,0.823104636708778,1.48457756378844,0.130955387250599,-1.38687482176739,-0.197071111507148,1.08101806354214,-0.0720012104410305,0.204364832342969,1.75361827251211,0.830150663738267,2.10132618084062,0.122823661981026,0.212945766557726,0.405139664141936,-0.894066176842489,-0.675351013931169,2.01797057867476,0.080377119989267,0.251556317934404,1.48728371521047,1.75669511648515,-1.51189366931255,-0.414325880511459,0.454976224690267,1.64161814253634,0.533328440767771,0.440491013195152,1.47992066685313,-0.288068607000234,1.2065518082763,1.04352209523817,0.578821525621305,-1.32516135812523,-0.356687469288931,0.0325380493265871,0.761426726344851,1.0954609713676,0.158509449574277,-0.158139140270147,0.807481833551891,0.512499977975154,1.86636886967433,-0.31263172150587,-0.29802527088402,0.0652101828283731,0.861998502569233,0.663045124316971
9,1,15,32,8.09653137041622e-05,-0.374627640452044,0.328197547112759,1.06795714143821,0.366055336395189,-0.193843534353642,-0.0802917855873952,1.07269812771804,1.2068328064768,-0.275690943121894,-1.25581250642688,3.65091088339668,1.77969772045353,-0.706115788100926,-1.27107606652325,1.30487651255821,1.64226273041764,0.879250814117562,-0.761440307656094,0.784021661575999,0.550671104667472,0.391511480263648,-0.058855033654897,0.516586222574174,-0.223391820961748,0.469497230012535,0.00981289179073791,1.06388693075289,1.0007788547878,-0.999125375449017,0.460007219375899,0.381298652081524,-0.649675210484349,1.08010686724771,-0.209019225150086,0.269962605207282,0.689134110423176,1.21394693046392,-0.927033393616944,2.04015949513839,-1.89926794575168,-0.274107846255903,1.12575934541333,-0.0501900282546597,-0.27542579919429,0.554918558796291,-0.758048237249952,0.480566669175621,0.789790088923959,0.112700204414999,1.45997633420993,1.75523805827651,-0.35767631852457,0.693979433098444,1.14810751890054,1.53843853321565,0.756815702620528,-0.172835089566654,-0.984972965460235,1.18952697253248,1.06363897444563,-1.09462619430359,-0.804702784260263,0.696644085671812,0.96623633736844
9,1,15,32,0.00203632432891121,0.649096767077565,0.6573431028806,0.663683505661273,0.806504354706035,0.415788623095812,-0.691206546206109,0.766164117307787,-0.641821693182521,0.838517688545283,-0.00167192940063006,0.245331465644012,-0.342902658364675,0.435928821807467,1.55115424065334,-0.0862701302512433,0.837344481212286,1.77171684608879,0.955511817876636,-0.128572821586977,-0.279435638846872,0.774988184686248,1.66498882497697,0.62930396868789,-0.344054138654281,1.58044338551007,0.8501974109856,-0.275240592630781,2.4186955579158,0.209136025340521,-0.254867794561089,-0.355770187902197,0.287176033052398,-0.143312767429527,2.15534101616096,-0.373796982024283,-1.09658060799549,0.96695154359319,0.347163763286931,0.0141554123368271,0.0768755026124357,1.6717478342197,0.683250758271595,0.092803738991713,0.240263436363495,0.410767498358765,0.55943953253692,1.06572523414707,-0.230797788399447,-0.268916561062155,0.0950417553391111,0.0304178510707266,1.92363740470486,-1.53032196038972,2.0458747795558,0.511200612551214,-0.638786289154249,0.744828104305477,1.46823312319645,0.0268988649920007,-0.250571389117158,1.71357986564669,-0.599444666246547,-0.298630328759823,-0.774700879313595
9,1,15,32,0.0004163703494513,0.610908925026091,-0.0847231662630425,0.0765623699908591,0.222731130258225,0.874526476109825,0.930334597453341,-0.268108365043976,-0.0912659250752233,1.21833160224493,0.588104593086518,0.0878483251280969,0.972221303225752,1.39830806566794,0.566680753177206,0.195220066010689,-0.631017946783305,1.42145167851012,1.50349926607539,-0.112938902785312,-0.549497606561246,1.23359701480915,0.102400397243394,0.713650775169265,1.27872722369382,0.215085768751841,0.139625133556401,-0.139378332863918,2.41552155601275,0.739437455650168,0.152787637880216,-0.294716671277636,1.28151077863931,1.1301588232459,-0.104846786282734,0.294612667888437,0.409796808946922,0.701607298905592,0.297193498387461,1.28399944432714,0.254926114746149,-0.580376173411103,-0.164974458742481,-0.255052842438493,-0.252027332204247,1.39955252250605,-0.207175586892931,-0.0256252630575997,-0.00710749214909044,1.60726844206952,1.95531118404341,0.389265079539181,1.59573592873182,-0.898732418455434,-0.57361408286183,1.18024028380675,0.109857645884285,0.535121790571587,0.58364899799417,1.40035781438492,1.57324706834409,0.721564468730747,0.259804042305048,0.05795910910132,1.73706459686666
9,1,15,32,0.000245715163410321,-1.11513758357583,-0.0891288406725373,1.0930424348661,0.573902022150583,2.94462090650216,-0.840886777419558,-0.973881702364577,0.357251073927537,1.84045120620016,1.85665355962865,0.0442250789463184,-2.02410975494297,0.249739299266194,1.04014671181104,-0.919301752657986,1.80466778501407,0.422078921848848,0.688258217855137,-0.668043596695902,-0.407116797580044,0.0999788932683402,1.82906838091066,-0.5122671187743,0.0344759531720988,0.0582343877864999,1.00211652116937,0.75873216593121,0.319571804075044,0.269742687374062,0.454274149422278,0.198784048681647,-0.222987464226956,-0.465774326679709,2.55289364155687,2.64085313765563,0.548579545969802,-0.214771959159352,-0.664539480104312,0.340516722215312,1.12389771005303,-0.149830988609954,0.150849047212697,0.573957262238594,0.225299149668152,1.33428337227642,0.528961592325198,0.291241529817046,-0.815024223382825,1.25223094678242,-0.282056878765231,-0.230650591241718,-0.672512525428685,0.23852653946876,0.0972310626915783,0.252059454891948,0.426481227024715,2.74294688788203,-0.771966638241148,0.0908660990214802,-0.229788064486443,1.00557604257986,-0.989442401203385,0.426341044545608,0.130503598191058
9,1,15,32,1.38035028739436e-05,1.52415639865335,0.0356542907819925,-0.192145419247358,-0.0545498151943561,0.951668640002188,0.174028531437645,0.23877442816792,-0.657177700940654,0.586220318614285,-1.23809200772728,1.40469940071946,1.06356765314486,-0.182701505945212,0.296511115073883,1.28722508474538,0.00236019170064455,-0.345124229307525,0.638216498941651,1.59273393391078,0.407671795053157,0.274062339513391,-0.389790422199507,0.0144705673418206,1.60193471495573,0.502575655272325,-0.111665554160784,0.572132548716899,0.363311328579508,1.04210558780059,-0.947270336154339,2.67089142209025,1.44879173257636,-1.83421357286226,1.01269602994465,-0.0392106415659277,1.1463429672279,-2.19481836612641,-0.697479652298304,0.327407384272134,-0.150635829051982,-0.541475746588565,1.3929549157948,-0.213566722566014,0.520936706519926,0.143737415756449,0.471542313549205,1.41663080749648,2.11150948572242,-0.678585286311936,-0.875442185758282,-1.14104829231383,1.39758721408822,0.38430911963247,-0.718892927181809,2.6539050592844,3.01643672417008,-0.601749594192167,-1.15731991075982,-1.21842566011369,0.799931187826342,-0.107988345781741,0.975603401209194,0.0931637450835137,-0.562712263949902
9,1,15,32,7.76290861674855e-05,0.0520322833013889,1.40447240396096,0.331322112582632,-0.0564247166820535,2.63632330138704,-0.533787243535906,-0.654020499947746,0.410664668197685,-0.320229515575651,-0.81921638144315,2.38958676318146,1.20426946133375,-0.211596447689295,1.33950148886342,0.0749606233103322,-0.128333654378484,1.22188414746704,1.95916282370415,-0.289500291424686,-0.192338128796673,0.44648017601925,1.02999146579529,1.43400471849177,-0.187654508050718,0.358166229835801,0.623058259992221,2.10863622874434,0.417751365168524,0.727697481498978,-0.070046806385478,-0.279835517567187,0.179448281535208,0.973738861165539,-0.769050811284936,1.13543063399424,1.34535544046246,0.682797371666764,0.203536233658326,0.399040991014366,1.08013869709995,-0.432446084033054,0.324883359781091,0.654349772132964,-0.377190880354109,0.609565961965834,0.805576671491042,-0.314495444948856,0.175404308017976,-0.313804603539763,-0.858170495799682,0.20993180480407,-0.00039220250696705,0.862984361648262,1.75395944032619,-0.176331287685323,0.689173102812271,0.658075587821147,-1.77658345337858,0.545912437158407,0.613156675109411,0.509545820482524,-0.642290414402102,0.809361549198453,-0.595443544263034
9,1,15,32,1.3176012593874e-05,1.24802695278787,1.62809738511963,0.321514704570706,-0.0167031022375824,0.0501622994188933,-0.368495273040357,-0.728242769471112,2.86119645084838,-0.683298329847625,0.669337811549501,0.832945784232793,-1.73342787510703,1.51646605647757,0.478685383145401,0.265736665823774,0.536720967553947,-0.350461956648153,1.05745011200416,0.250819837692011,-0.539337785945353,1.23059354994849,0.658101368944916,1.04247721160545,1.23169862028422,0.518037581204655,1.4460415866999,-0.846873362617715,1.05477605546249,2.07112869293684,-0.0984158847499049,-1.38446388407075,0.543652447078627,-0.00397961847820791,0.839159996357666,0.379664548027122,0.210481834570319,0.00959743150273335,-0.725366716349794,-0.171473760282333,2.25487164319035,0.787763058507543,0.477130850159987,0.923347191962136,0.718048870726982,0.116280232982096,-0.521468076203572,1.15680426990311,1.5631632109182,1.34316273280015,0.480814278009391,-0.555719410020124,0.757252179838149,1.61998206820776,-0.689536966140848,0.966698024919182,0.364096891877693,0.302257768003012,0.722715614636251,0.308242260083413,0.748147254521986,0.966450874579715,1.11886778297164,-0.789162380206738,0.429469953367415
9,1,15,32,8.22077963191781e-06,-0.365063762194693,-0.2009237415114,1.93985323027287,0.158954496934205,-0.0239854567956305,-0.143792148403013,-0.130553758791367,-0.750158328848198,-0.506019697281504,1.10547424161084,0.996538267408407,0.660763771905101,1.71618140230524,-0.696323244974269,0.265442308335784,0.709496435111045,0.359629487091551,0.283881995288188,0.548311895906709,1.49650103254153,-0.331575412700777,-0.584640261258854,-0.235136964872096,0.238212895359034,1.36943642595732,0.972700335974754,0.755105288531165,1.40064394793011,0.396789351774849,1.09207550921611,1.54699615025509,0.334404976296728,-0.489873836177377,0.845912326534825,3.03148427803563,1.48948376316693,-0.968926934571695,-0.650033805321936,0.154708117754138,0.592055507685928,0.766040611911974,0.822904652387951,0.730726834568689,0.0584625860076389,0.559843038256792,1.16217588163156,-0.614809453000484,0.677499733746013,0.713722672994422,-0.0703473296780101,-0.405874425867722,1.21361952006679,0.534502580205438,-0.713310109661877,-0.214582036554491,-0.64287489230635,2.07886688790952,-0.00692862664620255,0.228239219927087,-0.581314664206505,1.20349428077786,1.00558915373432,0.656070654057925,-0.724913569417281
9,1,15,32,5.78472812684527e-06,0.250836458304986,0.288057561418134,0.373924203225652,-0.4282988263111,0.345772686495574,-1.25391582067553,-0.884704006274534,1.31893880306219,-1.76304491118767,-0.661815685773033,-0.373289715097089,0.865824844176784,1.86276104264973,-0.298345131208255,0.0667973765233022,-1.42916437444478,1.27119939921082,-0.576268345165073,-0.348144610751363,-1.06140825655394,-1.18366185685238,0.460725616107877,-2.92973538926911,-0.650073836618324,-0.965630712572418,-2.00767302580026,-0.0652221649844574,0.611663870124497,-0.188000702272093,-0.826110478189242,-0.581791829701113,-0.955974078158239,-0.258362460867248,0.385077056952433,-1.25477468067237,0.209999432985109,0.549233773747841,1.68133567671983,-1.18598105392597,1.08076207020778,0.826103968216131,-1.4663090976331,1.03494397153278,-0.296868386053656,-2.19263120854997,0.0908525705047077,-0.264916058816207,1.14388594069194,-0.260349928909856,-0.327002793330151,0.0902249744024548,-1.15612878879057,3.49523895449953,-0.886908993681566,-0.95188667834683,-0.051642995810345,-0.331065263800456,0.936686406905204,1.35434625010044,0.175008996830945,3.22862883379934,-0.89191023134943,0.962811777152346,0.0415605909923245
9,1,15,32,2.13601839399447e-05,0.392233844876237,-0.163102204630785,0.450564965737937,0.282218565065317,-0.752845807850058,2.07834010908279,1.16473627291509,-0.27347320858156,0.0292870971842436,0.550121789564625,0.266615616406912,0.0280238379528348,-1.35711702798311,1.4319616613493,1.43404003734964,0.563637427709689,-1.52693550625131,-1.8604847720558,0.645908451002637,1.11243608326106,-1.12270506912608,-0.558337441534184,-1.11037526829334,1.37625725255064,-0.736230932724144,-0.863405074998972,0.941384782510589,-1.16475048808727,-0.574207221811555,0.330563824798504,0.155624419080918,0.892077602760876,1.12764644762153,-0.0716178544040681,0.258282322902635,1.83790903102426,-0.0341701477750214,-1.09479171341579,0.258032668632276,-1.32270466424732,0.954498598560574,1.40620699994789,-1.08201424316981,-2.55783751798984,-0.847818699491364,0.115719720216386,0.635218364566725,1.65559934475695,-1.17853359347313,0.728347317806738,-1.28346542590182,-0.521031532328932,-0.412310278048246,0.392164356689047,1.38781069921626,-1.95914840970947,-0.445498620405978,-2.35794720974196,0.344256780594353,-1.75583792224423,0.973389392137824,-1.04496570424457,-0.358712348698382,1.67431931268741
9,1,15,32,0.00165045414657816,0.589275517499086,-1.20458460859475,1.20232987957046,-0.0595836720448956,-0.127091955562486,0.400853718999784,0.0710762912102915,-1.87933399342869,3.61574757618269,-2.09916353924028,-0.587856041597126,1.21778653722439,1.82482346159582,0.344699070299952,-0.683476112874648,-0.717325432284173,2.75713424694468,-1.01392149851675,-0.209915129917407,-0.446449248038638,2.89432945334858,-0.684405807687032,0.387229214557774,1.24493270122595,0.586179118360705,0.865184886384767,-0.525310536836524,-1.5071833553805,1.83532659958071,1.09979587956202,3.12483391256829,-0.434174478605316,-1.03102669444688,0.319160430405358,2.21217331041882,0.993916729191618,-1.04250158817927,-1.2955155217407,0.731429955734753,1.43939333441825,1.4479576268529,-0.601487508499674,0.8679768927479,-0.557617601245095,1.38072071478866,0.0435810646577065,0.134982901824684,1.65105497713091,-0.188269351356203,-0.0268925688443868,1.50900296976609,0.277917459558654,-0.10253204993321,0.159744330047733,1.08108108408245,-1.05457824308234,2.03894253166571,1.01918344556318,0.909561861908842,-2.71993619957789,-0.329065861028473,-1.32410134820162,-1.60870287657199,-1.23418765254262
9,1,15,32,0.000367782572282649,-0.0283972037791444,0.878208827355541,1.164438589383,-0.622050952466407,-0.403607204826671,0.260200173503136,0.226777516102153,-0.136670776403027,0.866758032960619,0.216629372077711,-4.86168575726435,0.941419694257508,1.81526128084975,0.730246302650677,-0.695931886099172,0.579354250370674,-0.0400036616030673,0.433175490066619,-0.173981604126426,1.45315057054432,-1.74834401326791,-1.48360619192483,0.138455195872322,-0.397745532292726,1.76242634206932,0.24713299784609,-1.02367429385064,0.969923774178709,-0.268584270053985,1.50182618743954,-1.38070903956411,-0.487274414379451,0.14326037637619,0.765540799474427,0.537402019317757,-0.0820907006780735,-1.97482218318656,0.754441414344898,-2.48716871148582,-0.331760256308191,0.782591623983452,2.03854693459409,-0.162865041607357,-2.52535036476997,-2.22888058900669,0.40545557768478,-1.62688459633401,-1.88438901198671,1.1715182008289,-1.96510359627037,-0.546901903866487,0.356233596891258,0.11784631787473,-0.566728120905885,4.79056400166361,-0.478098935080906,-1.50390487033016,-0.880192511468143,-0.172333093734377,-0.946437167106148,0.554690939776904,1.22807718663137,0.582247193972341,0.0320214305293282
9,1,15,32,4.80223052101714e-07,0.411492071603995,0.301123545315987,-0.721781732201797,1.67554607569089,1.08647077603517,0.931198056173686,-1.09440350296498,-0.882909957821541,-0.0526105543972603,1.23598145700009,1.08219726182664,-0.52228529006482,0.428722860071165,0.275173842125315,-0.996447154996249,0.423795463283415,1.38182387352768,-1.50694220445834,1.56303603530417,1.42667395036318,0.840318165561165,-0.538069590791086,0.135805562346616,-1.37037229854737,1.06266480918408,-2.48326095053362,-0.720523714320257,1.06464885081593,-0.778213409372458,-1.92038076934057,-1.39976304476796,0.443706506418674,0.996415254789724,-0.493292537948904,2.1014136099767,-1.33200363612168,-0.39622620525454,0.571066943614335,1.44128403809354,-1.32657186960529,-0.881528499415968,0.437713744844275,3.2703564472545,1.51702014844683,-0.59609009533947,2.28339689660113,1.28933787408458,0.599618531162918,-0.122751924101026,0.805954218293163,0.0738606343217951,0.219267464204791,2.05466517565854,1.20597058996912,0.14984944896899,1.25851674072981,0.211315579077808,-1.54711999848497,-0.724331977404158,-1.27802186747156,-0.654507901841066,-0.299249546544912,-1.53838550967649,-0.276254856789308
9,1,15,32,1.92800103173685e-05,0.345618797337936,1.85483331382897,-0.559830896717439,-0.29256823986429,0.597351800691543,0.366496876589446,-1.26409985622103,-0.476032680890466,-0.466357377817364,0.867318679974517,-1.48417405854791,-1.20413005558876,0.302431525703297,1.46146778496015,-0.505787533437277,-1.3066687759815,-1.58790384391344,1.22279308179736,0.497342322255273,1.27625855208143,-0.577825868529561,-0.48982232093246,1.34294647415053,3.51947682243007,-0.0278999593109367,-0.814272267356969,-1.31837182832179,1.01891939730565,-0.0146751566909831,-0.936178360233782,1.77153624503922,0.757534149946837,0.138018622681818,-0.217085825599004,-0.756621620086481,-0.689198067899841,-1.79470602762881,2.29668754251598,0.696292724818047,1.18217305983095,-0.639074002618076,1.40893016810151,-0.33643629101778,-3.28585337661285,1.68769383603435,0.472092126220723,-0.711965394669665,-1.49447460140225,-1.13326306442246,0.0596134209599548,0.256303512962071,-0.355046770885836,0.392344809672971,0.849498300513549,1.56947782643196,-1.23009446780305,0.172960537931635,0.316948709001679,1.01153469783401,-0.175799637912614,1.04805774593677,1.10989946596309,-1.70266682257299,0.645757886657242
9,1,15,32,0.00163929856674017,1.602871385815,-1.54396983617733,1.20681939668479,-0.184462157633482,-0.289597478291602,0.616329655151217,0.0537950956243001,0.658184367709852,0.876800330414394,-0.805381795311689,-3.60984292894609,-1.05837692774456,1.54222391415958,0.690579359643716,-2.32830620138679,1.17184042305244,0.259856689064062,0.913338031409781,-0.0570773583389741,0.469734407870744,1.00934468067512,0.0267441746532985,-0.649704925464196,-0.557831454169258,0.671320450363518,0.756519377635479,-0.583772534886788,-0.373588291714957,1.55511655307256,0.639898039525146,-2.08492736840475,-0.963717478323554,2.80867950800594,-1.83946116542667,0.711343435170171,0.999741192781,-0.652103390860055,0.029020908145524,-0.200080796451845,0.286595398495314,1.66369491429913,1.2150584471518,-0.344218703076994,0.698309987906947,0.71975800173324,-0.193157856954365,-1.42935782359822,-0.706229011259434,0.257875028678137,-3.56649205931555,-1.47787529065676,1.14419214807133,-0.0824100640147716,-0.0725746595554616,-1.077960256007,-0.209569338706969,-0.754008714496665,-0.53416185002232,-0.959901967156697,0.629175749393717,-0.119036315769719,0.271744129769818,-1.19727295928337,-1.27218365321172
9,1,15,32,1.95754213764276e-05,2.68599102468693,-0.167062095416482,1.18780089977536,0.991450445834747,-0.12897437252108,-0.945780475106222,0.906864391186619,-0.957795300680442,1.1176245519558,-0.531957862086048,-0.0838714965800891,-0.292491433029508,-0.626930324997205,0.88452085782422,-0.441162853057844,-0.699654489528229,-1.44274333077085,-1.60594427868363,-1.09461092164795,1.4909931537002,-1.02187156352292,0.327688399835443,0.828063155883091,0.620803957483184,-0.764332663861596,0.322200375811695,0.331893710705724,-0.738879004008858,0.0417282257063608,-0.824350113161207,0.292937205521612,0.0162343541534649,-0.538421994094999,0.509677854459891,-1.20529187166204,-0.443463963849857,0.715459460466024,0.442419946996489,-0.176610812187643,-1.06267077125344,1.15309455320749,-0.106597986280116,0.608806912005859,-0.212055913486183,1.30802375815836,-1.02170798027045,1.3568720971147,0.18518599369618,-1.0660051836307,0.435239599726442,1.48986769775286,-0.271419014006025,-0.099121162437971,0.501422554474168,0.675278865138294,-0.253980632940959,1.18984467149465,1.17149009050045,-0.698971553794089,-0.040395054884303,-0.283802825431715,-0.122303073922202,-1.06475062904781,-2.27800709770441
9,1,15,32,5.19957045053143e-06,0.686859179667375,-0.788605347547615,-0.77430605797025,1.24288869570557,2.18432739764095,0.286640336434936,-2.55403575419641,-0.831482455141054,-1.44636199527736,-0.412628026032963,0.711062785873367,1.30887357422948,-0.379449149955675,0.947602387074018,1.14127907168277,0.320565354048929,-0.0638688316009342,-1.41205716930673,-0.28907883931111,3.34558969468772,1.93660569440023,0.218785172567804,-3.04389458507895,-2.20570981765746,-0.915024468726516,-0.64407930720206,0.330524191479353,0.749511240656873,1.4330240218075,-1.18069173788094,0.0210054343923807,1.63942398700876,-0.0591494147844413,-0.19828328907507,-1.8356644912746,-0.927648853338976,-1.13440352730287,0.31116707904051,0.811414205077527,-0.787903308599694,-0.144290377407786,0.148865711705689,2.7901036377691,2.16812753955499,-1.00585894179309,-2.26759889461171,0.23744448704236,0.981846968437295,3.82087574926953,0.858922745524564,-0.252857361481601,-0.384566498809092,1.20950874591777,-0.364007749651862,-0.162216832324121,-0.749379080627146,-0.857914940575438,-0.019574448555979,-0.541388111402351,0.531675994959453,-0.0471262607587751,-0.106416049368087,0.945901823136108,0.878376737191303
9,1,15,32,3.04894772850117e-05,-0.229584398209311,0.840450684565641,0.977426423217695,-0.355344810233511,-0.846044839540079,1.43946909263311,1.69840390991415,-1.083064296242,0.790070911723843,0.183814674367558,0.428022370830171,-0.806256358227767,0.811143622162728,2.18301308830488,-1.31062140560212,-0.51456135763683,-0.0827733715256042,-0.354191668159982,1.9200711908633,0.60586861454242,2.31707442961124,3.25814907661408,0.376248145560999,0.170510146262112,0.467656129414832,0.0994440417093386,-2.25049421024333,0.189039515704427,0.405294665177285,0.251728818331945,1.28681847308833,-1.74278355147278,-2.14730203215407,-0.326335214103118,1.39470668573972,0.315953252699164,0.823567201736404,1.67394097599253,1.47791840453521,-0.862229620697102,-1.11914439422784,1.59345217370481,1.35834673809778,0.645903517964521,-1.28698826668666,-0.0570374299543767,0.474439309859948,1.60722460984056,0.965815580722735,0.696348679778106,0.280153182526064,-0.830581096668856,1.01292700574953,-0.112559661825217,0.0697807438409117,1.28009367261152,1.07376250456155,1.6992128941329,-0.549448424833241,1.05041812212345,0.300195550372288,-0.0770766095890863,0.443506665875407,-2.24710167263669
9,1,15,32,5.61388001135699e-05,0.927279599965379,-0.230403163907938,-1.31859052751556,-0.750663313710884,-0.776146978204388,1.82258725254876,-1.52581764791241,-1.32209964213058,-0.672247540217941,1.39531486818208,1.41196432954735,0.29923341985844,-1.15020941757182,-2.13158483447071,-0.809277093434345,0.158933381011737,0.682672561024377,0.541355239767344,-2.2183612020133,-1.53978185586925,1.50744806414336,0.176618131588048,2.491693576552,1.56776652793917,-0.269943624822912,-1.08967438864305,-0.266324047535247,3.5301805142889,-0.00595120610425598,0.574115304848829,2.09631896633693,0.149292195119641,0.694374353729134,0.90425697282934,-0.579810377769758,-0.937747182754152,-1.45703786291643,-0.233160352921686,0.57515550577443,1.87867321060318,-0.560006295543084,0.736282468164736,0.588322156929824,-0.0239891483988203,-0.849793986563313,-0.590844630422398,0.134691245663524,1.09650834969172,-2.04348401671289,0.0810995604888861,0.301485442883684,2.11823920901986,-1.88152643314092,-0.353196663053632,-0.110244518619772,1.37535996053051,0.791970241937276,0.53837906504957,0.58035685836604,-0.852722528925918,1.56528111860183,2.43236243063936,3.14014141076147,-0.461733055703742
9,1,15,32,1.63887424277087e-05,-0.630429097154235,-1.33220472494274,-1.9175891202545,1.14889702062305,-0.203244523627045,-1.674947817758,-0.422029861996454,0.445189030989791,0.677434236306888,0.466632549317015,-0.634290818546074,-0.730365194131071,0.831581170152703,-0.254380304692821,-0.120689650048645,0.515855269145371,-0.425864134208071,-0.337528088117598,0.584262772662439,-0.43045447037854,-0.949162865560599,1.51702431591835,0.963559050510177,-0.0932260296764049,-0.198490429462391,0.624833737891708,-0.92672448771053,-0.151931734797873,-0.701691315183325,1.08957396420337,0.808713101527665,-0.0305006439510452,0.79194602019968,0.69935788661999,1.66080590540327,0.533881293138187,0.8893774663035,-0.485166322351274,-1.73120095649053,-0.672406658905192,0.698406024315028,0.624922654652678,1.00131421469422,0.721960271104137,0.670681280096898,-0.798426399368961,-1.16391514893214,1.63998771428203,-0.037110771508775,-0.104404905719339,-0.198813594467734,0.547783088016902,0.797027022392641,-0.408011682395994,0.796644889144334,0.0961781531265926,-1.03921376750741,-0.651866798840422,-1.7696463056442,0.575592340003056,4.43906366410334,-1.10587220818642,0.319960502073985,-0.113152657151965
9,1,15,32,0.00169340787372363,0.378657178308585,0.0876333868298276,-1.66152563403581,1.78904006928916,0.591911984917481,-0.837513741002352,-1.07666600528152,1.52772857183896,1.39647110340536,-0.503876567383603,-0.111642534303003,0.107810828334059,-0.851811324227374,0.195285427106005,-0.376159488959325,-0.215788763389931,0.693248628784579,0.190952156001715,0.937033158925043,-1.07192447996191,0.862538136262867,0.587498967174665,-1.33265776946674,-1.89274537325407,-0.626605852004122,-1.53647172959457,1.46054369950149,-1.12136220180844,-1.05309424463538,-2.07653356075737,-1.92889316388649,-0.520364474588213,-0.712169954949387,0.859768941051022,0.780341980860773,1.24326122145351,-0.0629133697109012,-2.3684066494173,-0.304128202455773,-0.218802217369239,1.37140305613398,-0.351707881667104,-1.17786790009677,-0.120778417298213,-0.402902407818459,0.732937181249887,0.330921670517546,1.76136580114068,-2.33383615453236,-1.69118920202363,-1.79685483052637,0.785610271903084,1.23180872854633,-0.838799490256801,-0.22469508086513,0.723497581154669,0.296674193845284,-2.64311627534153,2.13336378407944,0.869470294600278,-0.859544571106969,0.563712067318596,-0.0712126605480079,0.187344094796218
9,1,15,32,0.000177643023180019,-0.596680892214162,-0.933095375074883,1.19913240083727,-1.03891298455647,-0.563244841576058,1.57008585539905,-1.12637253126221,-1.43520711273479,0.0945551905369721,-0.932143490070758,-0.0304754260335304,0.629236906545674,0.0931769025818647,-1.44691265764271,-1.36081479016476,-1.94084037992862,0.888375425147538,0.276604934767636,0.378125672625766,0.759712259471824,-1.22728694596857,-0.207495612648357,-0.905602602362285,0.359261334007249,-0.236908225243581,0.74688012182551,-1.97596453343069,1.44708618975543,1.17835486638815,0.085706374875652,-2.2352134443798,1.5723231039497,-1.06703188968529,-0.411519047715481,0.0768479818451033,0.108555478276844,0.724826300824548,-1.79004829329503,-0.820912971546016,-1.20336862613337,1.1707329241885,0.931615982954819,1.42250075005719,-1.98086096352998,0.065968533709998,-0.819425355860158,-2.28508474297593,-1.4264590646675,0.471507578907867,-1.30081967813906,0.938809067034124,0.228125570029058,0.986059880041193,-1.65381152758503,0.130785722291747,0.453119585776634,1.53170045006118,0.0995730919602156,-1.94817464099173,-0.452140544255529,-0.43479762977275,0.532135225264654,-0.829149620636428,-1.11486446232785
9,1,15,32,2.57407863931691e-05,-0.233144520681053,-1.03079827743476,-1.51097106363047,0.664660794414193,0.321866616551407,-0.37766546918045,-0.385055433172729,0.989885517744184,1.59862120593474,-2.50969124793228,-0.096274821250767,0.211273502954862,1.44057014778549,1.12029913245736,-1.03385335102827,0.697165004962227,1.74496202370285,-1.44203104596042,-0.396293747236548,-2.83134213851532,0.369060104381603,1.02905076629974,2.07683641414714,1.84527595579911,-0.241361069999611,0.400915509168284,-0.370689844816727,-0.749960197297857,-0.477501362560762,-0.922200995802268,1.17576508877197,-1.8679492758142,0.782066379689179,-0.257951688276667,-1.67185234931238,2.20133460156086,0.832155121040831,-0.344821428854732,-2.32304373306106,2.79492359492679,0.706773877138307,-0.334758154593509,1.29638371534538,0.35490485815209,-0.108721400829551,0.384888026602058,0.938743311704888,-0.952844972123469,-0.237226308674022,1.24287243030997,0.8196015828441,-0.435141034676837,1.68527317662031,1.32144355861309,0.838724303690518,-0.5117544045066,-0.331730417155443,1.30752835498776,-1.42354273081792,0.484951379988077,-0.616642521056472,0.0792850968661381,2.0633366630515,0.684326387110938
9,1,15,32,1.50817275259563e-05,0.680867320813038,-0.3328934626173,-1.28285778488992,1.8278432538528,-0.632594120567919,-0.242869229944804,2.18900522062015,0.18618449887664,0.621332192994004,0.110050228949479,-0.0489941499227111,0.589205637450377,1.56183814513308,-2.12943677027867,1.22414368835377,-0.70149946104671,0.0623909289943832,-0.509345492212225,1.19471794597116,-1.04471807843943,0.724688025677817,0.511096147254757,-0.535183741316844,-1.53749229721337,1.65821174025814,0.796928953068893,-2.18989724516775,0.229575243734774,0.784052561487668,0.845305174370904,-0.898929231727653,0.36020221122157,0.548417937494397,-0.386053191311646,0.447506346714994,-1.54628221196403,1.270150711159,0.353875330661031,-0.640685060459062,-0.208368705751075,0.283857776145713,0.21896787378597,0.0806918010137044,-0.998174586569483,0.0967847524743635,0.430938178519085,-0.0804285908087734,1.92089128722989,0.82352677170851,-0.236083598122935,0.860753634396801,0.123948400810617,-1.2008165200642,0.143235363445553,0.675693900117931,-1.34564926250553,-1.36921921191158,-1.48036910772078,-0.155742958161399,0.942165327134201,-0.327140561697281,-1.33326789606757,-0.756277140757742,-1.62342090214992
9,1,15,32,9.30150724688383e-05,-2.62192370513058,-0.816276006423834,0.544552023156359,0.607328432998404,-0.325053125737459,-0.111819142802136,-0.966050808800667,-1.94485859554098,0.93763935136063,0.511441340229895,-1.52343636170459,2.99814727281532,2.56919567419658,2.07692890084377,-1.98192121105578,0.970160558626265,0.094591262613023,-0.587439434960289,-0.801128764357453,-0.387327133865276,1.09096968739097,1.19499346223659,-1.3698004898376,-3.17286901307673,-0.692581191313623,3.74347736949014,-3.48082451261332,0.650867518798674,-0.970888549983893,-1.34946383838319,-0.534562510551373,1.32501540426795,-1.69223171887485,1.12876676432648,-0.219857993482552,2.41027638915101,-1.91372509046395,-0.983660255197366,1.2476479584043,-0.075748540621414,-0.363476267063865,-0.273504854745302,-0.974012114242017,-0.39331246053712,0.734572043228451,-0.382414995017161,-1.49498993890979,-0.359678482913768,0.223938253440929,-0.0809312072539257,1.38297799947866,0.0613608390716183,0.53068970081754,-0.46292486786001,2.32270557416093,0.657288094066353,0.584447617558804,-0.274668307397971,-1.56811818228241,0.190730524134218,4.16529978637614,0.945923545025949,0.991643816349843,0.635102405583311
9,1,15,32,1.79337980465988e-07,-0.842481269137151,-1.63755606860878,0.139353903402553,1.61424745499372,-0.0400744169197413,-0.477869272183886,-0.812707444914884,-0.0494566739977638,-1.11828967563031,-0.443643899435866,-0.597700214180994,-0.117410022690787,1.22261818140902,1.07175345474611,0.285490622562644,0.913116384086225,-3.98854494236055,1.61324421254927,-0.936876988949449,0.860460818132112,1.65964884763101,0.52628531016146,-1.37738987723278,-0.124158529733318,0.853531535002259,-0.628567137891366,-0.442122460217168,-0.523991465385688,0.341312194097898,0.81613403761685,0.184441778396603,4.05851401489091,1.41218043258801,-0.325134107029177,0.513123640246011,0.489259895318617,-1.18096708095145,-0.499672518218987,-1.5218923629844,1.24193919461856,-0.490540832803722,-0.324169141225032,1.55833963554032,0.61463733406769,0.246247311340276,-0.0353480429576841,-1.40700777151528,0.70328543709122,-0.121026003792545,0.386517940784727,-2.04697405164738,-0.53667703734233,-1.12828623280698,-2.73436719757121,2.29182778980973,-0.921331124381622,-1.03459946456706,0.687252460000331,-0.856016672419792,0.947024747182931,-0.34496629556175,-1.53365879839995,0.811818316269269,0.100887323430461
9,1,15,32,1.15121103427818e-07,-0.0770405404230555,-0.2684454820945,-0.1079797909359,-1.67946746961295,-0.520009394986523,1.08456982883731,0.389101258640218,1.95068718419896,-0.737184137716766,1.16775707954464,-0.362351361345993,0.195184458199539,0.240813716598279,0.958520979557897,-0.472888920532268,-1.25787385457892,0.36792745789664,-0.897145765934268,-0.400602346979421,0.334656546121802,0.402662140683077,-1.70375320922229,0.105993663012927,1.40727735411722,-1.91383155062546,-0.620867375514577,2.82051561459899,-0.604011940067487,-0.0155023581163238,0.857225841578337,-0.484444180153703,0.88376302078159,0.837262186244688,-1.02686037652268,-0.623954344137229,2.21869111487581,0.617218376470897,-1.81037865850852,1.93811052793802,-0.391095272495811,-0.236026693745835,-0.213257957673844,0.101801439094308,2.18055490197785,1.54104787405903,-0.313193769489118,-1.12317596108795,0.1681331875598,1.08082947941866,1.79536414724685,-1.11184811364466,1.31465718778938,1.47189138262231,-0.4649003431243,1.39124894689634,-0.117745284955172,-0.319318486152895,-0.261890558737703,0.877923392508794,-0.434862965605977,0.701749411084215,0.0935657193780864,0.439093689345921,0.523596186752932
9,1,15,32,0.000376967301621844,-1.84287769576711,0.341768692841927,-0.355997327516246,-0.51443771167492,-2.45406865829127,-0.412854179820739,-1.08385251645371,-0.706978442706457,0.744480451768865,-2.46226112353526,-0.56181272224724,-0.739751128911559,2.16733651576476,0.896790873867241,-0.161460520100372,-0.247474751554916,-0.237944706810904,-0.828603705563202,-0.96941308433407,2.07066041361883,-0.7724493252335,0.764605341371954,3.30320836660069,-0.151484470037341,-1.52378334123544,1.50724746147171,-1.0614632762591,-0.761137729544125,1.33948519541007,-0.396605641528972,0.39412267887645,-0.777986925922986,-2.51178294664408,3.52849280700094,0.583612657627423,0.228394794078937,-1.22566288214981,-0.0214299689564491,2.26202613159608,-1.1007705832069,1.99588803990752,-1.40361046305261,-0.170987340769412,0.459618212063746,-0.965850454893583,0.110234259686983,1.14512339482675,-0.769729494422766,-0.651701497500505,0.742639352747415,-0.272395969977302,-0.778596493324281,0.95903244310158,0.0412711179688953,0.398482666716804,0.309749269650299,-0.295472576056474,1.06698265406009,-0.991579895206428,-0.512921807299502,0.924266413671439,-0.0522118166076145,-1.80209205528264,2.32852415058233
9,1,15,32,3.6167300803136e-06,0.180654150731467,-0.662740184697256,0.444071886313627,0.105154439767102,-0.654546385473865,-1.18605796170006,0.784379619262661,0.0531145175429345,-2.03256468877529,-0.82559751624538,0.864002809703177,1.70641854021893,-1.03565948507143,1.73273909069007,0.08172932298449,-1.27427596306817,0.498451110750192,0.598863977561679,1.8812106304491,0.140602142258922,-1.01813543573489,0.670412317933442,-0.340601550160793,0.355110971852189,1.37860428459703,-0.670739029963356,0.527786392476435,-0.0420288052955339,0.813124542262676,-0.960234745514213,-0.356294575240954,-0.869593421049605,-0.511909305298629,-0.3971756798166,0.41944567907342,1.23208866902486,-0.480606326006963,-1.32301040143115,-0.274041605957469,-0.389446375486304,0.191287179012829,1.14415604185171,-0.44419262835037,-0.457521759883332,-1.17057172570631,0.597307633476409,0.396542733162058,0.0704240471733255,1.73164472231054,-1.26813537147394,1.32372476031183,0.812461484755456,0.311027566129314,-0.00897105307213738,-1.98070461288089,1.24590411156323,-1.12429270743438,-0.119562563683005,-0.308184811452611,0.34319395845129,-0.761426717104588,-0.94768521227516,-1.44841607389864,-0.138384125072691
9,1,15,32,2.10739636803403e-05,3.14536929144411,-2.16557984117413,-0.897248375266458,1.51072609172025,1.2019675445218,0.720231791895992,1.10044036057218,2.62057015704257,-2.38732978790831,-3.76402062690372,-0.978702026464143,-0.522807629162784,-0.00750009617232712,-0.0971629417420495,2.44312688933185,-0.619467556320441,1.3597249234011,-0.969910603862391,0.963795287292587,0.626249414224787,1.96942029089049,-1.25000726105853,0.734623230226391,0.963803086487415,1.31374456709166,-0.750075012653525,-1.00545663216373,-0.642271134295872,0.321589078226371,0.357038071467532,1.55513696795226,-0.843066272507888,-0.192463258085267,3.25821754812075,1.05968232748658,-1.44840901335458,-0.513164829154084,-0.976661145485839,0.275865201729379,1.05664141702002,1.00696726543055,0.844464211413752,0.965828672565896,1.04774079554315,0.457514548268773,0.0263194368569552,1.25801684693905,-0.48154785570311,-1.52780436501256,-0.546909642369116,-0.250907605375342,-1.22502378627119,-0.907087661710018,-0.737673652491368,-0.558795756137904,0.35735586655117,-0.289506979140947,-1.62242727601308,-1.93045194173756,1.15727771885463,0.885667757633797,1.48943067915248,-1.04913875098828,1.41778526782079
9,1,15,32,0.000523737420627501,1.50043748783546,0.333087282144516,-1.07064882380487,1.91403185757501,-0.899037661788053,-0.281565892505116,1.55939885375548,0.524626476521391,-0.857590035696107,-0.0179652115830093,-0.993650569964523,0.311565358614613,0.634926944861984,0.567626081560495,-0.189238548387823,1.62337046718268,-1.05740370540115,0.508446234087111,3.32528533451085,1.05461642972402,-0.583515439343931,-0.861613140123663,2.17173477406732,0.0679559577187224,0.0494060341460412,0.0156103105123048,-1.4271341539227,-0.621219536231344,0.428646318011705,-0.0129150956410366,-1.5428885942376,1.62001252156634,1.25292723794263,0.912474227909119,2.20184228568852,-0.523336380112717,-1.83107708933655,-0.242827355395456,0.662627416387756,1.43653721758021,1.33503748222368,-0.303757970935418,0.203644990905785,-0.285209363177103,-0.849450428713656,0.181748525613828,-0.182136382299816,1.0624859462576,-0.0360911717407914,-1.01709131112142,-0.422706309864711,-0.430742237395809,0.706851539987312,-1.80318401978619,0.127864531318587,-0.100105907180081,-0.571572389816899,-2.1605502240608,0.853542889977401,1.39042500871406,-1.03179035400557,0.175368679299626,-0.266046577653773,-0.21935367126286
9,1,15,32,0.000154708946931037,-1.68578891626939,-0.34204928340555,-2.07623426397107,0.506968146217029,-0.563070943969864,0.0971103069970818,-1.74379562146128,-1.778278674599,-2.23331819241367,0.0528343795916461,0.484896678904459,-0.227628195639711,0.424110085717718,-0.671081699118704,-0.927451900234472,1.21071427005186,0.0175810088655098,-0.0418768441627729,4.57940862749581,0.611369467753997,2.39139603872305,1.29759237882371,1.92853629612141,-0.217175140515683,0.828376722340009,-0.143802726185573,0.0596223134895577,-0.469817232904979,1.18080694751948,-1.69555087444309,1.25323927761098,0.011878569457922,-0.862291361871957,-3.8387045173392,-0.4830425950544,-0.0722735516683172,-2.20294567218772,0.293781975164499,-0.637933795070791,1.84782975884525,0.936576791217053,-0.3442214594159,-0.211538667912744,-0.171171617347815,1.84698159428696,-0.727657039643028,0.297001384272861,2.05504148855212,-0.601292187834946,0.0273503610954751,0.169762373115816,-0.480274071848839,-1.45665189197229,2.15026155270714,0.0652765287845951,1.48404732800433,2.35137430987102,0.394945986179677,-0.709175825668851,-0.648313084314505,-0.101134573611453,0.462427280540508,-1.7985883266264,1.83822866685828
9,1,15,32,5.29794373205217e-05,-0.339132590964243,1.40685863018763,1.25732899807016,-0.847868311136791,-1.267198224373,-1.25304950610661,1.5941245724369,0.462513358753242,0.232447750872197,1.23219491417439,-0.348041833407548,-0.918193961479129,-1.10703778040209,0.307118537581222,-0.269365639709522,-0.526985529800341,-1.10949814787849,0.896025231020063,0.903837022304313,-0.819541633010675,-2.09767390404712,1.22224091187519,-0.871589811653572,1.39261844416074,-0.0715410576570016,0.204221025764888,0.0318464282265217,-0.464760401034292,0.36542042739258,-1.21963652034455,0.803588352278662,1.11009573112292,-2.17189196138696,0.293806334999173,0.681282491581454,0.991848597844596,-0.408779863321943,0.673836726393668,-2.12751401887713,1.88152821888783,-1.63084127355581,-1.38921453241009,0.226524309893482,-0.442763228692668,-0.636051385107745,0.959336666337035,0.77164152026111,0.920144633082289,-2.18648483548916,0.15845746821913,1.36725302780359,-0.971103449960219,-0.443176279478381,-1.926681437646,-0.619652020015577,-0.193051954807937,-0.169399636504246,0.852738418354765,-0.904847777073416,-0.386075447589549,-1.81809757174489,-0.483740631451869,-0.0351457896118207,-1.02747667548954
9,1,15,32,5.03441212429401e-06,1.68697439321325,-0.810688485270216,2.56920472514589,-1.02791437572704,-1.89615629505398,-2.12201461194578,2.64101938827998,0.799948079266328,-0.281768702105937,0.654666800007255,-0.129877024768676,1.50372965780785,-0.0927323602180687,1.27707638669175,-1.17488645135603,0.918529912505675,-0.0126514029316553,-0.446398901653472,-0.491279528276074,-0.193213569469534,-1.20007774656479,0.918364211088227,0.568056399011662,-0.200477003740703,-1.50860467725692,-1.6538065865974,2.19376084660136,-0.102453490292626,-1.3758894141354,1.96248967620963,-0.24955733998687,-1.10584809374826,0.480005395213084,0.0163058633256437,0.58543210487119,-0.304413464587009,-0.206925164358992,-0.580180506041894,0.97987191830703,1.37972711179623,0.420686525059763,0.918490381895676,1.0270765166044,-0.599278602825035,1.05267969224768,-1.18661816320474,-1.80975425172446,0.436647203300928,-0.196961611855339,0.662144451815374,-1.15007238481401,-1.32700529100698,-0.901744858131245,-0.847851065319155,2.54806382131083,0.531872214215512,0.448978279415531,-0.803104070691842,-3.44391130512582,-1.04685974906352,-1.54008409877492,-0.505980855913558,1.71204669002323,-0.747368257630964
9,1,15,32,0.000317954066704651,-1.14905781376138,-0.401437340627098,-3.36949067675417,0.622405261017935,-0.688121052827977,-0.653268122883365,-0.258257207256545,-0.600016954264582,-0.378636186849104,0.508988281652666,-0.360663290966139,2.4973737132459,-2.36727203278971,0.69049188841538,-0.151627865381502,-0.389022607227431,-0.504698970618646,-0.937740832162104,-1.06977357552292,0.690542889793804,-0.998991010322649,-1.11581473875542,0.485866806875872,-0.843033368861801,-0.621384382209901,1.35572710523007,0.552859007409855,0.477406768440015,-1.18650361035923,0.277108320086784,-0.229637429001933,0.773062422000773,0.115508282650684,0.109936760894329,-1.18273477009748,-1.38274583556122,1.36519681780229,-0.529657117576438,-0.514322847732567,0.470427915757511,0.662462807582134,-0.962186476354392,3.52380273897702,1.06415062091313,0.0297249108051168,-0.841481170163341,0.178941771545087,1.00740852487568,0.824130962981051,1.90381008969558,-0.237305161731447,-0.284589029913123,-1.90791346250108,-0.307918647484813,0.0523277480196155,0.477830050900068,0.4540371218067,0.142563184492909,-0.199150306006956,0.347135736187057,1.08284932697673,0.0388795094763643,-1.43017929363502,-2.51555387872699
9,1,15,32,0.000160624642671636,0.96558378183939,1.1695265378793,2.21300375747456,2.58837999683322,-0.783084403962435,-0.398965745607848,-2.62128784299417,-2.0276397377843,-0.525079220394783,2.65095791306765,-0.219449927498965,-0.100891001892182,-0.806685540869381,-0.586784471713326,-1.90554548807696,0.990113580818233,0.335112416185669,0.441222982363528,-0.222762924692576,0.405665560896339,2.65780783345678,0.0834910893728002,1.2664556193105,-1.41538405134683,0.987814079571207,-0.660551155816947,0.867151590365123,-1.73197854094746,1.38359927349038,-0.0297725074169379,-0.696702086551483,-0.422161216797754,0.522758259108776,0.675280775900797,0.607263120582665,-0.0377163006188812,-0.137500469031006,-1.13569886618386,1.45714079245297,0.885725409754863,-0.731365798732466,0.126285622875671,0.204342108772975,0.202298833085536,1.24219265963424,-0.359777742725585,-0.0208300055106201,0.226949067651619,2.23989504409187,1.36941207875503,-1.57646282902987,-0.54505621985609,0.92696490164022,-0.0250972179602446,0.138676339187307,0.775263576693791,-0.145859578926404,-0.869603617857407,2.38579671604584,-2.02907699857616,-0.127543568862624,-0.655630929237228,2.07596211080753,-0.939035186143096
9,1,15,32,0.000582616758153631,0.307344710929838,2.85954671438337,-0.739704567395872,-0.494636083825154,-1.15928460061065,-1.21955534942208,1.27729466037104,1.10807160079877,-0.334087358509953,-2.24214002776832,-0.244901328283738,-0.736840849849956,1.04738794345971,-0.246012466902365,-0.0375583982784418,-0.101838206001682,-1.4480822106535,-1.52203175819897,0.488174862449908,0.560874166212139,-0.273818135651119,-1.84356448523069,-1.26450671704415,-0.0978452080107799,-0.564885841633443,-3.660995954462,0.471505675020693,-0.402289727289219,1.19593842402548,-0.228255861973321,0.73290272406471,1.27394357867956,-0.794027999928885,-0.180956940437437,-0.890019843949786,2.75695634718055,1.32347360094721,-0.569404378959994,1.35331221084539,-0.61580643811873,-0.24225783959469,-0.0712296777118738,-1.28598288557426,-0.417071518244123,-0.327687764937277,0.1670746587611,0.2381335468746,0.0707284366643737,-0.131563920314564,-0.947127163177291,-0.577366624686436,0.209510966453632,0.883096083245593,-1.33914651274361,-1.06256432087998,0.220937016826755,0.841269014321402,1.57197580878595,1.65046200683187,-0.381713522398189,1.03583612499998,0.634540261764148,1.55140677517072,-0.119627013284088
9,1,15,32,5.50016680833654e-06,-1.35138718499657,2.72313017153827,0.372899589247678,-0.684560880280141,-0.0359876131459378,1.15284812771668,-0.840418238385634,-0.665823328748266,1.35473463449564,1.0143854412416,-0.400020268642435,2.88258367136404,0.174076486076649,-0.0839248044624872,0.854788403704607,0.771104233835012,-2.53750260130075,-0.560626604448132,-1.54206043620293,0.431913727412906,-0.845628831942786,-1.76673400136383,2.89772835588458,3.92014280081181,-0.207102628100833,-0.734490080354871,1.64583394827431,-1.51845302953395,-0.626980926146628,-1.20667711601003,-0.558351248389694,1.80291142028016,0.627823646046656,1.45200168256197,-1.05317977340756,-0.187832362298749,2.5004222617185,-0.0251803596131651,-1.49340810157599,-1.30538120146934,0.0391872472486852,0.215374141771123,1.17997522702847,-0.851858393384607,-1.43892071557033,1.13958846259179,0.0326271474312181,-2.19656769944568,-3.3742216620169,-0.153054913099832,0.612605146560062,1.09128073165151,0.25414855613534,-1.79646177184117,-0.0564774180563447,1.06279045284226,0.5421614468297,-2.35898056893614,0.462484574588987,2.52054562075136,-0.899377406108494,1.23013702331291,-0.258613683809585,-1.91507349143941
9,1,15,32,4.3584714347733e-05,-0.888903628782341,-0.59778924059161,0.171595440570054,-1.00500239921082,-1.2013353204568,-0.198718168428533,1.02680703948566,-1.68768319191244,0.704689177348789,1.14279023811184,-1.11284788433531,-0.122821281382496,-3.92743100417186,0.534553587620294,0.0135748848677643,1.81282437603395,0.114192915031626,1.00436733839207,-0.0218481458942331,-1.67980182275713,0.555975177219917,-1.3420937359067,-0.23650909646695,0.487221791492707,-0.217941600419051,-0.0384108010139344,-0.609422252381483,-0.848625778093661,0.230423732628579,0.00374663410987154,-0.00719720323893265,-1.4310225852631,-0.160049787026421,-1.5860893183096,1.1451528677465,0.197629366415505,0.0330867257363657,1.16122343985309,0.0315116937010517,0.381707042340145,-0.580368752205373,0.508334952673062,-0.859012828150291,0.92245904280064,-2.40608887965222,-1.13992829391186,-0.00917795867995082,0.992002710036235,0.980590590212337,0.410976252903884,-0.615367336390016,0.99047850829944,-1.43695188202523,-0.505077235949561,0.795167515177013,-2.02625293749519,-0.327707797486409,1.12527607456602,0.0348562878678558,-1.96412321403563,2.06374353457151,-0.168601925237325,1.6086182067476,0.919090905498245
9,1,15,32,0.000196097464231548,1.24058201188219,-0.707884918906204,-0.368531447294235,-0.0679161439195048,2.31074441689584,2.57070764796391,1.62224734337858,0.150410418618021,-1.43656829987251,-1.34403295775491,-1.48475545983961,-0.99333100127975,1.3349060108615,-0.744684608651194,-1.04337791935453,-0.966883813905332,-0.651749888377046,1.13877104335352,1.93428194903792,1.73703611750117,-2.65013780312272,-2.22978348953004,-0.993194016504826,-1.74345309793852,-0.843820432799853,1.09831401120153,-0.805822579168133,0.215957634742735,0.0250082995877784,-0.883337492561653,0.906533104074716,-0.561872412997366,-0.147620162906583,0.127830999404518,-0.757748299610952,-2.52096908378336,-1.03469581279105,0.673741255204521,0.709439296729874,1.35855120622736,1.04325832038144,1.08143922413564,0.225162245953338,-1.80793951043054,-0.499568019195121,0.238114348486389,1.47395039000642,-0.0850165708255252,-0.49931972843177,-1.25376829365239,-0.318329202789548,-0.166108189039516,-0.650267084942048,0.597390835813579,-2.67380149057671,0.697563969664497,0.246462360923776,-1.8838663661043,-0.391172857519556,-0.652173669541199,-1.11485965986917,0.292652082365748,-0.908080737494253,-1.27461881255051
9,1,15,32,0.000402674405725612,0.850922497943949,-0.319237468176109,-1.95241863621358,-1.7631932650777,0.418571584153357,-0.271650328417767,1.01465961019654,-0.834334186477607,-1.37466423924038,1.57828846445201,-0.792020990407389,1.62871092459423,1.63544905170889,-0.768820054604636,1.86340156302902,-0.803834371783847,-0.525774866979423,-2.11094652955797,-0.68042062394941,0.0091351571872824,0.268922876923724,-0.436798665290268,0.0277841317651074,-1.10629930547135,0.0800615595074853,-0.61647569098525,0.400114647420851,2.46828722509251,2.13458301261607,0.27060976670651,0.840200599756224,2.62732212776493,0.780360916163154,0.431618039589921,1.67244470565205,-0.31291055788941,0.0812869817384495,0.911861513897032,-0.406642341848539,-1.1029513185979,0.195769146940523,1.01793418805222,0.936768302828226,-0.361442770512945,-1.08592960259275,-1.02589327315487,-2.5577165307431,0.889706816071703,1.7543752504204,0.0547494258835727,-0.293208645543275,-0.818061659298593,-0.75023384199689,1.26318513730701,-1.28726315146348,-0.523383097595756,0.956389925008587,-1.90082805839371,-0.801478497666502,2.43290976746332,1.70062121726282,1.84129684526672,-0.593567988521269,-0.280714782924961
9,1,15,32,0.000153251292628442,1.20839724468275,-1.1434095561451,2.35172930792044,-0.0156130231893184,-0.892186169964494,-1.36635756746779,0.586260222982368,0.704676799093128,0.313997024488211,1.39102051509962,-0.999008725368019,-0.251911485603464,0.380697092990817,0.0802291154024377,-0.376836758841777,0.521181318113108,-1.09680518426897,-1.56151047018964,-0.532806348604244,2.65778279798864,0.0326270228908376,-0.536626948632594,-0.0651266401928879,-0.261835239535032,-0.480319842501799,0.39943142838555,0.296710966714981,0.754738568562901,-1.51645449806579,-0.0609314263174151,-0.68587764086682,0.959728625297018,-3.1874951796748,-0.926454114879219,0.228755264287164,-2.17396221667939,-1.56730778073401,0.298298140826437,-0.585520238933824,-0.329270190069893,0.061326381055691,0.177676160921125,0.762147681518238,-0.439277556823248,-1.23608845591401,0.73623086785128,1.25294244995771,1.88826570955187,-1.3349767918713,-1.13688648220104,0.397594155933936,0.536299750873033,-0.712506294650847,-1.9874861563562,0.990355251375928,4.60037810055321,-3.37397676736154,1.13870730483019,3.82530417299362,-1.21267031865468,2.11313720209553,-1.643238439482,-0.426472983905096,0.612040748891609
9,1,15,32,1.80051953410088e-05,-0.12998527950195,-2.36269705095121,0.605778159213177,1.72071210714832,-0.733579305061102,0.065257451487353,-1.03337265616516,-0.806244982081828,1.46274825269568,1.79941095320452,-0.380411470088659,0.0695648355167853,-1.12061882576116,1.08472135695135,0.049492293824625,-0.315802086439302,-0.631286222902549,-1.51542738422769,0.057653387456347,-0.467296687795477,0.0579902896656037,0.68679024809027,1.25777283141037,-0.462663055244279,0.596276355503887,-0.11595046567141,0.699806646889211,0.592917961472387,-0.447688644832279,-0.544458983096533,-0.968753150032466,0.326032824740487,0.603217492776507,2.72275921578436,-1.32069860166645,-0.931363439345328,-0.0249210488898555,-0.91047178686472,-0.31315770585091,-0.13220538302589,-0.0197611618316667,0.343927985100408,-0.525341054483165,-2.12420897146274,1.49298902685015,-1.18747108924326,-0.0495659503592083,-0.781610161683368,-0.187074781629883,0.30324644290749,0.875485648153762,-3.17716196612779,-0.791478049582349,-0.520918441963778,-0.472403409986349,-0.407394353515497,-0.403899652184648,0.792965176888686,-1.38759798237133,-0.17806495557831,0.0718753743972701,-1.75007682966238,-0.171405221171218,-0.546266094907709
9,1,15,32,8.54680695572263e-06,-0.221591636007207,4.40963051220421,0.0793527240150408,-1.72624553445169,-0.252597323454497,0.407724113345001,-0.946036787641703,-1.20007903722528,0.580015778757925,0.883824857708266,2.68105716542927,0.392757034019531,0.994716948302538,-0.434035918391956,2.62535040734632,0.672221617980988,2.09682292803368,-0.156424337940402,0.32973949135199,0.700702412677605,-0.322463359495293,0.101436150387496,-0.206710876752432,0.399505301609922,-1.07768192679092,-1.48042904046744,0.774506453617735,1.88187142118211,-0.253307540934313,2.34382666146642,0.332907123962858,-1.53878537877682,-1.78249653761178,-1.05029963487718,-1.9612528667255,-3.29127082917317,1.74180928786638,-0.695721247542023,-1.75075164410181,-1.18769046591187,0.681919448945853,0.990727424532218,1.31598133902854,0.496124194953206,-0.398440321221768,1.65448258175529,-1.42107093497658,-1.69581935415034,0.107247932864279,-1.08216813784607,-0.0215166930158011,0.713276599279357,-0.379428020296999,-0.606027584991434,0.132940712905381,0.249849694681545,0.861516904205601,0.621944089975466,-1.65576983867574,-2.38784503293803,2.23925770208008,1.23777897499109,0.159449307793774,1.0703332629062
9,1,15,32,0.000145708644640363,2.02478032051064,-0.836902766849974,1.50987848654725,-0.324677096322771,-1.21139966272564,0.33865388671074,-0.966160621311431,-1.48678848794193,0.330185510556167,1.30775233915766,-0.0205801788647408,0.153476944891707,-2.59649575080114,0.79797923230675,-0.266619029139726,0.726433521757872,0.281137387532755,1.29684830416742,0.517337934123959,1.42368892730444,-1.34239552906673,1.89411576902249,0.467418294697713,-1.59745732777185,1.02874223429107,-0.182683742947177,-0.126719298098606,0.202158078911548,-0.284240335298716,0.597277947349924,-1.07908987610954,-0.00877046259273426,0.0920816541729087,-1.1798055612329,-0.0116073556275688,0.0562495967750608,0.207510116172932,0.143239002029998,-1.61989564412628,0.0364437378007211,-0.848236815580876,-2.50941702405975,0.767679021122644,1.51064766791936,-1.28979081743117,0.507579841459327,0.755788361561648,0.894559483667295,-1.47980935749713,-0.0628722930579082,0.524709437902256,0.502559707066271,-0.17262868233104,-3.56180585496415,-1.02498257094121,1.50438780908457,-2.4118751776294,-0.711095874898887,-0.965359313733064,1.54309713019706,0.125584775269771,-0.792411612995706,2.04311909037853,1.89029788590157
9,1,15,32,1.65056447043455e-06,0.330680541345536,-2.72753089809405,1.36865307470227,1.10855638258063,-1.41153458006847,-1.39980604353224,-0.457424888034784,-0.335811494208018,2.7336228945187,-0.347940380350854,-0.377862597333827,-0.468789494283427,-0.114345806295951,-0.787252641661008,0.801994512772475,0.193494228378102,1.86062384936727,0.225349708353855,-0.210969673622269,2.93418924555442,-0.169745376898372,-2.07722979717316,1.08214885858456,-0.183947705735397,0.480770039785587,0.602685140071955,-1.97723232142077,0.35871971411515,0.727292858860416,-1.16200938883797,-0.839045216441162,-0.036994605286299,2.8295390633253,0.430372755417809,0.339784868708379,0.881881741752907,-0.309690212931432,-0.0857924757158584,2.42810653930401,0.531483420818244,1.56038074936402,0.128253281749602,-1.21270961151132,1.69228244990703,0.807613435511758,-1.16968981543437,1.11254028560668,0.513992230465177,-1.42365436936242,0.904642779605531,0.239748805060644,1.39600974617455,2.35804305508431,-0.491878080005952,-1.7962078923345,0.145073965541326,-0.317799874703909,1.2062714911013,-1.48692373209974,0.03579433737183,0.35102684644777,-0.243369890981923,0.443446524344208,2.37308032845683
9,1,15,32,0.000123628810249965,-1.36084260854378,2.08124720034653,0.25794641213739,-1.47106415513617,-0.816942138833778,1.27929334918258,1.05552520384212,-0.0560320845826138,-1.49474368283493,0.786367020528539,1.5458336147754,-0.524498755029039,-3.14421801894154,2.78134230032523,-1.18829888491288,0.0632295493742901,1.13345435555121,0.275898535857861,-1.07112378524341,0.580867825661201,-0.0990672595651606,-0.940379370423385,-0.304853034880115,-1.44307946533554,-0.0918698542359448,1.17636429252226,1.20055508947995,0.675891898489556,-1.02021076833129,-0.0364732518466455,-0.0674434510810645,-2.28149437543364,0.78238763379489,0.465290521215404,-0.316318430325096,0.106840070017137,-0.620441851423935,-0.199504932469446,-0.014738063621279,-0.384784318136367,0.553752390915805,-0.897273277637767,1.73714006894046,1.8625608382743,-0.655075566769568,0.591931726404882,-0.229279929913555,-0.0129855206747196,-1.55421405123947,0.285740564399207,-3.79979106429919,-0.227713423242295,-1.0867866607161,-0.667624136387558,1.05773397073985,0.168040288317454,0.213068132684009,0.898327898583467,2.09030996999259,1.24634803361392,0.411486613462038,1.07298762561737,-0.907698150676921,0.747419082330404
9,1,15,32,1.41044413077829e-05,0.442405072961484,2.31017048428721,-0.9455587419216,1.05646675625688,0.198989905857658,0.758955519376617,-0.365188896406275,-2.46443957363591,-0.647519957767875,-0.945825135403493,0.0716273850322273,0.402979602081482,-1.72305981367443,-0.117757237976638,-1.55592680373624,-0.532146126828686,-0.388626294387872,-0.0736325737912108,-0.210437865357174,0.408827365394854,-1.42611284709861,-0.558357665465252,1.25854247154725,1.46007660649681,-0.654448522976021,-1.84045563378826,-0.0882587138399903,1.42376898522117,0.781070146122561,-0.6393991524884,-0.14832898248327,0.735462294454747,0.56230263822004,-1.65657989610559,-2.20011830823996,-0.77107117066152,0.836794439910825,0.355168037175406,-1.91562047983353,-2.90047350220581,-0.564673552646056,-0.146058320790715,0.982229872259812,-0.140845680775655,-1.53367250220157,-0.0121627635389857,1.21415165998171,-0.540739924329288,0.198396314041777,-0.823431320378548,1.21858659907044,1.3770210818491,0.695195072386256,-1.53888146807153,0.367911695753865,0.679569089647329,0.286477704904678,0.659613615713462,-0.151453666333146,-0.142547933592664,-0.875521703023928,0.901471831945551,-0.388799334038537,1.14110818827921
9,1,15,32,9.15843101433333e-05,1.03663942453501,1.31764052328061,0.900615426321133,0.619689908349727,-1.38865117850393,3.22013048632241,1.35869742443212,0.357394799504842,1.06564400165724,-0.731796833673627,0.766662208227521,-0.383282636634671,1.50984697852755,0.919223275696159,-0.708344034639695,0.497893193259486,-0.143814492857019,0.632955265589426,-1.61452129333386,0.636798063867165,1.7125467098105,0.815385361350541,-1.40199976914934,-1.39640504858364,-2.88045473632997,-1.53324968282398,0.201010620582571,0.190613591881938,0.8545941560425,-0.91394468232712,0.292796586387059,-1.3478819203601,0.200143075047512,-0.578363410312842,-1.7951476885525,-1.56703215012271,-0.178384714585885,-2.26501611041582,-0.166252875203718,3.55927376321781,0.523286076851221,-0.690034852749139,-0.128168712869042,1.45184857864521,1.59616368035731,-0.545174292336006,0.43332063708023,-1.14223400588715,0.459042066944168,0.565437812812982,0.960849582725681,-0.412668775180751,0.109314620965041,-0.170142187460671,-0.875758062868036,-1.63536344516983,0.0650992740630255,0.827248136956853,-1.67526741777552,-1.37036419210801,-1.29319795048458,1.20914588093851,0.44220173300981,-0.737848779936267
9,1,15,32,6.22994287786671e-05,-0.680580028471637,-0.587782115342479,-1.12693906524812,0.189666234250475,0.953579695186551,1.16354665036097,0.638632499438177,0.949212522181787,-0.729250721031438,0.79437213133354,0.661612189657365,-1.09498509061816,-0.499448330261214,0.279917476976134,-1.10675243351093,-0.266381154929063,-0.268783134504401,-0.0326485019223485,0.11331908215924,-0.345232788224456,0.933682439368626,0.752789034653635,2.32250647286245,1.43566117181135,0.146165559108158,1.01083959358307,-0.39141692057226,-0.713232595632494,1.2055865365751,-0.771906234388083,0.20742789721732,-0.454620604856709,0.0434512916298242,1.24735815534838,-0.393964536796005,0.0756385514722686,1.12776031100953,1.62085170924275,0.531072434082365,-0.826238595537062,2.14841402204887,0.713419934433106,1.07178774155947,-0.892165258259825,-0.037429840449128,1.07989829025092,-2.13416891826785,0.870651692313389,0.780519080189346,-0.565235227464485,-1.07227671897418,-1.23266331165249,0.585486780855216,0.576899890397872,-2.10782775545028,1.08069105277895,0.919521813848586,-0.637803632843212,1.50586214262295,-0.235612361160415,-1.5070143030108,-0.541789465495333,0.00589797648607637,-0.680006735982574
9,1,15,32,0.000497712852717047,-2.03525231015861,0.144047516722141,-0.74969932344094,4.2152324665178,1.50449727473422,-1.60229312918399,-1.40356861881623,-1.00004019618378,-0.573141107784296,-0.116392079496373,-0.604048254854742,-0.88581210797412,-1.37070325112851,0.324357961622464,-0.622126123725868,0.561352628367431,0.331815653240191,0.363307834162604,0.983373865970149,-0.177917326354219,-0.82992438423979,0.0610777111311412,-2.13902209243643,-1.81855172346902,0.175137864305612,-0.380799746796641,4.61599919094699,2.41515965765427,-2.2160173150284,-0.0262564183852375,1.1028496419297,0.184002826588464,-0.21132936122063,-0.794740826744479,0.530246641842148,-0.329184527584474,-1.37231976980445,0.85109325019768,2.31329996197488,0.0742180218660811,-0.602217792704711,-0.870521076605124,-0.47584111684018,-1.1945952702223,3.9135980855213,-1.0536547562707,-3.83905808806942,0.698480895039963,-0.140080087765447,1.14151969073919,-0.131323536733465,1.02338302266535,-0.418528960871154,-0.557015361393758,2.08412236682596,1.45362604597829,-0.558577432264214,0.444606246439156,-0.964293397539329,0.00569115238138235,-1.13868731192299,1.20040120343121,2.13775670872406,0.122266835660987
9,1,15,32,4.49284876261613e-05,-0.566144275379572,-0.426923544998292,0.00941645872059376,1.15104192061859,0.855264000528922,-0.0350532901528439,-0.207381433404712,0.51746201511969,-1.38931500129027,0.599655947690143,0.24343043334414,0.0942690718826318,0.0381533151808622,2.51449379979825,-1.25894125530718,0.464734693163181,0.467732783230573,-3.26806015041555,-1.26769348391256,0.735737887881127,0.352317321014207,-0.954394837513291,0.743661662837155,0.957414871720362,2.0553047948119,-1.07135424255148,-1.45935072884736,0.497162760013471,0.349333918012233,0.905616399605291,-2.32587810454401,-0.972021723853808,0.369347487992948,-0.437407780498538,-0.361575369188755,-0.490981471266385,0.842867459542392,0.423660495649979,1.21319854453124,0.113731262828413,0.514800597986041,0.747033502032434,0.824477899372122,-0.144857242095933,1.37303914214779,0.581769804222058,0.196361161973581,3.03450139033486,-1.19577140025102,-2.05957779840326,-0.715865383442432,0.660247749501225,-0.0549212903446069,-0.809253735180349,1.13127758646539,-1.42688072248318,-0.117371851233345,0.47332076559359,1.1303257422406,0.108004614545497,0.438181476350415,1.90291297768607,-0.719960746757946,-0.442728082430124
9,1,15,32,0.000172470189243601,-1.03400854957201,1.32620993730686,1.8759373372015,2.38080639096458,0.351313256814577,-0.584056398718766,0.571063695568671,-0.205673640034689,0.612805896346278,1.21763632990746,0.0705257709499433,0.773792922423634,-0.207430484877652,-1.47123203801413,-0.759883154155764,1.5176041507567,1.33395235095359,0.290329817006667,-1.37862798297668,-1.31697554746863,1.06650315264657,-1.13120144300039,-1.42869708242577,-1.90281825020631,2.15754531207588,-0.0907230285171785,-0.265760123867521,-0.285626512961694,0.789861242268917,-0.157680505323946,-0.450652936903886,1.6387618886663,1.04345748044068,2.23849035170226,0.153523462399407,0.635580239830509,-0.00151596748013034,-1.10666901618466,0.0488601672931418,3.38737986673066,1.1992059757858,0.0725599037985069,0.753279301242029,0.429565522028935,-1.17042914431744,0.313996138267678,0.448055274687192,-0.474496895169986,1.4038483500722,0.667407437035249,0.468113360642172,-0.900176845953637,0.297826609153425,0.766260855698808,0.749813441216818,-1.0405402249034,-0.335080989898956,-0.060934039455783,-0.541114937616349,1.09376235332339,-0.165282637714739,0.157061886364913,-0.171381971153777,-1.40493129069575
9,1,15,32,1.65734975312581e-05,0.858258393014697,-1.05105687758623,0.799062451025886,-1.30237041185987,-0.469380656579076,3.14395133990432,0.603307470964621,-0.852689417461983,-0.171204207371806,0.0789557794457141,0.276000346944561,-0.0560751362747803,-0.170961835992119,2.2780417097367,0.857187714390782,0.894081636579084,-1.81348517843414,0.945143040398268,0.110722654104817,1.83762142853178,-3.06567039552079,0.60389266654278,0.419396531182912,0.214592361583091,-1.52756084199668,1.1346065610848,-0.757928100749146,-0.962048941162471,0.557847446491279,-0.160935296021361,0.42689575171662,-0.837124582701383,-0.734481583137502,0.271088998300801,-0.204177485853376,0.447450616427608,-0.365519368632998,-0.480860611058494,-0.926505704017745,-1.86046873135464,-2.74824912244709,-1.7867042486482,-0.510743350538975,-0.29857796550537,0.601171660820036,-0.64557369545859,-0.901812107041849,0.528316162742025,0.468392771254192,0.0731686301275028,0.620156941626657,-0.219793030634403,0.282738705931283,-0.579647570407991,-2.75791101252337,0.325605372899681,-0.0690251297097378,-0.478207979804716,-0.891669343786203,0.338273153190904,0.480545499157663,-0.597316140314026,-0.725800334084421,0.279603039027825
9,1,15,32,8.20225235975691e-06,-1.7134072362032,1.88435542244043,0.994074618361076,-0.0489885575702347,1.41581453938976,-2.09549693858493,1.1349175488028,0.562431627801993,-1.37381840332342,0.911610207272608,1.05679169218402,-0.946708548772959,-0.40446760582198,2.13239218540288,-0.432466020611274,-0.0198805922294028,-0.731427740257119,-0.441062479417084,-0.317241964410601,-0.382046947958874,-1.24795967758016,-1.33866168154039,2.44183459772377,0.333813285212263,0.449454814216602,0.92525154022636,-0.512670742559182,0.0538032379846458,0.848857265211492,-0.225181002981616,-0.188696308455443,-1.05610129350644,-0.0428738920289703,-0.593133566848402,1.27242953716975,1.11065313604487,0.98970531470085,-0.310306061836987,-2.51768738969681,-1.11624311846674,-0.10323267507173,0.814511779490664,-1.78197265273746,-3.41676118123761,-0.0987237977613402,-0.91510008561367,0.735606849264003,-0.906864223528438,0.875594501471503,1.02788093843916,0.396972944098601,-0.847141992032566,0.49923194432864,0.605212947302578,-0.678305875810318,-0.411413073319923,-2.08421039041724,-0.445964623307887,-0.00531740140939419,-1.58875444063764,0.3756018994542,-0.655950401664749,-1.13557620616235,0.684500701657023
9,1,15,32,0.000528201589349409,0.274052163823664,-1.17627878957735,0.420485074321794,1.26330274947524,-0.613098539338778,-1.0550881745573,0.590328136517381,2.07108809054828,1.96049981540069,0.0600806581385883,-1.49418074412437,-0.145214616046285,-0.159667807757793,0.648152872489799,1.5819499837349,-1.62224618665043,-0.677556695132431,1.23563182602448,-0.730395259444929,-2.16184130621687,0.0422405617036416,0.698827302889526,1.6795024367373,1.08430232918872,1.45723090604038,-1.70316921578075,-0.312566240220234,-0.0876045044482689,-0.131934767697959,-0.518828094637186,0.550426911563272,-0.387911957928084,0.420988486214094,-0.894662699266816,-1.41978132302699,-0.551397862463306,-1.04524647974049,1.00485031177767,-0.325676551896663,-0.306150317935695,0.882463152272329,0.400287331391927,-0.149557555428726,-1.95332400959211,-0.464749403420184,0.870205844135487,2.20831603215904,-1.71202351610892,-0.966309515492941,1.96320594830424,1.93037927518435,-1.10454044208132,0.212548043783232,-0.747915336142243,-0.803202855507334,0.080642263833629,-0.894953561973492,1.70500835170608,0.578481539366884,-0.189631942888277,-0.883370820961346,-0.237370031187277,-0.706584221891782,-0.154772724087597
9,1,15,32,3.5694361865124e-06,-1.38031856210898,-0.574487533435821,-0.00804614050741483,0.498375839242725,0.493706424544626,-1.5256476471947,-0.761001058279874,-0.10838910140749,1.12185634976031,-0.0590743382309339,-0.141349978716447,-0.939224893351625,0.203800310465059,-1.47963838643127,0.78358285070237,0.748058152291731,-3.88148800317628,1.0128982622912,-0.744427244242706,-1.5990708267968,1.03035180837764,-1.11578297110168,0.794988287789402,1.90037805185245,0.53359968793606,-0.512517517887955,-1.11025535135745,0.886915296071518,1.48250233581595,-1.56965613873448,0.572912512913132,1.90407831791617,0.0236011828353953,0.530550875626304,1.96009501594924,-1.04049970533762,-2.27502365044739,-0.24869540379183,2.10513530241513,1.2834851042712,-0.653626461897685,-0.259979434926211,1.28534987057234,0.66670571520024,0.273619975766593,-0.436306731324769,-3.3591663432398,-1.19947533916353,-0.182715088167722,-2.00536626670881,0.839427746810248,2.52819665534348,1.79098087238127,-1.83604418771583,1.33184967683277,0.647663602963593,0.125658159557469,-0.985826361286134,-0.747484783281632,0.335470601128714,1.37825216265406,-0.112221663460061,-0.283160997558947,-1.73588828831666
9,1,15,32,1.06497264185101e-06,-0.816554884585214,-0.790885085255313,-0.784902943337671,-1.17426849941609,0.266527281352303,1.72062456762187,-0.386244594882801,0.856844537307128,2.81515938119324,1.59978211220832,1.94133494762908,0.132557446824686,0.749948960949893,2.29262461849347,-4.2028563355812,0.712955962975425,0.0843547599007785,0.755349869812616,0.962581014072025,1.96003590459087,0.582284485130302,-0.186885644152833,-0.357246428248776,-0.288616299427217,0.457015984921948,-1.00820855761236,-0.537224920694952,0.710718946086397,1.51687672592658,1.53600975736685,-0.0109662616654752,0.427494665891755,-0.495204650336752,-0.987654050483392,1.69860807610421,0.0201329482253005,0.943669541100818,0.103560647732893,-1.19966798550642,-1.69729971492868,0.505551030046989,-0.835082030819234,-1.99808482274991,-0.425947421432773,0.104886904069809,0.116348169548335,0.669669897983674,-1.11528104661067,-0.765860225250337,-0.785845839222837,-0.835456876192899,-0.448972590401477,0.160856191994417,1.07841370131913,-1.09574113407099,-0.631192559205081,0.270058940141637,-0.556323346845017,-1.90009769619864,-0.218692185311362,1.35860296230166,2.07443863543433,-0.202178594390179,1.91587962891962
