controller,direction,rule,band,M,M_upper,rel_width,reason,n_unresolved,n_evals
1,+e0,angular,0.0,0.006471982189918691,0.006471982254617088,9.996689563576268e-09,bracketed,0,65
1,+e0,angular,1e-10,0.006471979982769877,0.0064719841234670335,6.397883132678003e-07,unresolved,2,55
1,+e0,precursor,0.0,0.00647198219565372,0.006471982260349226,9.996242872915414e-09,bracketed,0,69
1,+e0,precursor,1e-10,0.006471981741192715,0.0064719827763207605,1.5993988969258174e-07,unresolved,2,64
1,-e0,angular,0.0,0.006456127811548907,0.006456127876089306,9.996766010630973e-09,bracketed,0,64
1,-e0,angular,1e-10,0.006456127481574745,0.0064561285142210705,1.599482550751407e-07,unresolved,2,61
1,-e0,precursor,0.0,0.006456127805620431,0.006456127870158052,9.996335706203175e-09,bracketed,0,67
1,-e0,precursor,1e-10,0.006456127416814143,0.006456128449416029,1.5994137340793805e-07,unresolved,2,63
1,+e1,angular,0.0,0.010136471952105326,0.01013647205342378,9.99543570047437e-09,bracketed,0,112
1,+e1,angular,1e-10,0.0101364713357583,0.010136472956853474,1.5992697254622762e-07,unresolved,2,105
1,+e1,precursor,0.0,0.010136471942963101,0.010136472044282717,9.99555037115229e-09,bracketed,0,113
1,+e1,precursor,1e-10,0.010136470926947375,0.010136472548061149,1.5992881409639446e-07,unresolved,2,102
1,-e1,angular,0.0,0.010117833077039753,0.010117833178172872,9.995531500683102e-09,bracketed,0,125
1,-e1,angular,1e-10,0.010117832361229272,0.010117833979359097,1.5992850709575762e-07,unresolved,2,104
1,-e1,precursor,0.0,0.010117832990002244,0.010117833091136563,9.995650231505476e-09,bracketed,0,114
1,-e1,precursor,1e-10,0.010117781004595422,0.0101178845661342,1.0235597976454294e-05,unresolved,2,79
1,+e2,angular,0.0,0.010842121666685516,0.01084212177505654,9.995370582605553e-09,bracketed,0,149
1,+e2,angular,1e-10,0.010842119817456228,0.01084212328532884,3.198518989573608e-07,unresolved,2,118
1,+e2,precursor,0.0,0.010842121595089162,0.01084212170346049,9.995398648352438e-09,bracketed,0,143
1,+e2,precursor,1e-10,0.010842120617378027,0.010842122351319174,1.5992638415541688e-07,unresolved,2,129
1,-e2,angular,0.0,0.010843499874859094,0.010843499983243271,9.995313126244854e-09,bracketed,0,141
1,-e2,angular,1e-10,0.010843498024526227,0.010843501492819693,3.198500575013254e-07,unresolved,2,119
1,-e2,precursor,0.0,0.010843499885890912,0.010843499994275401,9.995341912150004e-09,bracketed,0,147
1,-e2,precursor,1e-10,0.010843498148543022,0.010843501616846512,3.19850978197334e-07,unresolved,2,125
1,diagmmm,angular,0.0,0.00988902042772276,0.009889020526563524,9.995000457438162e-09,bracketed,0,126
1,diagmmm,angular,1e-10,0.009889019529820308,0.00988902111127247,1.599200160505832e-07,unresolved,2,112
1,diagmmp,angular,0.0,0.007850745506249267,0.007850745584718656,9.995151277066675e-09,bracketed,0,102
1,diagmmp,angular,1e-10,0.00785074510672505,0.007850746362235206,1.5992241995396123e-07,unresolved,2,99
1,diagmpm,angular,0.0,0.007999586599332077,0.00799958667929222,9.995534354291256e-09,bracketed,0,112
1,diagmpm,angular,1e-10,0.007999585793180056,0.00799958707254228,1.5992855841237845e-07,unresolved,2,93
1,diagmpp,angular,0.0,0.008370440271833337,0.008370440355502672,9.995810570505816e-09,bracketed,0,107
1,diagmpp,angular,1e-10,0.00837043507755969,0.008370445787234056,1.2794644802633933e-06,unresolved,2,84
1,diagpmm,angular,0.0,0.008364992922788365,0.008364993006403832,9.995880182168471e-09,bracketed,0,109
1,diagpmm,angular,1e-10,0.008364992498625125,0.008364993836472531,1.5993408314406415e-07,unresolved,2,105
1,diagpmp,angular,0.0,0.008026242590610331,0.008026242670835505,9.995358702497303e-09,bracketed,0,104
1,diagpmp,angular,1e-10,0.008026242021675064,0.008026243305277798,1.5992574495677707e-07,unresolved,2,96
1,diagppm,angular,0.0,0.007870081913195381,0.007870081991857023,9.995021945676741e-09,bracketed,0,105
1,diagppm,angular,1e-10,0.007870080489621713,0.007870083006794145,3.198407482131215e-07,unresolved,2,88
1,diagppp,angular,0.0,0.009907877703328564,0.009907877802366273,9.99585497067486e-09,bracketed,0,138
1,diagppp,angular,1e-10,0.009907826791673506,0.009907928206281443,1.0235807515566136e-05,unresolved,2,83
2,+e0,angular,0.0,0.006126226398010255,0.006126226459253748,9.996935949969178e-09,bracketed,0,60
2,+e0,angular,1e-10,0.006126222472486304,0.00612623031165299,1.2796085549919814e-06,unresolved,2,47
2,+e0,precursor,0.0,0.0061262264149480865,0.006126226476189857,9.996654741012575e-09,bracketed,0,66
2,+e0,precursor,1e-10,0.0061262226164737485,0.006126230455419941,1.2795725332611112e-06,unresolved,2,53
2,-e0,angular,0.0,0.006099478378560971,0.0060994784395260356,9.995127584702986e-09,bracketed,0,66
2,-e0,angular,1e-10,0.006099477332939321,0.006099479283821305,3.1984412388929773e-07,unresolved,2,53
2,-e0,precursor,0.0,0.006099478363370233,0.006099478424345575,9.996812568312158e-09,bracketed,0,63
2,-e0,precursor,1e-10,0.006099477264422436,0.00609947921563329,3.198980453176045e-07,unresolved,2,54
2,+e1,angular,0.0,0.007342842145174527,0.007342842218572105,9.995799513984363e-09,bracketed,0,113
2,+e1,angular,1e-10,0.007342841260128646,0.007342843608851034,3.198656084722903e-07,unresolved,2,96
2,+e1,precursor,0.0,0.0073428421393154,0.007342842212714577,9.996017341574984e-09,bracketed,0,114
2,+e1,precursor,1e-10,0.007342841551050014,0.007342842725436798,1.599362829547024e-07,unresolved,2,103
2,-e1,angular,0.0,0.007378431513862923,0.007378431587614035,9.995499971742159e-09,bracketed,0,109
2,-e1,angular,1e-10,0.007378428926634775,0.007378433646705681,6.397121871212851e-07,unresolved,2,87
2,-e1,precursor,0.0,0.00737843147903464,0.007378431552787348,9.995716435239892e-09,bracketed,0,111
2,-e1,precursor,1e-10,0.007378430665226341,0.007378433025312927,3.1986294827623815e-07,unresolved,2,99
2,+e2,angular,0.0,0.007748211908645513,0.007748211986096803,9.996021157679254e-09,bracketed,0,100
2,+e2,angular,1e-10,0.007748201834565695,0.007748221662095026,2.5589846204838274e-06,unresolved,2,74
2,+e2,precursor,0.0,0.007748211917177854,0.0077482119946251675,9.99550788585594e-09,bracketed,0,107
2,+e2,precursor,1e-10,0.007748210443531831,0.007748212921845741,3.1985629818099567e-07,unresolved,2,88
2,-e2,angular,0.0,0.00775841084375236,0.0077584109213053596,9.995990309656775e-09,bracketed,0,99
2,-e2,angular,1e-10,0.007758410295589629,0.007758411536437559,1.5993584809348426e-07,unresolved,2,91
2,-e2,precursor,0.0,0.007758410881090205,0.007758410958639155,9.995468396357295e-09,bracketed,0,107
2,-e2,precursor,1e-10,0.0077584084750682136,0.007758413438200793,6.397101409837707e-07,unresolved,2,86
2,diagmmm,angular,0.0,0.006161318466413555,0.0061613185280003195,9.995711903202913e-09,bracketed,0,90
2,diagmmm,angular,1e-10,0.006161317907190152,0.006161318892578336,1.5993139750610157e-07,unresolved,2,80
2,diagmmp,angular,0.0,0.007216492892270176,0.007216492964402064,9.995421489759707e-09,bracketed,0,103
2,diagmmp,angular,1e-10,0.007216491443278842,0.007216493751499147,3.1985353590985426e-07,unresolved,2,85
2,diagmpm,angular,0.0,0.008878145703091754,0.008878145791832538,9.995418726635989e-09,bracketed,0,119
2,diagmpm,angular,1e-10,0.008878144277392055,0.008878147117096986,3.1985343361696017e-07,unresolved,2,104
2,diagmpp,angular,0.0,0.006405761017510068,0.006405761081538158,9.995391504480637e-09,bracketed,0,95
2,diagmpp,angular,1e-10,0.006405758962706808,0.0064057630605043195,6.397052302095512e-07,unresolved,2,75
2,diagpmm,angular,0.0,0.00641607333910429,0.006416073403235618,9.99541689486551e-09,bracketed,0,109
2,diagpmm,angular,1e-10,0.0064160711535122174,0.0064160752579169944,6.39706867144194e-07,unresolved,2,75
2,diagpmp,angular,0.0,0.008911031203247828,0.008911031292315939,9.995264127616207e-09,bracketed,0,119
2,diagpmp,angular,1e-10,0.008911028703102414,0.008911034403461152,6.396970458793505e-07,unresolved,2,100
2,diagppm,angular,0.0,0.007209489458581053,0.007209489530644265,9.99560545617169e-09,bracketed,0,101
2,diagppm,angular,1e-10,0.0072094846977381125,0.007209493921828873,1.2794382881758688e-06,unresolved,2,79
2,diagppp,angular,0.0,0.0061762981968235715,0.006176298258559226,9.995575475045145e-09,bracketed,0,91
2,diagppp,angular,1e-10,0.006176297265302609,0.006176299240843459,3.198584467314639e-07,unresolved,2,76
3,+e0,angular,0.0,0.005543563167197178,0.005543563222615117,9.996808490006337e-09,bracketed,0,58
3,+e0,angular,1e-10,0.005543562607944913,0.005543563494631909,1.5994894587420773e-07,unresolved,2,51
3,+e0,precursor,0.0,0.005543563152604266,0.005543563208022096,9.99678880200181e-09,bracketed,0,58
3,+e0,precursor,1e-10,0.00554355611251584,0.0055435702994798015,2.559181087607867e-06,unresolved,2,44
3,-e0,angular,0.0,0.005535504641095045,0.005535504696433442,9.996992261256969e-09,bracketed,0,56
3,-e0,angular,1e-10,0.005535504028778943,0.005535505799607585,3.1990377615163376e-07,unresolved,2,50
3,-e0,precursor,0.0,0.00553550467403708,0.005535504729375388,9.996976219319735e-09,bracketed,0,60
3,-e0,precursor,1e-10,0.005535503898593971,0.005535505669419738,3.199032644023536e-07,unresolved,2,51
3,+e1,angular,0.0,0.010014620399683784,0.010014620499784481,9.995455926808164e-09,bracketed,0,139
3,+e1,angular,1e-10,0.010014617691817412,0.010014624098261711,6.397093224938827e-07,unresolved,2,112
3,+e1,precursor,0.0,0.010014620429205374,0.010014620529307948,9.995643320402611e-09,bracketed,0,152
3,+e1,precursor,1e-10,0.010014619725706171,0.010014621327347284,1.5993029760555526e-07,unresolved,2,132
3,-e1,angular,0.0,0.010015124248822227,0.01001512434892809,9.995468887671272e-09,bracketed,0,143
3,-e1,angular,1e-10,0.010015123342944347,0.010015124944638082,1.5992750956671596e-07,unresolved,2,124
3,-e1,precursor,0.0,0.010015124227086836,0.010015124327194567,9.995655456943573e-09,bracketed,0,140
3,-e1,precursor,1e-10,0.010015122823014328,0.010015126026461573,3.198610043958739e-07,unresolved,2,120
3,+e2,angular,0.0,0.008863408423184366,0.008863408511774123,9.994998856897583e-09,bracketed,0,132
3,+e2,angular,1e-10,0.008863397521374158,0.008863420200350695,2.558722711276976e-06,unresolved,2,96
3,+e2,precursor,0.0,0.008863408405889707,0.008863408494483064,9.995404990058541e-09,bracketed,0,135
3,+e2,precursor,1e-10,0.008863407605769175,0.008863409023262813,1.5992648664489368e-07,unresolved,2,121
3,-e2,angular,0.0,0.008855693996443665,0.008855694084957136,9.995091394746757e-09,bracketed,0,125
3,-e2,angular,1e-10,0.008855691425041366,0.008855697089903166,6.396859972012001e-07,unresolved,2,103
3,-e2,precursor,0.0,0.008855694054552436,0.008855694143069465,9.995493095282574e-09,bracketed,0,141
3,-e2,precursor,1e-10,0.008855693344352964,0.008855694760625345,1.599278933394029e-07,unresolved,2,125
3,diagmmm,angular,0.0,0.006897431637792058,0.006897431706736598,9.995683002253234e-09,bracketed,0,97
3,diagmmm,angular,1e-10,0.006897427566236165,0.0068974363911368285,1.2794481100064754e-06,unresolved,2,77
3,diagmmp,angular,0.0,0.0071875095043109,0.007187509576151503,9.995201101007278e-09,bracketed,0,108
3,diagmmp,angular,1e-10,0.007187508207007322,0.0071875105059065,3.1984647691271593e-07,unresolved,2,86
3,diagmpm,angular,0.0,0.00794407534196425,0.007944075421369934,9.995585389026823e-09,bracketed,0,112
3,diagmpm,angular,1e-10,0.007944074385955738,0.007944076926937469,3.198587534720493e-07,unresolved,2,98
3,diagmpp,angular,0.0,0.007562933855220872,0.00756293393081495,9.995337698240343e-09,bracketed,0,112
3,diagmpp,angular,1e-10,0.007562929390551204,0.007562939066592659,1.2794039128731815e-06,unresolved,2,84
3,diagpmm,angular,0.0,0.00754139548686118,0.007541395562241038,9.995478670894469e-09,bracketed,0,108
3,diagpmm,angular,1e-10,0.007541394955055909,0.007541396161133581,1.599276631113091e-07,unresolved,2,99
3,diagpmp,angular,0.0,0.007973591300470775,0.007973591380168541,9.99521579984978e-09,bracketed,0,112
3,diagpmp,angular,1e-10,0.007973570891854014,0.007973611697107558,5.1175632721658445e-06,unresolved,2,79
3,diagppm,angular,0.0,0.007187280011056306,0.007187280082894029,9.995119594548894e-09,bracketed,0,102
3,diagppm,angular,1e-10,0.007187275192914208,0.007187284388142218,1.279376086713059e-06,unresolved,2,77
3,diagppp,angular,0.0,0.0068882014181435,0.006888201486995775,9.99568265559255e-09,bracketed,0,106
3,diagppp,angular,1e-10,0.006888197213851158,0.006888206026942064,1.2794481099699553e-06,unresolved,2,77
4,+e0,angular,0.0,0.00659615180530804,0.006596151871242691,9.995926854678316e-09,bracketed,0,74
4,+e0,angular,1e-10,0.006596150679780172,0.006596152789688918,3.1986970104383633e-07,unresolved,2,57
4,+e0,precursor,0.0,0.006596151777943388,0.006596151843874352,9.99536791041244e-09,bracketed,0,70
4,+e0,precursor,1e-10,0.006596150984646299,0.006596153094437042,3.198517966102596e-07,unresolved,2,62
4,-e0,angular,0.0,0.006545263862172839,0.006545263927600648,9.996206475664001e-09,bracketed,0,66
4,-e0,angular,1e-10,0.006545259408631035,0.006545267783390133,1.2795152300562095e-06,unresolved,2,54
4,-e0,precursor,0.0,0.006545263875510462,0.00654526394093501,9.99570832216542e-09,bracketed,0,67
4,-e0,precursor,1e-10,0.006545259947950204,0.006545268322292103,1.279451383955113e-06,unresolved,2,54
4,+e1,angular,0.0,0.011786610921372068,0.011786611039185192,9.995504613318137e-09,bracketed,0,118
4,+e1,angular,1e-10,0.011786610325242095,0.011786612210251964,1.5992807233521768e-07,unresolved,2,114
4,+e1,precursor,0.0,0.011786610857556421,0.011786610975370274,9.995566481970485e-09,bracketed,0,118
4,+e1,precursor,1e-10,0.011786609792740144,0.011786611677761686,1.5992906991777e-07,unresolved,2,107
4,-e1,angular,0.0,0.011784205200114351,0.011784205317905038,9.99564119312681e-09,bracketed,0,111
4,-e1,angular,1e-10,0.011784201661646366,0.01178420920024988,6.397211903237936e-07,unresolved,2,92
4,-e1,precursor,0.0,0.01178420519786125,0.011784205315652625,9.995699489210943e-09,bracketed,0,118
4,-e1,precursor,1e-10,0.011784204606659639,0.011784206491321537,1.5993119278500034e-07,unresolved,2,115
4,+e2,angular,0.0,0.00826988929540996,0.0082698893780721,9.995555934094464e-09,bracketed,0,94
4,+e2,angular,1e-10,0.00826988788673359,0.008269890531922005,3.198578326281918e-07,unresolved,2,80
4,+e2,precursor,0.0,0.008269889326338244,0.008269889408997822,9.995246075568154e-09,bracketed,0,99
4,+e2,precursor,1e-10,0.008269888085100105,0.008269890730206519,3.198479092094378e-07,unresolved,2,83
4,-e2,angular,0.0,0.008333644748919743,0.008333644832214701,9.99502141575353e-09,bracketed,0,100
4,-e2,angular,1e-10,0.008333644159405788,0.008333645492125067,1.59920348552532e-07,unresolved,2,88
4,-e2,precursor,0.0,0.008333644746557296,0.008333644829859774,9.99592378801798e-09,bracketed,0,102
4,-e2,precursor,1e-10,0.008333643326764647,0.008333645992443794,3.198695988514774e-07,unresolved,2,84
4,diagmmm,angular,0.0,0.007560779127238815,0.007560779202816671,9.9960406637884e-09,bracketed,0,87
4,diagmmm,angular,1e-10,0.00756077436148083,0.0075607840354458625,1.2794939473359317e-06,unresolved,2,70
4,diagmmp,angular,0.0,0.00928709726571997,0.009287097358544879,9.995040060590377e-09,bracketed,0,126
4,diagmmp,angular,1e-10,0.00928709447472332,0.00928710041551721,6.39682723803446e-07,unresolved,2,86
4,diagmpm,angular,0.0,0.008738198997417821,0.008738199084758964,9.99532546974333e-09,bracketed,0,102
4,diagmpm,angular,1e-10,0.008738197246276919,0.008738200041193385,3.1985046662315636e-07,unresolved,2,84
4,diagmpp,angular,0.0,0.007483912546028534,0.007483912620830425,9.995024765927692e-09,bracketed,0,95
4,diagmpp,angular,1e-10,0.007483912016418686,0.007483913213248887,1.59920399690856e-07,unresolved,2,82
4,diagpmm,angular,0.0,0.007497823124245682,0.007497823199187651,9.995163670182614e-09,bracketed,0,88
4,diagpmm,angular,1e-10,0.007497822520854075,0.007497823719925531,1.5992262465187807e-07,unresolved,2,80
4,diagpmp,angular,0.0,0.008825389471281274,0.008825389559499528,9.995961557228795e-09,bracketed,0,101
4,diagpmp,angular,1e-10,0.008825388936850776,0.008825390348342777,1.5993538772109242e-07,unresolved,2,95
4,diagppm,angular,0.0,0.009305479357473423,0.00930547945048273,9.99511183470867e-09,bracketed,0,105
4,diagppm,angular,1e-10,0.009305477957947585,0.009305480934245271,3.1984361246022213e-07,unresolved,2,89
4,diagppp,angular,0.0,0.007571764749031049,0.007571764824718786,9.996049776541791e-09,bracketed,0,88
4,diagppp,angular,1e-10,0.0075717644426070135,0.007571765653610748,1.5993679464944616e-07,unresolved,2,97
5,+e0,angular,0.0,0.00535408149169167,0.005354081545212056,9.996184429154728e-09,bracketed,0,59
5,+e0,angular,1e-10,0.005354079722000317,0.005354083147304825,6.397559779892355e-07,unresolved,2,48
5,+e0,precursor,0.0,0.005354081469411273,0.005354081522932267,9.9962980328234e-09,bracketed,0,60
5,+e0,precursor,1e-10,0.005354080612147146,0.005354082324818859,3.1988157012389864e-07,unresolved,2,53
5,-e0,angular,0.0,0.005319767836842961,0.005319767890020662,9.996244683777823e-09,bracketed,0,63
5,-e0,angular,1e-10,0.005319767566079687,0.005319768416922862,1.5993991541788206e-07,unresolved,2,59
5,-e0,precursor,0.0,0.005319767827496689,0.005319767880675095,9.9963772569546e-09,bracketed,0,61
5,-e0,precursor,1e-10,0.00531976750611887,0.00531976835697333,1.5994203859971057e-07,unresolved,2,56
5,+e1,angular,0.0,0.008907324917018303,0.0089073250060495,9.995278961357264e-09,bracketed,0,95
5,+e1,angular,1e-10,0.008907324288422856,0.008907325712921937,1.5992446609857663e-07,unresolved,2,88
5,+e1,precursor,0.0,0.008907324975530054,0.008907325064569066,9.996156255543731e-09,bracketed,0,104
5,+e1,precursor,1e-10,0.008907324082401379,0.008907325507025506,1.599385083354774e-07,unresolved,2,88
5,-e1,angular,0.0,0.008912278012913642,0.008912278101994488,9.995294888307642e-09,bracketed,0,102
5,-e1,angular,1e-10,0.008912277384426926,0.008912278809720408,1.5992472189956084e-07,unresolved,2,87
5,-e1,precursor,0.0,0.00891227794930321,0.008912278038391834,9.996167549729567e-09,bracketed,0,99
5,-e1,precursor,1e-10,0.008912277056129903,0.008912278481547797,1.5993868748153274e-07,unresolved,2,89
5,+e2,angular,0.0,0.00954396278704645,0.00954396288243908,9.995075597826959e-09,bracketed,0,107
5,+e2,angular,1e-10,0.00954396182739952,0.00954396335368152,1.5992121801135815e-07,unresolved,2,93
5,+e2,precursor,0.0,0.00954396276950709,0.009543962864903822,9.995505481767939e-09,bracketed,0,111
5,+e2,precursor,1e-10,0.009543961716861473,0.00954396476955676,3.1985619579049024e-07,unresolved,2,96
5,-e2,angular,0.0,0.009540168456117284,0.009540168551472614,9.99514106840042e-09,bracketed,0,109
5,-e2,angular,1e-10,0.009540167497517054,0.009540169023202264,1.5992226661745412e-07,unresolved,2,93
5,-e2,precursor,0.0,0.009540168452381067,0.009540168547740455,9.995566563012812e-09,bracketed,0,113
5,-e2,precursor,1e-10,0.0095401677822268,0.00954016930797696,1.599290698783315e-07,unresolved,2,101
5,diagmmm,angular,0.0,0.005603929640067472,0.0056039296960816165,9.99551177640834e-09,bracketed,0,69
5,diagmmm,angular,1e-10,0.005603929019747213,0.005603930812199778,3.1985640048810334e-07,unresolved,2,60
5,diagmmp,angular,0.0,0.008230725155916073,0.008230725238191218,9.996099185877071e-09,bracketed,0,93
5,diagmmp,angular,1e-10,0.008230724822114694,0.008230726138516966,1.5993758755905207e-07,unresolved,2,113
5,diagmpm,angular,0.0,0.00788972111234045,0.007889721191200412,9.995278773540268e-09,bracketed,0,90
5,diagmpm,angular,1e-10,0.007889720475470145,0.00788972173722948,1.5992446603023685e-07,unresolved,2,83
5,diagmpp,angular,0.0,0.007917106041883263,0.007917106121015687,9.995119953267215e-09,bracketed,0,93
5,diagmpp,angular,1e-10,0.00791710105028955,0.00791711117923931,1.2793760868015956e-06,unresolved,2,71
5,diagpmm,angular,0.0,0.007946705227584307,0.007946705307013703,9.995261316217807e-09,bracketed,0,91
5,diagpmm,angular,1e-10,0.007946704747842204,0.00794670601871248,1.59924184601847e-07,unresolved,2,85
5,diagpmp,angular,0.0,0.007917510149224921,0.007917510228363598,9.99539944038019e-09,bracketed,0,88
5,diagpmp,angular,1e-10,0.007917508879807269,0.00791751141224481,3.1985281979012345e-07,unresolved,2,77
5,diagppm,angular,0.0,0.008287273659128874,0.008287273741968245,9.995973849425614e-09,bracketed,0,99
5,diagppm,angular,1e-10,0.008287271418988065,0.008287276720707566,6.397424716618946e-07,unresolved,2,80
5,diagppp,angular,0.0,0.005631012070158581,0.005631012126442618,9.99536790640803e-09,bracketed,0,73
5,diagppp,angular,1e-10,0.005631011334595311,0.005631013135684404,3.198517967645355e-07,unresolved,2,62
6,+e0,angular,0.0,0.006095253864691626,0.006095253925614129,9.995072314589038e-09,bracketed,0,65
6,+e0,angular,1e-10,0.006095252153765133,0.006095256052805104,6.396847698399204e-07,unresolved,2,54
6,+e0,precursor,0.0,0.0060952538410409905,0.006095253901974129,9.996817250287927e-09,bracketed,0,62
6,+e0,precursor,1e-10,0.006095251645892599,0.006095255545613269,6.397964999982419e-07,unresolved,2,52
6,-e0,angular,0.0,0.0061077415779229455,0.006107741638981818,9.99696394958922e-09,bracketed,0,68
6,-e0,angular,1e-10,0.006107741085981376,0.006107742062923282,1.5995142755593233e-07,unresolved,2,55
6,-e0,precursor,0.0,0.006107741549897661,0.00610774161095512,9.996732518797067e-09,bracketed,0,62
6,-e0,precursor,1e-10,0.006107740327027557,0.006107742280866123,3.1989548689855514e-07,unresolved,2,53
6,+e1,angular,0.0,0.006378415701361743,0.00637841576511998,9.995936220334505e-09,bracketed,0,94
6,+e1,angular,1e-10,0.006378414423161742,0.006378416463425215,3.1987000805671224e-07,unresolved,2,79
6,+e1,precursor,0.0,0.006378415681514487,0.006378415745271199,9.995697191770107e-09,bracketed,0,96
6,+e1,precursor,1e-10,0.006378414914712218,0.006378416954926903,3.1986233444762457e-07,unresolved,2,85
6,-e1,angular,0.0,0.006376831851110821,0.006376831914852962,9.995894888574905e-09,bracketed,0,95
6,-e1,angular,1e-10,0.00637683070021669,0.006376832739965095,3.198686778423534e-07,unresolved,2,81
6,-e1,precursor,0.0,0.006376831887000415,0.0063768319507410305,9.995655577256562e-09,bracketed,0,102
6,-e1,precursor,1e-10,0.006376831056162623,0.006376833095862209,3.198610043688703e-07,unresolved,2,84
6,+e2,angular,0.0,0.00800667909191604,0.008006679171947709,9.995613396435152e-09,bracketed,0,105
6,+e2,angular,1e-10,0.008006677566408524,0.008006680127421804,3.1985967446241846e-07,unresolved,2,91
6,+e2,precursor,0.0,0.008006679142921327,0.008006679222954997,9.995863357876896e-09,bracketed,0,117
6,+e2,precursor,1e-10,0.008006678019214059,0.00800668058029138,3.1986765479485824e-07,unresolved,2,99
6,-e2,angular,0.0,0.008005899921137146,0.008005900001162278,9.99576976259392e-09,bracketed,0,109
6,-e2,angular,1e-10,0.008005899357943765,0.008005900638345808,1.5993231813504092e-07,unresolved,2,101
6,-e2,precursor,0.0,0.008005899964966583,0.008005900044993634,9.996009356651286e-09,bracketed,0,117
6,-e2,precursor,1e-10,0.008005899323350222,0.008005900603782977,1.5993615494035206e-07,unresolved,2,102
6,diagmmm,angular,0.0,0.006106336974724624,0.006106337035762369,9.995803467115374e-09,bracketed,0,91
6,diagmmm,angular,1e-10,0.006106274225592989,0.00610639923088821,2.0471615031151764e-05,unresolved,2,57
6,diagmmp,angular,0.0,0.0074283760157399376,0.007428376089994055,9.99600955232293e-09,bracketed,0,106
6,diagmmp,angular,1e-10,0.00742837556507461,0.007428376753140436,1.5993615506733514e-07,unresolved,2,99
6,diagmpm,angular,0.0,0.007042883434536391,0.007042883504930181,9.99502411333462e-09,bracketed,0,98
6,diagmpm,angular,1e-10,0.00704287456153311,0.0070428925823423135,2.558729258336042e-06,unresolved,2,74
6,diagmpp,angular,0.0,0.00643644828163819,0.006436448345977057,9.996020147189424e-09,bracketed,0,100
6,diagmpp,angular,1e-10,0.006436447505323408,0.006436449564167046,3.1987266833251936e-07,unresolved,2,82
6,diagpmm,angular,0.0,0.006396239031665095,0.006396239095597077,9.995245923055236e-09,bracketed,0,90
6,diagpmm,angular,1e-10,0.00639623794207746,0.006396239987900792,3.19847909106729e-07,unresolved,2,77
6,diagpmp,angular,0.0,0.007039694587019852,0.007039694657388846,9.996029337406272e-09,bracketed,0,97
6,diagpmp,angular,1e-10,0.00703969338666682,0.007039695638474489,3.1987297535053e-07,unresolved,2,84
6,diagppm,angular,0.0,0.007381813683281099,0.0073818137570660965,9.995510639404276e-09,bracketed,0,132
6,diagppm,angular,1e-10,0.007381813090707123,0.007381814271267017,1.599281747261916e-07,unresolved,2,95
6,diagppp,angular,0.0,0.006134073493793387,0.006134073555105932,9.995404421000376e-09,bracketed,0,87
6,diagppp,angular,1e-10,0.0061340715885676855,0.006134075512570384,6.397060486885528e-07,unresolved,2,72
7,+e0,angular,0.0,0.005823236116594822,0.005823236174808738,9.99683239583303e-09,bracketed,0,62
7,+e0,angular,1e-10,0.005823235414244239,0.005823237277089441,3.1989865931270826e-07,unresolved,2,51
7,+e0,precursor,0.0,0.005823236096533995,0.005823236154747304,9.996728315335505e-09,bracketed,0,61
7,+e0,precursor,1e-10,0.005823234347876065,0.005823238073527648,6.39790769301187e-07,unresolved,2,50
7,-e0,angular,0.0,0.005808440401069227,0.005808440459136234,9.997004862313974e-09,bracketed,0,58
7,-e0,angular,1e-10,0.005808439527328601,0.005808441385472717,3.199041854979696e-07,unresolved,2,50
7,-e0,precursor,0.0,0.005808440394879155,0.005808440452945618,9.99691124442508e-09,bracketed,0,60
7,-e0,precursor,1e-10,0.0058084399290606395,0.0058084408581239935,1.599505831813508e-07,unresolved,2,55
7,+e1,angular,0.0,0.007390445769009777,0.007390445842883145,9.995793307865555e-09,bracketed,0,114
7,+e1,angular,1e-10,0.00739044502682935,0.007390446208803192,1.599327019452259e-07,unresolved,2,103
7,+e1,precursor,0.0,0.007390445822147826,0.007390445896021297,9.995807084778421e-09,bracketed,0,131
7,+e1,precursor,1e-10,0.007390443381974424,0.0073904481098763,6.397318308517076e-07,unresolved,2,97
7,-e1,angular,0.0,0.007386539653807815,0.0073865397276422235,9.995804756480539e-09,bracketed,0,116
7,-e1,angular,1e-10,0.007386539059618924,0.007386540240969395,1.5993288086672828e-07,unresolved,2,104
7,-e1,precursor,0.0,0.0073865396579429355,0.007386539731777459,9.995820368361425e-09,bracketed,0,121
7,-e1,precursor,1e-10,0.00738653766199203,0.007386542387401338,6.39732649315146e-07,unresolved,2,99
7,+e2,angular,0.0,0.010134096873709919,0.010134096975007743,9.995742645616825e-09,bracketed,0,130
7,+e2,angular,1e-10,0.010134096361879487,0.010134097982644606,1.5993188356027643e-07,unresolved,2,127
7,+e2,precursor,0.0,0.010134096887454624,0.01013409698874963,9.995464469567366e-09,bracketed,0,138
7,+e2,precursor,1e-10,0.010134096376920754,0.010134097997640772,1.5992743289397602e-07,unresolved,2,134
7,-e2,angular,0.0,0.010120834861623358,0.010120834962781183,9.995007976617027e-09,bracketed,0,131
7,-e2,angular,1e-10,0.010120831619966908,0.010120838094067339,6.396806778533752e-07,unresolved,2,103
7,-e2,precursor,0.0,0.010120834826035128,0.010120834927198997,9.995605173626844e-09,bracketed,0,129
7,-e2,precursor,1e-10,0.010120834317543705,0.010120835936165536,1.599296836143722e-07,unresolved,2,126
7,diagmmm,angular,0.0,0.006682084813342022,0.006682084880135598,9.9959186009149e-09,bracketed,0,102
7,diagmmm,angular,1e-10,0.006682084476088425,0.006682085544785582,1.5993469711968467e-07,unresolved,2,99
7,diagmmp,angular,0.0,0.006661109425734052,0.006661109492318752,9.996037492241014e-09,bracketed,0,102
7,diagmmp,angular,1e-10,0.006661107358477331,0.006661111619897879,6.397465644520824e-07,unresolved,2,81
7,diagmpm,angular,0.0,0.008217026455383547,0.00821702653751297,9.995029649718287e-09,bracketed,0,121
7,diagmpm,angular,1e-10,0.008217025959274496,0.008217027273345202,1.5992047645073127e-07,unresolved,2,113
7,diagmpp,angular,0.0,0.007633870232456388,0.007633870308763962,9.995922337064859e-09,bracketed,0,113
7,diagmpp,angular,1e-10,0.007633867863501635,0.007633872747186136,6.397391975332069e-07,unresolved,2,92
7,diagpmm,angular,0.0,0.007636932569835231,0.007636932646173131,9.995885090330104e-09,bracketed,0,113
7,diagpmm,angular,1e-10,0.007636931039358185,0.0076369334821708755,3.1986837097966077e-07,unresolved,2,96
7,diagpmp,angular,0.0,0.0082451157517325,0.0082451158341478,9.995651093367755e-09,bracketed,0,120
7,diagpmp,angular,1e-10,0.008245114922613601,0.008245116241258338,1.59930425370926e-07,unresolved,2,106
7,diagppm,angular,0.0,0.006667278114997457,0.006667278181643515,9.995991834561419e-09,bracketed,0,105
7,diagppm,angular,1e-10,0.0066672776451674205,0.006667278711504296,1.599358737284572e-07,unresolved,2,93
7,diagppp,angular,0.0,0.006677496706970629,0.006677496773718536,9.995947524962182e-09,bracketed,0,112
7,diagppp,angular,1e-10,0.006677494367581659,0.006677498639447478,6.397408345495033e-07,unresolved,2,81
8,+e0,angular,0.0,0.005633746051083764,0.005633746107398924,9.996041619538116e-09,bracketed,0,59
8,+e0,angular,1e-10,0.005633744920271888,0.005633746722356944,3.198733846376559e-07,unresolved,2,51
8,+e0,precursor,0.0,0.00563374607425039,0.0056337461305655465,9.996040962600182e-09,bracketed,0,63
8,+e0,precursor,1e-10,0.005633742636151634,0.005633749844491238,1.2794939473766871e-06,unresolved,2,50
8,-e0,angular,0.0,0.005629170444284197,0.0056291705005548295,9.996256607958165e-09,bracketed,0,61
8,-e0,angular,1e-10,0.005629169709840928,0.005629171510501086,3.198802400926539e-07,unresolved,2,52
8,-e0,precursor,0.0,0.005629170411670102,0.005629170467940734,9.996256665874136e-09,bracketed,0,61
8,-e0,precursor,1e-10,0.0056291696225081915,0.005629171423168322,3.1988024012470856e-07,unresolved,2,54
8,+e1,angular,0.0,0.011837167445414281,0.011837167563732131,9.99545295397081e-09,bracketed,0,128
8,+e1,angular,1e-10,0.011837166375744435,0.011837168268829946,1.5992725380177732e-07,unresolved,2,115
8,+e1,precursor,0.0,0.011837167485152346,0.011837167603465537,9.99505929016042e-09,bracketed,0,137
8,+e1,precursor,1e-10,0.01183716393224263,0.011837171504286426,6.396839512522577e-07,unresolved,2,111
8,-e1,angular,0.0,0.011842859129435028,0.011842859247807931,9.99529777390791e-09,bracketed,0,133
8,-e1,angular,1e-10,0.011842857820122916,0.011842861608055612,3.19849545963364e-07,unresolved,2,113
8,-e1,precursor,0.0,0.011842859070256413,0.011842859188634626,9.995746194347293e-09,bracketed,0,131
8,-e1,precursor,1e-10,0.011842851251874509,0.011842866404285095,1.2794562951441211e-06,unresolved,2,104
8,+e2,angular,0.0,0.009409227661602935,0.009409227755654191,9.9956404232947e-09,bracketed,0,111
8,+e2,angular,1e-10,0.009409227187756919,0.009409228692576942,1.5993024653037373e-07,unresolved,2,107
8,+e2,precursor,0.0,0.009409227698252809,0.009409227792305677,9.995811658577965e-09,bracketed,0,116
8,+e2,precursor,1e-10,0.009409226003077687,0.00940922901276934,3.198660177963664e-07,unresolved,2,99
8,-e2,angular,0.0,0.0094225324393253,0.0094225325335074,9.995412800156662e-09,bracketed,0,118
8,-e2,angular,1e-10,0.009422531491408256,0.009422532998321817,1.5992661444766753e-07,unresolved,2,101
8,-e2,precursor,0.0,0.009422532407011895,0.009422532501195669,9.99559031044205e-09,bracketed,0,116
8,-e2,precursor,1e-10,0.009422531460506058,0.009422532967446367,1.5992945366804817e-07,unresolved,2,104
8,diagmmm,angular,0.0,0.006891954949194534,0.006891955018080211,9.99508516589823e-09,bracketed,0,85
8,diagmmm,angular,1e-10,0.006891953085723906,0.006891957494406969,6.396855880878128e-07,unresolved,2,72
8,diagmmp,angular,0.0,0.008432804380985336,0.008432804465278564,9.995871460884643e-09,bracketed,0,102
8,diagmmp,angular,1e-10,0.00843280193274247,0.008432807327508802,6.397359234333367e-07,unresolved,2,84
8,diagmpm,angular,0.0,0.008358281463223767,0.008358281546765782,9.995118695995431e-09,bracketed,0,99
8,diagmpm,angular,1e-10,0.008358280540479624,0.008358283213823977,3.1984381718613127e-07,unresolved,2,87
8,diagmpp,angular,0.0,0.007630934910216922,0.007630934986488523,9.995053281351582e-09,bracketed,0,96
8,diagmpp,angular,1e-10,0.0076309341436046705,0.007630935363950222,1.5992086004266202e-07,unresolved,2,82
8,diagpmm,angular,0.0,0.0076071046417072255,0.0076071047177406715,9.995057201583827e-09,bracketed,0,92
8,diagpmm,angular,1e-10,0.007607103268021021,0.007607105701091181,3.1984187338493386e-07,unresolved,2,80
8,diagpmp,angular,0.0,0.008369184943210381,0.008369185026869012,9.996030788909525e-09,bracketed,0,101
8,diagpmp,angular,1e-10,0.008369182010117087,0.0083691873642691,6.397461551083038e-07,unresolved,2,82
8,diagppm,angular,0.0,0.008417027096312306,0.008417027180447723,9.995859157910922e-09,bracketed,0,100
8,diagppm,angular,1e-10,0.008417026502655117,0.008417027848821736,1.5993375079948756e-07,unresolved,2,93
8,diagppp,angular,0.0,0.0069157864261837915,0.0069157864953153314,9.996193584088552e-09,bracketed,0,87
8,diagppp,angular,1e-10,0.00691578607633804,0.006915787182442619,1.5993909678236496e-07,unresolved,2,83
9,+e0,angular,0.0,0.005481053421850053,0.00548105347664463,9.997088633278932e-09,bracketed,0,59
9,+e0,angular,1e-10,0.0054810530350870405,0.005481053911800236,1.599534230894659e-07,unresolved,2,51
9,+e0,precursor,0.0,0.005481053373120986,0.005481053427915959,9.997161041160418e-09,bracketed,0,56
9,+e0,precursor,1e-10,0.005481052275178093,0.0054810540286171425,3.1990920015112414e-07,unresolved,2,48
9,-e0,angular,0.0,0.005482367974287444,0.0054823680290953265,9.997118480204898e-09,bracketed,0,60
9,-e0,angular,1e-10,0.00548236638203504,0.00548236988973934,6.398157394452484e-07,unresolved,2,47
9,-e0,precursor,0.0,0.005482367954986021,0.00548236800979429,9.997189076760426e-09,bracketed,0,58
9,-e0,precursor,1e-10,0.005482367405227277,0.005482368282159548,1.5995503509791137e-07,unresolved,2,52
9,+e1,angular,0.0,0.007734573237628226,0.007734573314941921,9.995857948594884e-09,bracketed,0,105
9,+e1,angular,1e-10,0.00773457045026108,0.007734575398337318,6.397351048290455e-07,unresolved,2,77
9,+e1,precursor,0.0,0.007734573208590101,0.007734573285902156,9.99564592774495e-09,bracketed,0,99
9,+e1,precursor,1e-10,0.007734572200504303,0.007734574674489961,3.198606974714232e-07,unresolved,2,85
9,-e1,angular,0.0,0.007703503248315369,0.007703503325319556,9.995995899391993e-09,bracketed,0,91
9,-e1,angular,1e-10,0.007703493464785436,0.007703513177856291,2.5589780720423335e-06,unresolved,2,69
9,-e1,precursor,0.0,0.007703503276136132,0.007703503353138842,9.995804229742307e-09,bracketed,0,95
9,-e1,precursor,1e-10,0.007703424576388783,0.007703582277931133,2.0471615031238836e-05,unresolved,2,62
9,+e2,angular,0.0,0.008344088797060384,0.00834408888046077,9.995145975120635e-09,bracketed,0,91
9,+e2,angular,1e-10,0.008344087959129023,0.008344089293535122,1.599223433457365e-07,unresolved,2,79
9,+e2,precursor,0.0,0.008344088801246687,0.008344088884646354,9.995059900130439e-09,bracketed,0,99
9,+e2,precursor,1e-10,0.008344088131569836,0.00834408946596444,1.5992096229733044e-07,unresolved,2,87
9,-e2,angular,0.0,0.008344672790768472,0.008344672874183744,9.996230326779873e-09,bracketed,0,95
9,-e2,angular,1e-10,0.008344671117271251,0.008344673786559821,3.198794215110541e-07,unresolved,2,77
9,-e2,precursor,0.0,0.008344672775844084,0.008344672859258821,9.996166316403752e-09,bracketed,0,96
9,-e2,precursor,1e-10,0.008344672187869356,0.00834467352250506,1.5993866193771513e-07,unresolved,2,87
9,diagmmm,angular,0.0,0.0064155689852753595,0.006415569049399272,9.995046881119132e-09,bracketed,0,87
9,diagmmm,angular,1e-10,0.006415568339894591,0.0064155693658771405,1.5992075766792713e-07,unresolved,2,72
9,diagmmp,angular,0.0,0.00663741182813259,0.0066374118944750315,9.99522760897536e-09,bracketed,0,82
9,diagmmp,angular,1e-10,0.006637411293485759,0.006637412354964785,1.5992364769961696e-07,unresolved,2,75
9,diagmpm,angular,0.0,0.007538631039385551,0.007538631114739339,9.99568594345819e-09,bracketed,0,97
9,diagmpm,angular,1e-10,0.00753862877543994,0.007538633598082109,6.397240549903684e-07,unresolved,2,76
9,diagmpp,angular,0.0,0.006842062441086908,0.0068420625094767476,9.995500682301402e-09,bracketed,0,83
9,diagmpp,angular,1e-10,0.006842060591015124,0.006842064967964669,6.397121871062295e-07,unresolved,2,69
9,diagpmm,angular,0.0,0.0068235843002348575,0.0068235843684400135,9.995502793225923e-09,bracketed,0,87
9,diagpmm,angular,1e-10,0.006823583886521552,0.006823584977803995,1.599280467612978e-07,unresolved,2,79
9,diagpmp,angular,0.0,0.007563636102190073,0.007563636177791682,9.995405404613219e-09,bracketed,0,95
9,diagpmp,angular,1e-10,0.007563634585021385,0.0075636370042727824,3.1985302437709886e-07,unresolved,2,76
9,diagppm,angular,0.0,0.006635131786547725,0.00663513185286723,9.99520532659014e-09,bracketed,0,81
9,diagppm,angular,1e-10,0.006635131251764148,0.006635132312876165,1.599232896180959e-07,unresolved,2,74
9,diagppp,angular,0.0,0.006433602570033684,0.00643360263434666,9.99641728745803e-09,bracketed,0,85
9,diagppp,angular,1e-10,0.006433602180896717,0.006433603209904279,1.5994267804961124e-07,unresolved,2,78
10,+e0,angular,0.0,0.006193888600906599,0.00619388866282387,9.996510374434214e-09,bracketed,0,64
10,+e0,angular,1e-10,0.006193886493655718,0.006193890456360922,6.397768522178003e-07,unresolved,2,54
10,+e0,precursor,0.0,0.0061938886161896365,0.006193888678105377,9.996263187837962e-09,bracketed,0,68
10,+e0,precursor,1e-10,0.006193887872184774,0.006193889853488382,3.1988044475066373e-07,unresolved,2,60
10,-e0,angular,0.0,0.006154750287505032,0.006154750349030335,9.996392922543567e-09,bracketed,0,66
10,-e0,angular,1e-10,0.006154734839329018,0.006154766340281769,5.118165700576773e-06,unresolved,2,46
10,-e0,precursor,0.0,0.006154750272325627,0.006154750333849518,9.996163661282594e-09,bracketed,0,65
10,-e0,precursor,1e-10,0.006154749283707545,0.00615475125247196,3.1987727275825355e-07,unresolved,2,56
10,+e1,angular,0.0,0.007918928105898133,0.007918928185049598,9.995224585670754e-09,bracketed,0,133
10,+e1,angular,1e-10,0.007918927626764015,0.007918928893187401,1.599235964750849e-07,unresolved,2,118
10,+e1,precursor,0.0,0.007918928066735473,0.007918928145885552,9.995049605849488e-09,bracketed,0,127
10,+e1,precursor,1e-10,0.00791891816963805,0.007918938432057512,2.558735805445061e-06,unresolved,2,95
10,-e1,angular,0.0,0.00792638636202675,0.007926386441252127,9.99514461894574e-09,bracketed,0,119
10,-e1,angular,1e-10,0.007926385723482959,0.007926386991088934,1.5992231759447563e-07,unresolved,2,110
10,-e1,precursor,0.0,0.007926386391898257,0.00792638647112931,9.995860453582023e-09,bracketed,0,128
10,-e1,precursor,1e-10,0.007926385516841526,0.00792638805223506,3.198675523190024e-07,unresolved,2,113
10,+e2,angular,0.0,0.007548862114189099,0.00754886218964637,9.995846989753047e-09,bracketed,0,112
10,+e2,angular,1e-10,0.007548860827205409,0.007548863241837957,3.198671432683659e-07,unresolved,2,97
10,+e2,precursor,0.0,0.007548862148155049,0.0075488622236059245,9.994999789541e-09,bracketed,0,119
10,+e2,precursor,1e-10,0.007548860861817978,0.007548863276245878,3.1984003202526365e-07,unresolved,2,101
10,-e2,angular,0.0,0.007536831700695005,0.007536831776032723,9.995940048399259e-09,bracketed,0,121
10,-e2,angular,1e-10,0.007536830717602888,0.007536833128409762,3.1987011038281135e-07,unresolved,2,98
10,-e2,precursor,0.0,0.007536831670611647,0.007536831745943144,9.995114712509424e-09,bracketed,0,116
10,-e2,precursor,1e-10,0.007536830236136531,0.007536832646744311,3.1984371475851754e-07,unresolved,2,98
10,diagmmm,angular,0.0,0.005955744183167872,0.005955744242700992,9.995916198285837e-09,bracketed,0,93
10,diagmmm,angular,1e-10,0.005955742511941607,0.005955746322061105,6.397387882439508e-07,unresolved,2,75
10,diagmmp,angular,0.0,0.009352335872516404,0.009352335965999416,9.995685841145755e-09,bracketed,0,136
10,diagmmp,angular,1e-10,0.009352332968250353,0.009352338951162723,6.397240550245788e-07,unresolved,2,112
10,diagmpm,angular,0.0,0.007386375107720706,0.007386375181548665,9.995154243711634e-09,bracketed,0,117
10,diagmpm,angular,1e-10,0.007386374584838056,0.007386375766085333,1.599224712352697e-07,unresolved,2,104
10,diagmpp,angular,0.0,0.006745427862047038,0.006745427929471901,9.995639241046814e-09,bracketed,0,111
10,diagmpp,angular,1e-10,0.006745426710916578,0.006745428868512091,3.1986049293979813e-07,unresolved,2,89
10,diagpmm,angular,0.0,0.0067688869843247085,0.0067688870519848005,9.99574850275335e-09,bracketed,0,104
10,diagpmm,angular,1e-10,0.006768886237480131,0.0067688884026029655,3.198639714909747e-07,unresolved,2,92
10,diagpmp,angular,0.0,0.007400702463123455,0.007400702537096715,9.99543761931889e-09,bracketed,0,115
10,diagpmp,angular,1e-10,0.007400701055262866,0.007400703422407053,3.1985404743673036e-07,unresolved,2,95
10,diagppm,angular,0.0,0.009433038450029466,0.00943303854431825,9.995589849202254e-09,bracketed,0,138
10,diagppm,angular,1e-10,0.00943303552348777,0.0094330415579696,6.397179164512911e-07,unresolved,2,112
10,diagppp,angular,0.0,0.005971353070080263,0.005971353129770248,9.996056844277756e-09,bracketed,0,98
10,diagppp,angular,1e-10,0.005971351336910969,0.005971355157069804,6.397477921987907e-07,unresolved,2,78
11,+e0,angular,0.0,0.006141294542036539,0.006141294603426528,9.996261888846629e-09,bracketed,0,68
11,+e0,angular,1e-10,0.00614129398225484,0.006141294964494608,1.5994019674980747e-07,unresolved,2,60
11,+e0,precursor,0.0,0.006141294512155924,0.006141294573544529,9.996036668695585e-09,bracketed,0,65
11,+e0,precursor,1e-10,0.006141294014898992,0.006141294997116614,1.5993658990392895e-07,unresolved,2,60
11,-e0,angular,0.0,0.0062410442729926964,0.006241044335380901,9.996436832744242e-09,bracketed,0,62
11,-e0,angular,1e-10,0.006241040155113597,0.006241048140803448,1.2795446996384539e-06,unresolved,2,50
11,-e0,precursor,0.0,0.006241044268832471,0.00624104433121894,9.996158607412513e-09,bracketed,0,65
11,-e0,precursor,1e-10,0.0062410420861019975,0.006241046078835763,6.397543407104251e-07,unresolved,2,55
11,+e1,angular,0.0,0.009461932855574236,0.009461932950154768,9.995899789773536e-09,bracketed,0,113
11,+e1,angular,1e-10,0.009461926703680703,0.00946193880998826,1.2794759393370707e-06,unresolved,2,89
11,+e1,precursor,0.0,0.009461932864197088,0.009461932958769672,9.99505973000201e-09,bracketed,0,117
11,+e1,precursor,1e-10,0.009461931914970294,0.009461933428131552,1.5992096237320638e-07,unresolved,2,106
11,-e1,angular,0.0,0.009508998627753224,0.009508998722801362,9.995599061899758e-09,bracketed,0,114
11,-e1,angular,1e-10,0.009508901102184584,0.00950909576076234,2.047119595260908e-05,unresolved,2,73
11,-e1,precursor,0.0,0.009508998681597765,0.009508998776647019,9.99571630757661e-09,bracketed,0,123
11,-e1,precursor,1e-10,0.009508997345877382,0.009509000387453309,3.19862948347912e-07,unresolved,2,101
11,+e2,angular,0.0,0.012462539292910652,0.012462539417476024,9.99518388496097e-09,bracketed,0,125
11,+e2,angular,1e-10,0.012462531561524978,0.012462547505891833,1.2793842708343909e-06,unresolved,2,98
11,+e2,precursor,0.0,0.012462539336857037,0.012462539461429244,9.995732278114116e-09,bracketed,0,132
11,+e2,precursor,1e-10,0.012462537586282147,0.012462541572592538,3.198634598737381e-07,unresolved,2,113
11,-e2,angular,0.0,0.012453440111439198,0.012453440235915849,9.995362734703252e-09,bracketed,0,128
11,-e2,angular,1e-10,0.01245343201485866,0.012453447947869078,1.2794071866259455e-06,unresolved,2,97
11,-e2,precursor,0.0,0.012453440066531502,0.012453440191004202,9.995045452796529e-09,bracketed,0,131
11,-e2,precursor,1e-10,0.012453439190854565,0.012453441182417677,1.5992073208209195e-07,unresolved,2,122
11,diagmmm,angular,0.0,0.007279875370635934,0.007279875443399447,9.995159174051454e-09,bracketed,0,87
11,diagmmm,angular,1e-10,0.007279874931623851,0.0072798760958399985,1.5992254785048516e-07,unresolved,2,81
11,diagmmp,angular,0.0,0.008645246580347583,0.00864524666676382,9.9958093977197e-09,bracketed,0,106
11,diagmmp,angular,1e-10,0.008645245714447138,0.008645247097106856,1.5993295775404007e-07,unresolved,2,92
11,diagmpm,angular,0.0,0.009122224628269338,0.00912222471945584,9.996081713496474e-09,bracketed,0,114
11,diagmpm,angular,1e-10,0.009122221347052418,0.009122227182988319,6.39749429352005e-07,unresolved,2,86
11,diagmpp,angular,0.0,0.008693433783512795,0.00869343387040987,9.995713635066618e-09,bracketed,0,102
11,diagmpp,angular,1e-10,0.008693433174944306,0.008693434565297444,1.599314229713715e-07,unresolved,2,94
11,diagpmm,angular,0.0,0.008622005864201239,0.008622005950380523,9.995270886184758e-09,bracketed,0,103
11,diagpmm,angular,1e-10,0.008622005079027224,0.00862200645789568,1.5992433807921913e-07,unresolved,2,92
11,diagpmp,angular,0.0,0.009068572142982631,0.009068572233626167,9.995348181679744e-09,bracketed,0,110
11,diagpmp,angular,1e-10,0.009068570499915262,0.009068573400508262,3.1985118274044306e-07,unresolved,2,91
11,diagppm,angular,0.0,0.008507189450774557,0.00850718953581157,9.995899865742634e-09,bracketed,0,102
11,diagppm,angular,1e-10,0.008507184085836348,0.008507194970573697,1.2794759393319648e-06,unresolved,2,80
11,diagppp,angular,0.0,0.0071654566725656175,0.007165456744186812,9.995342584737321e-09,bracketed,0,93
11,diagppp,angular,1e-10,0.00716545594983248,0.007165457095771528,1.5992548913415562e-07,unresolved,2,78
12,+e0,angular,0.0,0.005822558185543265,0.005822558243740415,9.995116986279883e-09,bracketed,0,61
12,+e0,angular,1e-10,0.005822556613757066,0.005822560338374531,6.396876341820104e-07,unresolved,2,50
12,+e0,precursor,0.0,0.005822558197042411,0.005822558255251234,9.997121598613123e-09,bracketed,0,63
12,+e0,precursor,1e-10,0.005822550922640678,0.0058225658240986435,2.559266232810817e-06,unresolved,2,46
12,-e0,angular,0.0,0.005657938123281051,0.0056579381798335,9.99523998374497e-09,bracketed,0,61
12,-e0,angular,1e-10,0.005657937379734348,0.005657939189412631,3.1984770449682403e-07,unresolved,2,53
12,-e0,precursor,0.0,0.005657938133477624,0.005657938190030268,9.995274304924793e-09,bracketed,0,63
12,-e0,precursor,1e-10,0.005657937787295056,0.005657938692137301,1.599243893125183e-07,unresolved,2,58
12,+e1,angular,0.0,0.0063428878919293,0.006342887955333149,9.996053862468274e-09,bracketed,0,95
12,+e1,angular,1e-10,0.006342884148025231,0.006342892263717492,1.2794955845302457e-06,unresolved,2,74
12,+e1,precursor,0.0,0.006342887922950137,0.006342887986352911,9.995884385836747e-09,bracketed,0,102
12,+e1,precursor,1e-10,0.0063428861452938905,0.006342890203071207,6.397367418340073e-07,unresolved,2,81
12,-e1,angular,0.0,0.0063345151038321406,0.00633451516715202,9.99601053649116e-09,bracketed,0,95
12,-e1,angular,1e-10,0.006334514276724953,0.006334516302960993,3.1987236140736674e-07,unresolved,2,80
12,-e1,precursor,0.0,0.006334515112063645,0.00633451517538248,9.995845664232389e-09,bracketed,0,101
12,-e1,precursor,1e-10,0.006334513145936268,0.0063345171983415155,6.39734286431324e-07,unresolved,2,80
12,+e2,angular,0.0,0.010729440398383184,0.010729440505628324,9.99540850874321e-09,bracketed,0,102
12,+e2,angular,1e-10,0.010729439748965511,0.010729441464887662,1.5992653773577571e-07,unresolved,2,91
12,+e2,precursor,0.0,0.010729440370526807,0.010729440477768115,9.995051386135671e-09,bracketed,0,102
12,+e2,precursor,1e-10,0.010729438971684256,0.010729442403405922,3.1984166875581756e-07,unresolved,2,87
12,-e2,angular,0.0,0.010742462943550652,0.010742463050924703,9.995291693090021e-09,bracketed,0,100
12,-e2,angular,1e-10,0.010742462077501631,0.01074246379548634,1.599246706164381e-07,unresolved,2,90
12,-e2,precursor,0.0,0.01074246299335585,0.01074246310073863,9.99610422842005e-09,bracketed,0,110
12,-e2,precursor,1e-10,0.010742455793524956,0.010742469538520056,1.2795021329027517e-06,unresolved,2,80
12,diagmmm,angular,0.0,0.00564369727287132,0.005643697329285753,9.996006216010202e-09,bracketed,0,80
12,diagmmm,angular,1e-10,0.005643696871775967,0.005643697774406856,1.5993610390685376e-07,unresolved,2,71
12,diagmmp,angular,0.0,0.00751450056185907,0.007514500636970154,9.995485847772598e-09,bracketed,0,98
12,diagmmp,angular,1e-10,0.0075144994261619955,0.0075145018297165835,3.198555820804921e-07,unresolved,2,84
12,diagmpm,angular,0.0,0.007597211477482454,0.007597211553417795,9.995159501075312e-09,bracketed,0,96
12,diagmpm,angular,1e-10,0.007597210102630005,0.007597212532560788,3.1984514707426205e-07,unresolved,2,82
12,diagmpp,angular,0.0,0.0069991072146966034,0.006999107284659068,9.995912692146849e-09,bracketed,0,86
12,diagmpp,angular,1e-10,0.0069991027296596175,0.006999111684854616,1.2794775765749935e-06,unresolved,2,68
12,diagpmm,angular,0.0,0.0071258633462685066,0.007125863417498206,9.995939545983777e-09,bracketed,0,95
12,diagpmm,angular,1e-10,0.00712586199229987,0.007125864271650132,3.1987011042562267e-07,unresolved,2,77
12,diagpmp,angular,0.0,0.0077813860428566795,0.007781386120639783,9.996047402645447e-09,bracketed,0,98
12,diagpmp,angular,1e-10,0.0077813763968493845,0.007781396309322865,2.558991168827787e-06,unresolved,2,73
12,diagppm,angular,0.0,0.007680737097482116,0.007680737174255156,9.995530273686549e-09,bracketed,0,95
12,diagppm,angular,1e-10,0.007680735562024652,0.007680738018761797,3.1985701440648405e-07,unresolved,2,81
12,diagppp,angular,0.0,0.005728950882882224,0.005728950940149618,9.996139803374088e-09,bracketed,0,76
12,diagppp,angular,1e-10,0.005728949107034053,0.005728952772147078,6.397531128715228e-07,unresolved,2,63
13,+e0,angular,0.0,0.005087544044376799,0.005087544095232354,9.996091349111915e-09,bracketed,0,55
13,+e0,angular,1e-10,0.005087540585989773,0.005087547095500475,1.2795004957986794e-06,unresolved,2,43
13,+e0,precursor,0.0,0.005087544065390423,0.005087544116247938,9.99647643867317e-09,bracketed,0,66
13,+e0,precursor,1e-10,0.0050875438122709215,0.0050875446259911195,1.5994362466838126e-07,unresolved,2,59
13,-e0,angular,0.0,0.00495485995224071,0.004954860001770129,9.996129074396893e-09,bracketed,0,55
13,-e0,angular,1e-10,0.004954859400305046,0.004954860985246381,3.198761472819548e-07,unresolved,2,49
13,-e0,precursor,0.0,0.004954859953816991,0.004954860003348713,9.996593661149568e-09,bracketed,0,57
13,-e0,precursor,1e-10,0.004954858264022227,0.004954861434052216,6.397821732916959e-07,unresolved,2,48
13,+e1,angular,0.0,0.008281425278112813,0.008281425360887563,9.995230025711856e-09,bracketed,0,107
13,+e1,angular,1e-10,0.00828142394910803,0.008281426597899929,3.1984739769841263e-07,unresolved,2,91
13,+e1,precursor,0.0,0.00828142527447304,0.00828142535725093,9.995609173716917e-09,bracketed,0,111
13,+e1,precursor,1e-10,0.008281422870474352,0.008281428168259103,6.397191441230869e-07,unresolved,2,91
13,-e1,angular,0.0,0.008283274444219581,0.008283274527012073,9.995140468905657e-09,bracketed,0,122
13,-e1,angular,1e-10,0.008283273031201223,0.008283275680560817,3.198445330217152e-07,unresolved,2,90
13,-e1,precursor,0.0,0.008283274367338628,0.008283274450134317,9.995526531670251e-09,bracketed,0,109
13,-e1,precursor,1e-10,0.008283273617818053,0.008283274942549,1.5992843039159328e-07,unresolved,2,99
13,+e2,angular,0.0,0.008237015828938453,0.008237015911267525,9.995012039395153e-09,bracketed,0,97
13,+e2,angular,1e-10,0.008237015166528628,0.008237016483793701,1.5992019517144395e-07,unresolved,2,88
13,+e2,precursor,0.0,0.008237015830067345,0.008237015912403202,9.995835698396328e-09,bracketed,0,100
13,+e2,precursor,1e-10,0.008237010475935704,0.008237021014924998,1.2794677540958383e-06,unresolved,2,79
13,-e2,angular,0.0,0.008289735282705966,0.008289735365567772,9.995711941642689e-09,bracketed,0,105
13,-e2,angular,1e-10,0.00828973453064844,0.008289735856437268,1.5993139741430183e-07,unresolved,2,89
13,-e2,precursor,0.0,0.008289735213668728,0.008289735296527361,9.995329285372077e-09,bracketed,0,99
13,-e2,precursor,1e-10,0.008289733965322144,0.008289736616798271,3.1985056918487934e-07,unresolved,2,86
13,diagmmm,angular,0.0,0.005726007600166918,0.005726007657404974,9.996154442208542e-09,bracketed,0,82
13,diagmmm,angular,1e-10,0.005726006965069918,0.005726008796687651,3.1987696566292364e-07,unresolved,2,68
13,diagmmp,angular,0.0,0.007414960538368395,0.007414960612481783,9.995115656529498e-09,bracketed,0,95
13,diagmmp,angular,1e-10,0.00741495978806346,0.007414960973877602,1.5992185744565276e-07,unresolved,2,85
13,diagmpm,angular,0.0,0.007344900400183874,0.007344900473599445,9.995448183806019e-09,bracketed,0,99
13,diagmpm,angular,1e-10,0.007344899803300179,0.007344900977949272,1.5992717720623728e-07,unresolved,2,87
13,diagmpp,angular,0.0,0.0061369775511829275,0.006136977612529574,9.99623120682095e-09,bracketed,0,83
13,diagmpp,angular,1e-10,0.006136976747311139,0.00613697871040371,3.1987942143865824e-07,unresolved,2,72
13,diagpmm,angular,0.0,0.006255684806129981,0.0062556848686628995,9.996174682347572e-09,bracketed,0,82
13,diagpmm,angular,1e-10,0.006255676738600197,0.006255692747026554,2.5590239115630143e-06,unresolved,2,62
13,diagpmp,angular,0.0,0.007476410576629022,0.007476410651361579,9.995780334658917e-09,bracketed,0,94
13,diagpmp,angular,1e-10,0.007476409680695441,0.0074764120721371825,3.1986499453837765e-07,unresolved,2,84
13,diagppm,angular,0.0,0.007587989647984644,0.007587989723827567,9.995127379726755e-09,bracketed,0,96
13,diagppm,angular,1e-10,0.007587988130964629,0.007587990557938046,3.19844123978408e-07,unresolved,2,81
13,diagppp,angular,0.0,0.005856905185186537,0.005856905243731248,9.995844032788658e-09,bracketed,0,78
13,diagppp,angular,1e-10,0.005856904247006596,0.005856906120437226,3.1986704088660646e-07,unresolved,2,67
14,+e0,angular,0.0,0.006505534233345418,0.006505534298379703,9.996763204378612e-09,bracketed,0,63
14,+e0,angular,1e-10,0.006505525845475379,0.006505542494251481,2.559174538383665e-06,unresolved,2,47
14,+e0,precursor,0.0,0.006505534244602364,0.006505534309634416,9.99641987069926e-09,bracketed,0,67
14,+e0,precursor,1e-10,0.006505533466525748,0.006505535547551304,3.198854585221712e-07,unresolved,2,59
14,-e0,angular,0.0,0.006279617689971939,0.006279617752736494,9.994964333322147e-09,bracketed,0,66
14,-e0,angular,1e-10,0.00627961642443515,0.006279618432900803,3.1983890682516694e-07,unresolved,2,57
14,-e0,precursor,0.0,0.00627961771580391,0.006279617778579095,9.99665699367035e-09,bracketed,0,73
14,-e0,precursor,1e-10,0.006279617268046045,0.006279618272448945,1.599465154304201e-07,unresolved,2,63
14,+e1,angular,0.0,0.0062737325297928005,0.006273732592499349,9.995094306210065e-09,bracketed,0,107
14,+e1,angular,1e-10,0.0062737285750937835,0.006273736601531559,1.2793728130939816e-06,unresolved,2,83
14,+e1,precursor,0.0,0.006273732518239591,0.006273732580948604,9.995487239368694e-09,bracketed,0,110
14,+e1,precursor,1e-10,0.006273730382807874,0.006273734396184523,6.397113685729419e-07,unresolved,2,91
14,-e1,angular,0.0,0.006259383458476293,0.006259383521040173,9.995214497846669e-09,bracketed,0,108
14,-e1,angular,1e-10,0.006259382703830486,0.006259384705874553,3.198468861413362e-07,unresolved,2,93
14,-e1,precursor,0.0,0.006259383453606824,0.00625938351617316,9.995606796827843e-09,bracketed,0,111
14,-e1,precursor,1e-10,0.0062593831377411886,0.0062593841388025135,1.5992970919839574e-07,unresolved,2,108
14,+e2,angular,0.0,0.009745555793069991,0.00974555589048228,9.995560065896474e-09,bracketed,0,121
14,+e2,angular,1e-10,0.009745554908681765,0.0097455564672783,1.5992896755748624e-07,unresolved,2,110
14,+e2,precursor,0.0,0.009745555830484804,0.009745555927895382,9.995384518050967e-09,bracketed,0,128
14,+e2,precursor,1e-10,0.0097455551418078,0.009745556700376953,1.599261541560379e-07,unresolved,2,118
14,-e2,angular,0.0,0.009652100977410264,0.009652101073885727,9.995281158043235e-09,bracketed,0,123
14,-e2,angular,1e-10,0.009652099429536345,0.009652102516751028,3.198490345116406e-07,unresolved,2,104
14,-e2,precursor,0.0,0.009652100949581601,0.009652101046055551,9.995124466694518e-09,bracketed,0,125
14,-e2,precursor,1e-10,0.0096520993062057,0.00965210239337196,3.198440215753757e-07,unresolved,2,107
14,diagmmm,angular,0.0,0.006575709030553272,0.0065757090962812355,9.99557060156158e-09,bracketed,0,97
14,diagmmm,angular,1e-10,0.006575706985479203,0.006575711192068701,6.397166885676533e-07,unresolved,2,80
14,diagmmp,angular,0.0,0.006720640019205771,0.006720640086383965,9.995803113823128e-09,bracketed,0,102
14,diagmmp,angular,1e-10,0.006720639406675358,0.006720640481526409,1.599328554926207e-07,unresolved,2,93
14,diagmpm,angular,0.0,0.0066324505177751975,0.006632450584068193,9.995249149777102e-09,bracketed,0,101
14,diagmpm,angular,1e-10,0.006632449317002022,0.0066324514383777474,3.1984801147581497e-07,unresolved,2,83
14,diagmpp,angular,0.0,0.00829988257527858,0.008299882658239768,9.995465298923815e-09,bracketed,0,130
14,diagmpp,angular,1e-10,0.008299877503417053,0.008299888122448668,1.2794202817730448e-06,unresolved,2,95
14,diagpmm,angular,0.0,0.00846956362796387,0.008469563712623706,9.995773117919484e-09,bracketed,0,123
14,diagpmm,angular,1e-10,0.00846956193611246,0.00846956464522711,3.1986478994569224e-07,unresolved,2,102
14,diagpmp,angular,0.0,0.006783054411059484,0.006783054478856798,9.995100976847521e-09,bracketed,0,98
14,diagpmp,angular,1e-10,0.006783046003054051,0.006783063359165549,2.55874889980695e-06,unresolved,2,72
14,diagppm,angular,0.0,0.006852783289130308,0.006852783357630006,9.995894399563958e-09,bracketed,0,101
14,diagppm,angular,1e-10,0.0068527828094565035,0.006852783905451617,1.5993431336083752e-07,unresolved,2,93
14,diagppp,angular,0.0,0.00672792406922409,0.006727924136472735,9.995452435066396e-09,bracketed,0,99
14,diagppp,angular,1e-10,0.006727919898969051,0.006727928506795211,1.2794186449081596e-06,unresolved,2,78
15,+e0,angular,0.0,0.00580321124859734,0.005803211306611376,9.996885137909039e-09,bracketed,0,58
15,+e0,angular,1e-10,0.005803207764847506,0.005803215190643799,1.2796020052832863e-06,unresolved,2,46
15,+e0,precursor,0.0,0.00580321127783138,0.005803211335845232,9.99685325206331e-09,bracketed,0,66
15,+e0,precursor,1e-10,0.005803196714286975,0.00580322641737758,5.118401472080997e-06,unresolved,2,44
15,-e0,angular,0.0,0.005738119688064678,0.00573811974541705,9.994976595347659e-09,bracketed,0,63
15,-e0,angular,1e-10,0.00573811916645422,0.005738120084092128,1.5991963250479406e-07,unresolved,2,56
15,-e0,precursor,0.0,0.005738119680390169,0.005738119737742541,9.994976608715546e-09,bracketed,0,64
15,-e0,precursor,1e-10,0.0057381191601578955,0.005738120077795802,1.5991963237795503e-07,unresolved,2,58
15,+e1,angular,0.0,0.007605757500187273,0.007605757576211898,9.995667750588984e-09,bracketed,0,121
15,+e1,angular,1e-10,0.007605756051247272,0.007605758484035155,3.198614136728832e-07,unresolved,2,101
15,+e1,precursor,0.0,0.007605757515791584,0.007605757591816013,9.995641957007229e-09,bracketed,0,129
15,+e1,precursor,1e-10,0.007605757055902192,0.007605758272292987,1.599302720873205e-07,unresolved,2,117
15,-e1,angular,0.0,0.007563618378186037,0.007563618453790754,9.99583970940607e-09,bracketed,0,118
15,-e1,angular,1e-10,0.007563616332266715,0.007563621170968315,6.397338770624519e-07,unresolved,2,98
15,-e1,precursor,0.0,0.007563618375834134,0.0075636184514388085,9.995834093414649e-09,bracketed,0,121
15,-e1,precursor,1e-10,0.007563617011063936,0.007563619430413407,3.19866734027173e-07,unresolved,2,105
15,+e2,angular,0.0,0.010179231564820253,0.010179231666562498,9.995081081465204e-09,bracketed,0,144
15,+e2,angular,1e-10,0.010179224639213821,0.010179237662220422,1.2793711762705851e-06,unresolved,2,105
15,+e2,precursor,0.0,0.010179231492096803,0.010179231593842347,9.995405287760213e-09,bracketed,0,136
15,+e2,precursor,1e-10,0.010179230773932676,0.010179232401861289,1.5992648651429529e-07,unresolved,2,126
15,-e2,angular,0.0,0.010167234210064493,0.010167234311688297,9.995226111418354e-09,bracketed,0,141
15,-e2,angular,1e-10,0.01016723349303886,0.010167235119019666,1.599236220656356e-07,unresolved,2,125
15,-e2,precursor,0.0,0.010167234202810769,0.01016723430443781,9.995544493629701e-09,bracketed,0,144
15,-e2,precursor,1e-10,0.010167233588548551,0.010167235214581122,1.5992871183502238e-07,unresolved,2,132
15,diagmmm,angular,0.0,0.007233984766449545,0.007233984838760208,9.995965570921119e-09,bracketed,0,104
15,diagmmm,angular,1e-10,0.00723398367617894,0.007233985990120019,3.198709289733084e-07,unresolved,2,90
15,diagmmp,angular,0.0,0.007412411182755789,0.007412411256842777,9.994991704282533e-09,bracketed,0,114
15,diagmmp,angular,1e-10,0.007412406286535431,0.0074124157696694535,1.2793597188628335e-06,unresolved,2,84
15,diagmpm,angular,0.0,0.006971135254143319,0.006971135323822982,9.995454189433544e-09,bracketed,0,107
15,diagmpm,angular,1e-10,0.006971134343858668,0.006971136573607768,3.198545589068223e-07,unresolved,2,90
15,diagmpp,angular,0.0,0.0073041651672006,0.007304165240210641,9.995672202118082e-09,bracketed,0,110
15,diagmpp,angular,1e-10,0.00730416472396364,0.00730416589212424,1.5993075793274402e-07,unresolved,2,103
15,diagpmm,angular,0.0,0.0073440799419273225,0.007344080015335831,9.995603127838069e-09,bracketed,0,108
15,diagpmm,angular,1e-10,0.0073440792039445296,0.007344080378480606,1.5992965808518235e-07,unresolved,2,96
15,diagpmp,angular,0.0,0.007022933399347374,0.007022933469542808,9.995172910741324e-09,bracketed,0,105
15,diagpmp,angular,1e-10,0.0070229325524133294,0.0070229347986670975,3.1984555615412307e-07,unresolved,2,92
15,diagppm,angular,0.0,0.0074695652260153445,0.007469565300673753,9.995013971552646e-09,bracketed,0,115
15,diagppm,angular,1e-10,0.0074695626096371774,0.007469567387775107,6.396810870054949e-07,unresolved,2,89
15,diagppp,angular,0.0,0.007288093204562872,0.0072880932774142555,9.995945679468657e-09,bracketed,0,106
15,diagppp,angular,1e-10,0.007288092837232364,0.007288094002854453,1.5993513191082534e-07,unresolved,2,103
16,+e0,angular,0.0,0.006919008538415232,0.006919008607576886,9.995890931178014e-09,bracketed,0,71
16,+e0,angular,1e-10,0.006919007845310439,0.006919008951896854,1.5993426214495606e-07,unresolved,2,64
16,+e0,precursor,0.0,0.006919008516064011,0.006919008585221433,9.995279210314946e-09,bracketed,0,68
16,+e0,precursor,1e-10,0.006918999386647891,0.006919017090947065,2.558794730987748e-06,unresolved,2,54
16,-e0,angular,0.0,0.006769963110319794,0.0067699631779926835,9.996050016603073e-09,bracketed,0,69
16,-e0,angular,1e-10,0.006769960869429004,0.006769965200493753,6.397473829703432e-07,unresolved,2,57
16,-e0,precursor,0.0,0.0067699631257640966,0.00676996319343362,9.995552763482987e-09,bracketed,0,69
16,-e0,precursor,1e-10,0.006769961833204334,0.006769963998628961,3.1985773041075855e-07,unresolved,2,59
16,+e1,angular,0.0,0.014455186788884952,0.014455186933364977,9.995029969247995e-09,bracketed,0,152
16,+e1,angular,1e-10,0.014455177101780917,0.014455195595223208,1.279364629102716e-06,unresolved,2,120
16,+e1,precursor,0.0,0.014455186823878245,0.014455186968364866,9.995486211631924e-09,bracketed,0,160
16,+e1,precursor,1e-10,0.014455185084782328,0.014455189708353966,3.198555820129904e-07,unresolved,2,140
16,-e1,angular,0.0,0.014548934218849549,0.014548934364269968,9.995262647754888e-09,bracketed,0,154
16,-e1,angular,1e-10,0.014548932753300879,0.01454893508002746,1.599242102464971e-07,unresolved,2,138
16,-e1,precursor,0.0,0.014548934215216676,0.01454893436063328,9.995000455311392e-09,bracketed,0,160
16,-e1,precursor,1e-10,0.014548932605440459,0.01454893725877153,3.1984003207381405e-07,unresolved,2,142
16,+e2,angular,0.0,0.01152149624663247,0.011521496361798287,9.995734378107438e-09,bracketed,0,143
16,+e2,angular,1e-10,0.011521495203923808,0.011521497046576762,1.5993175548988208e-07,unresolved,2,119
16,+e2,precursor,0.0,0.01152149624305289,0.01152149635821374,9.995303466817536e-09,bracketed,0,145
16,+e2,precursor,1e-10,0.011521494164736298,0.011521497849883332,3.198497505668879e-07,unresolved,2,116
16,-e2,angular,0.0,0.01155845629606953,0.011558456411602528,9.99553877607802e-09,bracketed,0,129
16,-e2,angular,1e-10,0.01155845270673141,0.011558460100842851,6.397146425037785e-07,unresolved,2,106
16,-e2,precursor,0.0,0.0115584563948873,0.011558456510414997,9.995080038120433e-09,bracketed,0,154
16,-e2,precursor,1e-10,0.011558454770511432,0.011558458467397534,3.1984258935990505e-07,unresolved,2,120
16,diagmmm,angular,0.0,0.010269143504492428,0.010269143607141021,9.995828055754632e-09,bracketed,0,135
16,diagmmm,angular,1e-10,0.010269142057815733,0.010269145342570563,3.198665293316259e-07,unresolved,2,107
16,diagmmp,angular,0.0,0.009575424557187009,0.009575424652901114,9.995807963695737e-09,bracketed,0,112
16,diagmmp,angular,1e-10,0.009575423782399254,0.009575425313824857,1.5993293220759007e-07,unresolved,2,103
16,diagmpm,angular,0.0,0.0080245067002336,0.008024506780442246,9.995461404938562e-09,bracketed,0,97
16,diagmpm,angular,1e-10,0.008024503805083294,0.00802450893843647,6.397097317481481e-07,unresolved,2,81
16,diagmpp,angular,0.0,0.010154876014273716,0.010154876115774668,9.995292074280763e-09,bracketed,0,120
16,diagmpp,angular,1e-10,0.010154667723050174,0.010155083470924905,4.0941553782928985e-05,unresolved,2,72
16,diagpmm,angular,0.0,0.010316773096025172,0.0103167731991455,9.995405277294757e-09,bracketed,0,121
16,diagpmm,angular,1e-10,0.010316772475949143,0.010316774125874319,1.5992648665046528e-07,unresolved,2,114
16,diagpmp,angular,0.0,0.008147360421815558,0.008147360503251079,9.995325762509469e-09,bracketed,0,110
16,diagpmp,angular,1e-10,0.008147359034512603,0.008147361640449192,3.198504667269268e-07,unresolved,2,85
16,diagppm,angular,0.0,0.009765340100879948,0.009765340198490189,9.995580293375705e-09,bracketed,0,114
16,diagppm,angular,1e-10,0.009765333851058274,0.009765346345168329,1.2794350143209443e-06,unresolved,2,90
16,diagppp,angular,0.0,0.010491729051950234,0.010491729156820694,9.995536390549409e-09,bracketed,0,125
16,diagppp,angular,1e-10,0.01049172841979528,0.01049173009772255,1.599285839485027e-07,unresolved,2,117
17,+e0,angular,0.0,0.005676326233110396,0.005676326289851934,9.996172762714891e-09,bracketed,0,59
17,+e0,angular,1e-10,0.005676325098220749,0.0056763269139498826,3.198775796785472e-07,unresolved,2,51
17,+e0,precursor,0.0,0.005676326268487384,0.005676326325229096,9.996203413890779e-09,bracketed,0,63
17,+e0,precursor,1e-10,0.0056763242835063355,0.005676327914975698,6.397572056886921e-07,unresolved,2,52
17,-e0,angular,0.0,0.005471430109226769,0.005471430163922224,9.996555502064905e-09,bracketed,0,61
17,-e0,angular,1e-10,0.0054714284059904405,0.0054714319064993605,6.397797175273045e-07,unresolved,2,50
17,-e0,precursor,0.0,0.005471430129555723,0.005471430184251957,9.996697820910757e-09,bracketed,0,68
17,-e0,precursor,1e-10,0.005471429302409839,0.005471431052689222,3.198943613500263e-07,unresolved,2,55
17,+e1,angular,0.0,0.008672932183812807,0.00867293227050358,9.995555426174155e-09,bracketed,0,124
17,+e1,angular,1e-10,0.008672931484618989,0.008672932871671302,1.5992889091122698e-07,unresolved,2,112
17,+e1,precursor,0.0,0.008672932176038668,0.008672932262727875,9.995374820865573e-09,bracketed,0,128
17,+e1,precursor,1e-10,0.008672931564300589,0.008672932951327848,1.5992600061348076e-07,unresolved,2,118
17,-e1,angular,0.0,0.008647476941022133,0.008647477027459714,9.995699513351227e-09,bracketed,0,148
17,-e1,angular,1e-10,0.008647475207214799,0.00864747797321729,3.1986243672355143e-07,unresolved,2,105
17,-e1,precursor,0.0,0.0086474769189958,0.00864747700543195,9.995534040033116e-09,bracketed,0,132
17,-e1,precursor,1e-10,0.008647475791002909,0.008647478556959583,3.198571167608887e-07,unresolved,2,111
17,+e2,angular,0.0,0.007477735694707777,0.0074777357694478675,9.995016393170276e-09,bracketed,0,141
17,+e2,angular,1e-10,0.00747773486657064,0.007477737258253424,3.198405435319e-07,unresolved,2,124
17,+e2,precursor,0.0,0.007477735675973556,0.007477735750714983,9.995195162753075e-09,bracketed,0,141
17,+e2,precursor,1e-10,0.007477734624401056,0.0074777370161266,3.198462722083139e-07,unresolved,2,124
17,-e2,angular,0.0,0.007441520705589015,0.0074415207799701216,9.995417502910907e-09,bracketed,0,144
17,-e2,angular,1e-10,0.007441518544987653,0.007441523305378168,6.397068671078901e-07,unresolved,2,112
17,-e2,precursor,0.0,0.007441520714680583,0.007441520789063023,9.995596755449488e-09,bracketed,0,155
17,-e2,precursor,1e-10,0.007441520042437911,0.0074415212325569064,1.5992955589095333e-07,unresolved,2,130
17,diagmmm,angular,0.0,0.006851965155147967,0.006851965223632923,9.99493634352897e-09,bracketed,0,122
17,diagmmm,angular,1e-10,0.006851964325094212,0.0068519665166126825,3.1983798604176956e-07,unresolved,2,101
17,diagmmp,angular,0.0,0.006898881477661639,0.006898881546619969,9.995581127357703e-09,bracketed,0,118
17,diagmmp,angular,1e-10,0.006898880986226628,0.0068988820895598355,1.599293001264805e-07,unresolved,2,108
17,diagmpm,angular,0.0,0.006396526603874984,0.006396526667812525,9.995665614332477e-09,bracketed,0,110
17,diagmpm,angular,1e-10,0.006396526085124831,0.006396527108125442,1.5993065561275215e-07,unresolved,2,100
17,diagmpp,angular,0.0,0.0070744510088119605,0.007074451079525186,9.995577765374142e-09,bracketed,0,119
17,diagmpp,angular,1e-10,0.007074450505292957,0.007074451636704513,1.5992924888557178e-07,unresolved,2,109
17,diagpmm,angular,0.0,0.007253797994911982,0.007253798067417197,9.995483114381246e-09,bracketed,0,125
17,diagpmm,angular,1e-10,0.00725379719696117,0.007253799517127952,3.1985547965992953e-07,unresolved,2,106
17,diagpmp,angular,0.0,0.00654100067961918,0.006541000745000126,9.995557048785493e-09,bracketed,0,107
17,diagpmp,angular,1e-10,0.006541000221037719,0.006541001267132796,1.5992891630196414e-07,unresolved,2,99
17,diagppm,angular,0.0,0.00705892828342437,0.007058928353982928,9.995647397897114e-09,bracketed,0,130
17,diagppm,angular,1e-10,0.007058926096254304,0.007058930612001798,6.397215996094066e-07,unresolved,2,95
17,diagppp,angular,0.0,0.007031373053220576,0.007031373123504204,9.99571880826118e-09,bracketed,0,114
17,diagppp,angular,1e-10,0.007031372701189478,0.007031373825727459,1.5993149968757575e-07,unresolved,2,111
18,+e0,angular,0.0,0.006033247123974476,0.00603324718428762,9.996796583420488e-09,bracketed,0,60
18,+e0,angular,1e-10,0.006033245970861013,0.006033247900881518,3.198975335523687e-07,unresolved,2,51
18,+e0,precursor,0.0,0.006033247099694443,0.006033247160006874,9.996678449915544e-09,bracketed,0,65
18,+e0,precursor,1e-10,0.006033246128308218,0.006033248058305931,3.198937473818333e-07,unresolved,2,57
18,-e0,angular,0.0,0.006112076672888456,0.006112076733978882,9.995035957508517e-09,bracketed,0,65
18,-e0,angular,1e-10,0.006112076243595688,0.006112077221042457,1.5992057860551563e-07,unresolved,2,60
18,-e0,precursor,0.0,0.00611207670840928,0.006112076769510914,9.996869653955904e-09,bracketed,0,65
18,-e0,precursor,1e-10,0.0061120762198151705,0.006112077197441261,1.5994991802543478e-07,unresolved,2,56
18,+e1,angular,0.0,0.006209177842301081,0.006209177904364538,9.995438749000767e-09,bracketed,0,95
18,+e1,angular,1e-10,0.006209177341769853,0.006209178334785105,1.599270237961042e-07,unresolved,2,85
18,+e1,precursor,0.0,0.006209177860057612,0.006209177922119719,9.995221362354893e-09,bracketed,0,101
18,+e1,precursor,1e-10,0.006209177422262021,0.0062091784152556884,1.5992354539057384e-07,unresolved,2,89
18,-e1,angular,0.0,0.006251695083782751,0.006251695146269302,9.995137289738769e-09,bracketed,0,92
18,-e1,angular,1e-10,0.006251694079542396,0.00625169607911193,3.1984443077579077e-07,unresolved,2,80
18,-e1,precursor,0.0,0.006251695127515725,0.006251695190008321,9.996104239353777e-09,bracketed,0,102
18,-e1,precursor,1e-10,0.006251690937120033,0.006251698936171921,1.2795021328361527e-06,unresolved,2,77
18,+e2,angular,0.0,0.010908619952805072,0.0109086200618451,9.9957673362325e-09,bracketed,0,124
18,+e2,angular,1e-10,0.010908618418361656,0.010908621907642363,3.198645852815658e-07,unresolved,2,105
18,+e2,precursor,0.0,0.01090861999520213,0.01090862010424059,9.995623540425688e-09,bracketed,0,146
18,+e2,precursor,1e-10,0.010908618570719869,0.010908622059950402,3.19859981385961e-07,unresolved,2,110
18,-e2,angular,0.0,0.010970139720514784,0.010970139830169059,9.995704524908828e-09,bracketed,0,126
18,-e2,angular,1e-10,0.010970135767140735,0.01097014278501394,6.397252826586036e-07,unresolved,2,97
18,-e2,precursor,0.0,0.010970139700002018,0.010970139809654441,9.995535659271428e-09,bracketed,0,129
18,-e2,precursor,1e-10,0.01097012598854194,0.010970154059560797,2.558860206885584e-06,unresolved,2,95
18,diagmmm,angular,0.0,0.006016285444452708,0.006016285504592966,9.996244157641956e-09,bracketed,0,102
18,diagmmm,angular,1e-10,0.006016284841028225,0.006016285803272313,1.5993991535555796e-07,unresolved,2,79
18,diagmmp,angular,0.0,0.007160575251365249,0.007160575322939669,9.995624302432167e-09,bracketed,0,101
18,diagmmp,angular,1e-10,0.007160574747472084,0.007160575892662736,1.5992999064511225e-07,unresolved,2,93
18,diagmpm,angular,0.0,0.008046997920102078,0.008046998000535311,9.995433550410668e-09,bracketed,0,107
18,diagmpm,angular,1e-10,0.008046987943540812,0.00804700853444729,2.5588340162323e-06,unresolved,2,81
18,diagmpp,angular,0.0,0.00743846692669674,0.007438467001046094,9.995252336684248e-09,bracketed,0,105
18,diagmpp,angular,1e-10,0.00743846565963551,0.007438468038814721,3.1984811374806036e-07,unresolved,2,87
18,diagpmm,angular,0.0,0.007392017298982891,0.007392017372866893,9.995106661577123e-09,bracketed,0,100
18,diagpmm,angular,1e-10,0.007392012341758531,0.007392021798910254,1.2793744498732975e-06,unresolved,2,77
18,diagpmp,angular,0.0,0.007936040105972798,0.007936040185297616,9.995516213206733e-09,bracketed,0,110
18,diagpmp,angular,1e-10,0.00793603494231072,0.007936045095886746,1.2794268295075167e-06,unresolved,2,84
18,diagppm,angular,0.0,0.007064726550253237,0.007064726620870505,9.995753797375366e-09,bracketed,0,104
18,diagppm,angular,1e-10,0.007064726120145266,0.007064727250021484,1.599320623917818e-07,unresolved,2,94
18,diagppp,angular,0.0,0.005930617070064411,0.005930617129340832,9.994983784088376e-09,bracketed,0,88
18,diagppp,angular,1e-10,0.005930615997062684,0.005930617893908061,3.198395205303629e-07,unresolved,2,74
19,+e0,angular,0.0,0.006232928436499079,0.006232928498804859,9.996229053726856e-09,bracketed,0,62
19,+e0,angular,1e-10,0.006232926378908007,0.006232930366477775,6.397588428017239e-07,unresolved,2,52
19,+e0,precursor,0.0,0.00623292847671964,0.006232928539024047,9.996008702139266e-09,bracketed,0,69
19,+e0,precursor,1e-10,0.006232864738548259,0.006232992337967895,2.0472034126817108e-05,unresolved,2,44
19,-e0,angular,0.0,0.006126567402601982,0.006126567463843743,9.996096797779205e-09,bracketed,0,68
19,-e0,angular,1e-10,0.006126566598085043,0.006126568557821293,3.1987512396056487e-07,unresolved,2,57
19,-e0,precursor,0.0,0.0061265673589267124,0.006126567420167516,9.995940571507554e-09,bracketed,0,66
19,-e0,precursor,1e-10,0.006126566800164874,0.006126567780017673,1.5993505509468618e-07,unresolved,2,60
19,+e1,angular,0.0,0.009048710798573579,0.009048710889023145,9.99585114974185e-09,bracketed,0,124
19,+e1,angular,1e-10,0.009048710159979448,0.009048711607172445,1.5993362278131506e-07,unresolved,2,112
19,+e1,precursor,0.0,0.00904871079407142,0.00904871088452048,9.995795175552422e-09,bracketed,0,127
19,+e1,precursor,1e-10,0.009048710156174245,0.009048711603359141,1.599327275653215e-07,unresolved,2,116
19,-e1,angular,0.0,0.009016961002350905,0.009016961092482623,9.99579770143968e-09,bracketed,0,118
19,-e1,angular,1e-10,0.009016955316215599,0.009016966853074885,1.2794628431683787e-06,unresolved,2,94
19,-e1,precursor,0.0,0.00901696105380917,0.009016961143940516,9.995756474113972e-09,bracketed,0,124
19,-e1,precursor,1e-10,0.009016960145360717,0.009016961587462213,1.5993211373488072e-07,unresolved,2,109
19,+e2,angular,0.0,0.008533119037576524,0.008533119122867543,9.995292303260114e-09,bracketed,0,113
19,+e2,angular,1e-10,0.008532944184170797,0.008533293536164041,4.094155378302309e-05,unresolved,2,68
19,+e2,precursor,0.0,0.008533119021737194,0.008533119107029504,9.995443571815207e-09,bracketed,0,117
19,+e2,precursor,1e-10,0.008533118504005201,0.0085331198686821,1.599271003469625e-07,unresolved,2,111
19,-e2,angular,0.0,0.008494411931687321,0.008494412016593279,9.9955073933049e-09,bracketed,0,112
19,-e2,angular,1e-10,0.008494411246302878,0.008494412604798128,1.5992812343658418e-07,unresolved,2,102
19,-e2,precursor,0.0,0.008494411902087131,0.008494411986994455,9.99566835300214e-09,bracketed,0,116
19,-e2,precursor,1e-10,0.008494410623154331,0.008494413340188522,3.1986141380768196e-07,unresolved,2,101
19,diagmmm,angular,0.0,0.006475956028572812,0.006475956093306963,9.996076262129835e-09,bracketed,0,98
19,diagmmm,angular,1e-10,0.006475954274056029,0.00647595841704143,6.397490200824609e-07,unresolved,2,75
19,diagmmp,angular,0.0,0.008977420603938146,0.008977420693667543,9.995008753841066e-09,bracketed,0,123
19,diagmmp,angular,1e-10,0.008977419874650141,0.00897742131032042,1.599201439708026e-07,unresolved,2,111
19,diagmpm,angular,0.0,0.00886074735690594,0.008860747445474538,9.995612680083759e-09,bracketed,0,117
19,diagmpm,angular,1e-10,0.008860746549817122,0.00886074796691465,1.5992981177117512e-07,unresolved,2,105
19,diagmpp,angular,0.0,0.0067918628625059305,0.0067918629303939946,9.995499830935155e-09,bracketed,0,93
19,diagmpp,angular,1e-10,0.0067918604115110755,0.006791864756346954,6.397121870860766e-07,unresolved,2,75
19,diagpmm,angular,0.0,0.006857299367082882,0.006857299435625065,9.995506910915476e-09,bracketed,0,91
19,diagpmm,angular,1e-10,0.006857297307233691,0.006857301693933155,6.397125963877639e-07,unresolved,2,76
19,diagpmp,angular,0.0,0.008992719669243136,0.008992719759130803,9.995604228803281e-09,bracketed,0,121
19,diagpmp,angular,1e-10,0.008992718317581624,0.008992721193986817,3.1985936738759363e-07,unresolved,2,101
19,diagppm,angular,0.0,0.009129757919380501,0.009129758010633263,9.995091118158656e-09,bracketed,0,129
19,diagppm,angular,1e-10,0.009129754996642377,0.009129760836818808,6.396859973952849e-07,unresolved,2,96
19,diagppp,angular,0.0,0.006590412711798197,0.0065904127776750115,9.99585569234983e-09,bracketed,0,92
19,diagppp,angular,1e-10,0.006590412049970736,0.006590413103999716,1.5993369937361363e-07,unresolved,2,80
20,+e0,angular,0.0,0.005062784262009734,0.0050627843126124575,9.995038457419568e-09,bracketed,0,57
20,+e0,angular,1e-10,0.005062783546461312,0.005062785165748379,3.198412595666745e-07,unresolved,2,50
20,+e0,precursor,0.0,0.005062784250226369,0.00506278430083206,9.99562457014612e-09,bracketed,0,59
20,+e0,precursor,1e-10,0.0050627710869274685,0.005062796997039612,5.117772796480614e-06,unresolved,2,43
20,-e0,angular,0.0,0.005136335219942777,0.005136335271281014,9.99511021280516e-09,bracketed,0,57
20,-e0,angular,1e-10,0.005136333625744051,0.005136336911391055,6.396872249758147e-07,unresolved,2,47
20,-e0,precursor,0.0,0.005136335238203452,0.005136335289544358,9.99562978355484e-09,bracketed,0,58
20,-e0,precursor,1e-10,0.005136334415293976,0.005136336058202857,3.1986018591303443e-07,unresolved,2,50
20,+e1,angular,0.0,0.008651747636847246,0.008651747723324641,9.995367215900551e-09,bracketed,0,105
20,+e1,angular,1e-10,0.00865174598721134,0.008651748754487838,3.1985179665680306e-07,unresolved,2,86
20,+e1,precursor,0.0,0.008651747587786557,0.00865174767426944,9.996001672165243e-09,bracketed,0,102
20,+e1,precursor,1e-10,0.008651741701493772,0.008651752771302423,1.2794890362269634e-06,unresolved,2,83
20,-e1,angular,0.0,0.008658298021696067,0.008658298108238448,9.995310935658042e-09,bracketed,0,100
20,-e1,angular,1e-10,0.008658297408976483,0.008658298793654503,1.5992497767268286e-07,unresolved,2,93
20,-e1,precursor,0.0,0.008658298025496561,0.008658298112044476,9.995950060100853e-09,bracketed,0,104
20,-e1,precursor,1e-10,0.008658297154212694,0.008658299923745817,3.1987041728203825e-07,unresolved,2,94
20,+e2,angular,0.0,0.01164878650531186,0.011648786621747105,9.995482797539624e-09,bracketed,0,123
20,+e2,angular,1e-10,0.011648784867243231,0.011648788593170903,3.198554797568297e-07,unresolved,2,104
20,+e2,precursor,0.0,0.011648786482126288,0.011648786598561426,9.995473584467972e-09,bracketed,0,123
20,+e2,precursor,1e-10,0.011648785194370057,0.011648788920294258,3.19855172787912e-07,unresolved,2,108
20,-e2,angular,0.0,0.011670096611773859,0.011670096728420112,9.995311718546004e-09,bracketed,0,116
20,-e2,angular,1e-10,0.011670089136608303,0.011670104067327804,1.279400639212063e-06,unresolved,2,91
20,-e2,precursor,0.0,0.011670096607957115,0.011670096724603198,9.995297154420547e-09,bracketed,0,120
20,-e2,precursor,1e-10,0.011670094616207799,0.011670098348882264,3.1984954599022915e-07,unresolved,2,104
20,diagmmm,angular,0.0,0.0065649255605595425,0.00656492562617882,9.99543357614649e-09,bracketed,0,78
20,diagmmm,angular,1e-10,0.0065649174862896734,0.00656493428482385,2.5588340160584217e-06,unresolved,2,59
20,diagmmp,angular,0.0,0.0068315736086674295,0.006831573676951522,9.995368080822077e-09,bracketed,0,86
20,diagmmp,angular,1e-10,0.006831572922922366,0.006831574015467803,1.599258983633182e-07,unresolved,2,74
20,diagmpm,angular,0.0,0.008279524132390716,0.008279524215150592,9.995728500616e-09,bracketed,0,95
20,diagmpm,angular,1e-10,0.008279522474833642,0.0082795251231495,3.198633576184806e-07,unresolved,2,82
20,diagmpp,angular,0.0,0.007290445855172512,0.007290445928044572,9.995556018994798e-09,bracketed,0,99
20,diagmpp,angular,1e-10,0.007290444539919852,0.007290446871825642,3.198578327047404e-07,unresolved,2,71
20,diagpmm,angular,0.0,0.007185140378814648,0.007185140450635008,9.995679504677377e-09,bracketed,0,94
20,diagpmm,angular,1e-10,0.00718513828832862,0.007185142884831482,6.397236458145226e-07,unresolved,2,71
20,diagpmp,angular,0.0,0.00819574321515653,0.008195743297076525,9.995432133781082e-09,bracketed,0,96
20,diagpmp,angular,1e-10,0.008195742385680289,0.008195743696400137,1.5992692143662582e-07,unresolved,2,86
20,diagppm,angular,0.0,0.00676675184002583,0.006766751907660639,9.995166190594564e-09,bracketed,0,82
20,diagppm,angular,1e-10,0.006766750817367127,0.0067667529816809215,3.19845351568359e-07,unresolved,2,71
20,diagppp,angular,0.0,0.0065033688018183555,0.006503368866821407,9.995289139126315e-09,bracketed,0,81
20,diagppp,angular,1e-10,0.006503366649120385,0.006503370809315463,6.396986826428605e-07,unresolved,2,67
21,+e0,angular,0.0,0.00582023156544422,0.005820231623626325,9.996527660517645e-09,bracketed,0,67
21,+e0,angular,1e-10,0.005820231211684079,0.00582023214259772,1.5994444334836547e-07,unresolved,2,58
21,+e0,precursor,0.0,0.0058202315485065895,0.0058202316066887,9.996528434735328e-09,bracketed,0,64
21,+e0,precursor,1e-10,0.005820230730023314,0.00582023259185074,3.1988893775872934e-07,unresolved,2,55
21,-e0,angular,0.0,0.005800016840169526,0.0058000168981502745,9.996651780889329e-09,bracketed,0,62
21,-e0,angular,1e-10,0.005800015212159245,0.005800018922926951,6.397858573689856e-07,unresolved,2,51
21,-e0,precursor,0.0,0.005800016852025285,0.005800016910006095,9.996662228583759e-09,bracketed,0,67
21,-e0,precursor,1e-10,0.0058000157465546535,0.005800017601940457,3.1989323553663155e-07,unresolved,2,56
21,+e1,angular,0.0,0.005523215054711468,0.0055232151099234295,9.996344736121614e-09,bracketed,0,83
21,+e1,angular,1e-10,0.00552321350510023,0.005523217038665602,6.397662102565862e-07,unresolved,2,68
21,+e1,precursor,0.0,0.005523215051558783,0.005523215106765113,9.995325085755502e-09,bracketed,0,85
21,+e1,precursor,1e-10,0.005523214606451818,0.005523215489753062,1.5992520782159116e-07,unresolved,2,77
21,-e1,angular,0.0,0.005542381810005253,0.005542381865407628,9.996131139085886e-09,bracketed,0,82
21,-e1,angular,1e-10,0.005542381528362353,0.005542382414800319,1.5993809915399843e-07,unresolved,2,79
21,-e1,precursor,0.0,0.005542381812520645,0.0055423818679170254,9.995049432758179e-09,bracketed,0,86
21,-e1,precursor,1e-10,0.005542374717388566,0.005542388898861202,2.5587358053352725e-06,unresolved,2,66
21,+e2,angular,0.0,0.007186198282859152,0.0071861983546866615,9.99520280278352e-09,bracketed,0,122
21,+e2,angular,1e-10,0.007186188940171249,0.007186207328012492,2.5587750888058877e-06,unresolved,2,91
21,+e2,precursor,0.0,0.0071861982708606355,0.00718619834268674,9.995007288265972e-09,bracketed,0,127
21,+e2,precursor,1e-10,0.007186197835364859,0.007186198984582467,1.599201183375992e-07,unresolved,2,121
21,-e2,angular,0.0,0.007188249602331021,0.0071882496741781455,9.995079272233089e-09,bracketed,0,124
21,-e2,angular,1e-10,0.0071882491649958614,0.007188250314549791,1.599212691562616e-07,unresolved,2,117
21,-e2,precursor,0.0,0.007188249603142998,0.007188249674995095,9.995771036849322e-09,bracketed,0,129
21,-e2,precursor,1e-10,0.0071882488792493066,0.007188250028882797,1.599323437664749e-07,unresolved,2,116
21,diagmmm,angular,0.0,0.005756297594599434,0.005756297652137232,9.995625920591909e-09,bracketed,0,101
21,diagmmm,angular,1e-10,0.005756297301971013,0.005756298222575733,1.599300160790863e-07,unresolved,2,97
21,diagmmp,angular,0.0,0.00595794582831947,0.00595794588787198,9.995476854113124e-09,bracketed,0,98
21,diagmmp,angular,1e-10,0.005957945227619731,0.005957946180459837,1.5992763763772418e-07,unresolved,2,87
21,diagmpm,angular,0.0,0.006779387987808907,0.006779388055575038,9.995906912247705e-09,bracketed,0,112
21,diagmpm,angular,1e-10,0.006779387304545203,0.006779388388803243,1.5993451788710687e-07,unresolved,2,97
21,diagmpp,angular,0.0,0.0058899232110307675,0.005889923269906515,9.996012689817588e-09,bracketed,0,103
21,diagmpp,angular,1e-10,0.00588992279492249,0.005889923736934397,1.5993620623676383e-07,unresolved,2,88
21,diagpmm,angular,0.0,0.0059139082616283065,0.005913908320742345,9.995765186401088e-09,bracketed,0,97
21,diagpmm,angular,1e-10,0.005913907961025158,0.005913908906849714,1.5993224143187942e-07,unresolved,2,94
21,diagpmp,angular,0.0,0.006787602641750236,0.006787602709598817,9.995956653423701e-09,bracketed,0,109
21,diagpmp,angular,1e-10,0.006787602094321445,0.006787603179898696,1.599353109198784e-07,unresolved,2,98
21,diagppm,angular,0.0,0.005944220339239388,0.0059442203986557925,9.995659766553426e-09,bracketed,0,105
21,diagppm,angular,1e-10,0.005944218255389223,0.005944222058038899,6.397224180990762e-07,unresolved,2,78
21,diagppp,angular,0.0,0.005756017970864294,0.005756018028399909,9.995732371288433e-09,bracketed,0,98
21,diagppp,angular,1e-10,0.005756017218864134,0.005756019060003717,3.1986345988891863e-07,unresolved,2,81
22,+e0,angular,0.0,0.005513857295257967,0.005513857350376676,9.99639746271626e-09,bracketed,0,60
22,+e0,angular,1e-10,0.005513856572908654,0.005513858336707244,3.1988474246632163e-07,unresolved,2,52
22,+e0,precursor,0.0,0.005513857303260742,0.0055138573583804786,9.996583855581377e-09,bracketed,0,61
22,+e0,precursor,1e-10,0.005513850077518823,0.005513864188170767,2.5591286934285834e-06,unresolved,2,47
22,-e0,angular,0.0,0.005532534305644517,0.005532534360950342,9.996472135275738e-09,bracketed,0,62
22,-e0,angular,1e-10,0.005532532476390332,0.005532536015962958,6.397743963647226e-07,unresolved,2,49
22,-e0,precursor,0.0,0.0055325343032681315,0.0055325343585749046,9.996643494382276e-09,bracketed,0,64
22,-e0,precursor,1e-10,0.005532533525547091,0.005532535295363745,3.1989262158112084e-07,unresolved,2,54
22,+e1,angular,0.0,0.011203596746027885,0.011203596858014109,9.995560055573302e-09,bracketed,0,103
22,+e1,angular,1e-10,0.011203595728410874,0.01120359752019037,1.5992896751878853e-07,unresolved,2,92
22,+e1,precursor,0.0,0.011203596748285562,0.011203596860266996,9.995132550532598e-09,bracketed,0,105
22,+e1,precursor,1e-10,0.011203589572472484,0.011203603906095407,1.2793777235002248e-06,unresolved,2,82
22,-e1,angular,0.0,0.011223503890406564,0.01122350400259085,9.99547799525494e-09,bracketed,0,102
22,-e1,angular,1e-10,0.011223496812725275,0.011223511172313103,1.279421918804533e-06,unresolved,2,80
22,-e1,precursor,0.0,0.01122350387202958,0.011223503984208915,9.995036892621559e-09,bracketed,0,101
22,-e1,precursor,1e-10,0.011223446651249445,0.011223561522882597,1.0234969410131733e-05,unresolved,2,72
22,+e2,angular,0.0,0.006793333718259308,0.0067933337861609995,9.995341614334404e-09,bracketed,0,95
22,+e2,angular,1e-10,0.0067933324224918505,0.006793334595345871,3.1985097823975013e-07,unresolved,2,82
22,+e2,precursor,0.0,0.006793333776541838,0.0067933338444416715,9.995068041526457e-09,bracketed,0,120
22,+e2,precursor,1e-10,0.0067933333640517405,0.006793334450449018,1.5992109020339006e-07,unresolved,2,97
22,-e2,angular,0.0,0.006822168056816515,0.006822168125004562,9.995069991627765e-09,bracketed,0,97
22,-e2,angular,1e-10,0.006822166822723042,0.0068221690047404505,3.198422825874661e-07,unresolved,2,84
22,-e2,precursor,0.0,0.006822168049078838,0.006822168117273096,9.995980316225157e-09,bracketed,0,99
22,-e2,precursor,1e-10,0.006822166270283907,0.006822170634716211,6.39742880852782e-07,unresolved,2,84
22,diagmmm,angular,0.0,0.005533021204850381,0.0055330212601554015,9.9954469835861e-09,bracketed,0,74
22,diagmmm,angular,1e-10,0.005533020923748158,0.005533021808628434,1.5992715155406105e-07,unresolved,2,71
22,diagmmp,angular,0.0,0.00787954566896752,0.007879545747729002,9.99568820595695e-09,bracketed,0,102
22,diagmmp,angular,1e-10,0.007879545190960005,0.007879546451143655,1.5993101373229836e-07,unresolved,2,92
22,diagmpm,angular,0.0,0.007476237770721681,0.007476237845448241,9.995209128036168e-09,bracketed,0,89
22,diagmpm,angular,1e-10,0.007476232832385877,0.0074762423973850425,1.2793875444427442e-06,unresolved,2,71
22,diagmpp,angular,0.0,0.007852548369107586,0.007852548447599752,9.995757071773728e-09,bracketed,0,95
22,diagmpp,angular,1e-10,0.007852547970523222,0.007852549226397816,1.5993211353438403e-07,unresolved,2,92
22,diagpmm,angular,0.0,0.007836067570183828,0.007836067648510785,9.995697084724959e-09,bracketed,0,94
22,diagpmm,angular,1e-10,0.007836066465918834,0.007836068972381347,3.198623345190686e-07,unresolved,2,83
22,diagpmp,angular,0.0,0.0074353832194218455,0.007435383293741058,9.995343891425694e-09,bracketed,0,89
22,diagpmp,angular,1e-10,0.007435345383849866,0.007435421486719156,1.0235283683616414e-05,unresolved,2,61
22,diagppm,angular,0.0,0.00788095745353165,0.007880957532305137,9.99542079278086e-09,bracketed,0,94
22,diagppm,angular,1e-10,0.007880937672921463,0.007880978004944254,5.117668032009257e-06,unresolved,2,68
22,diagppp,angular,0.0,0.0055214247653294826,0.005521424820518138,9.995364978126182e-09,bracketed,0,78
22,diagppp,angular,1e-10,0.005521424262832525,0.005521425145850979,1.599258472926722e-07,unresolved,2,66
23,+e0,angular,0.0,0.0046820978230497756,0.004682097869849572,9.995476054875212e-09,bracketed,0,56
23,+e0,angular,1e-10,0.004682096972650756,0.004682098470244171,3.198552749927988e-07,unresolved,2,47
23,+e0,precursor,0.0,0.0046820978166404875,0.004682097863444468,9.996369717769882e-09,bracketed,0,56
23,+e0,precursor,1e-10,0.004682096171637515,0.004682099167092104,6.39767847439446e-07,unresolved,2,46
23,-e0,angular,0.0,0.0047829775660598985,0.004782977613868323,9.995536063773273e-09,bracketed,0,53
23,-e0,angular,1e-10,0.004782977085791409,0.00478297785072616,1.5992858383060937e-07,unresolved,2,48
23,-e0,precursor,0.0,0.0047829775767231335,0.004782977624535442,9.996348097535853e-09,bracketed,0,55
23,-e0,precursor,1e-10,0.004782974706909911,0.004782980826885031,1.279533239161583e-06,unresolved,2,44
23,+e1,angular,0.0,0.010450459454523548,0.010450459558983667,9.995744189860652e-09,bracketed,0,123
23,+e1,angular,1e-10,0.010450458714813825,0.010450460386175637,1.599319088964399e-07,unresolved,2,109
23,+e1,precursor,0.0,0.010450459444864727,0.010450459549325315,9.995789017735263e-09,bracketed,0,125
23,+e1,precursor,1e-10,0.010450457347957711,0.010450460690696401,3.1986530146152805e-07,unresolved,2,104
23,-e1,angular,0.0,0.010486509771912058,0.010486509876730086,9.995511357100429e-09,bracketed,0,122
23,-e1,angular,1e-10,0.010486507979635712,0.010486511333812409,3.1985640055971834e-07,unresolved,2,100
23,-e1,precursor,0.0,0.01048650971476485,0.010486509819583266,9.995548466613964e-09,bracketed,0,119
23,-e1,precursor,1e-10,0.010486456247836815,0.010486563581888536,1.0235493209956438e-05,unresolved,2,83
23,+e2,angular,0.0,0.009867934785762422,0.009867934884397002,9.995463266825731e-09,bracketed,0,110
23,+e2,angular,1e-10,0.009867933099947747,0.009867936256254164,3.198548658213313e-07,unresolved,2,95
23,+e2,precursor,0.0,0.0098679348039322,0.009867934902569552,9.99574416719185e-09,bracketed,0,114
23,+e2,precursor,1e-10,0.009867934204008447,0.009867935782206003,1.5993190901482617e-07,unresolved,2,108
23,-e2,angular,0.0,0.009865063323301641,0.009865063421907554,9.995466844309944e-09,bracketed,0,110
23,-e2,angular,1e-10,0.009865062032302769,0.009865065187691872,3.1985496821512696e-07,unresolved,2,96
23,-e2,precursor,0.0,0.00986506337536259,0.009865063473971286,9.995748847169543e-09,bracketed,0,118
23,-e2,precursor,1e-10,0.009865062479690032,0.009865064057429063,1.599319857004545e-07,unresolved,2,105
23,diagmmm,angular,0.0,0.006446339981324184,0.006446340045759837,9.995695725098704e-09,bracketed,0,88
23,diagmmm,angular,1e-10,0.0064463361771323014,0.0064463444248954935,1.2794497471744288e-06,unresolved,2,63
23,diagmmp,angular,0.0,0.006684754175331771,0.006684754242150642,9.995710985980296e-09,bracketed,0,79
23,diagmmp,angular,1e-10,0.006684751900654956,0.0066847561770624914,6.397256919825183e-07,unresolved,2,65
23,diagmpm,angular,0.0,0.00784487779226695,0.007844877870684776,9.996054512080849e-09,bracketed,0,95
23,diagmpm,angular,1e-10,0.007844877397307468,0.007844878651992616,1.5993687140037426e-07,unresolved,2,92
23,diagmpp,angular,0.0,0.006863302581977168,0.006863302650583246,9.996073677975598e-09,bracketed,0,84
23,diagmpp,angular,1e-10,0.006863302236163346,0.006863303333860539,1.5993717831257395e-07,unresolved,2,81
23,diagpmm,angular,0.0,0.006737425198304182,0.0067374252656519015,9.996061912812178e-09,bracketed,0,85
23,diagpmm,angular,1e-10,0.006737424515383884,0.006737425592947342,1.599369990922904e-07,unresolved,2,74
23,diagpmp,angular,0.0,0.007673241089122663,0.00767324116582529,9.996118458677045e-09,bracketed,0,92
23,diagpmp,angular,1e-10,0.007673240694684417,0.007673241921926378,1.5993789451736545e-07,unresolved,2,89
23,diagppm,angular,0.0,0.00657049795305794,0.006570498018734239,9.99563502454665e-09,bracketed,0,81
23,diagppm,angular,1e-10,0.006570496170287736,0.006570500373570678,6.397207810879332e-07,unresolved,2,68
23,diagppp,angular,0.0,0.0063587787925003195,0.006358778856058912,9.995408629700217e-09,bracketed,0,80
23,diagppp,angular,1e-10,0.006358778465042891,0.006358779481980315,1.5992653771748435e-07,unresolved,2,77
24,+e0,angular,0.0,0.005927629277749746,0.005927629337002921,9.996099897482742e-09,bracketed,0,62
24,+e0,angular,1e-10,0.0059276283869760735,0.0059276302830775455,3.1987522635167386e-07,unresolved,2,54
24,+e0,precursor,0.0,0.005927629296644903,0.005927629355897982,9.996083769843128e-09,bracketed,0,65
24,+e0,precursor,1e-10,0.005927628347283312,0.005927630243381738,3.1987471459933126e-07,unresolved,2,56
24,-e0,angular,0.0,0.005732205327786193,0.005732205385087456,9.996373021625369e-09,bracketed,0,61
24,-e0,angular,1e-10,0.005732201535990152,0.005732208870551319,1.279536513426183e-06,unresolved,2,49
24,-e0,precursor,0.0,0.005732205326821313,0.005732205384123142,9.996471831215729e-09,bracketed,0,63
24,-e0,precursor,1e-10,0.005732203254688317,0.0057322069220051945,6.397743963911159e-07,unresolved,2,53
24,+e1,angular,0.0,0.009743211490905738,0.009743211588293572,9.995455194546162e-09,bracketed,0,110
24,+e1,angular,1e-10,0.009743208072774012,0.009743214305595048,6.397093225124245e-07,unresolved,2,89
24,+e1,precursor,0.0,0.00974321149601335,0.009743211593404957,9.995842435704674e-09,bracketed,0,114
24,+e1,precursor,1e-10,0.009743199216057602,0.00974322414830794,2.558938782432469e-06,unresolved,2,85
24,-e1,angular,0.0,0.009757355297493322,0.009757355395021663,9.995366401259823e-09,bracketed,0,108
24,-e1,angular,1e-10,0.009757352459077124,0.009757358700890555,6.397035934573809e-07,unresolved,2,90
24,-e1,precursor,0.0,0.009757355309261794,0.009757355406793934,9.995755741061623e-09,bracketed,0,112
24,-e1,precursor,1e-10,0.0097573519840314,0.009757358226088104,6.397285568188498e-07,unresolved,2,93
24,+e2,angular,0.0,0.007431063851827038,0.007431063926107094,9.99588451202645e-09,bracketed,0,98
24,+e2,angular,1e-10,0.007431061913306651,0.007431066667229988,6.397367419235983e-07,unresolved,2,83
24,+e2,precursor,0.0,0.0074310638890114755,0.007431063963289614,9.995626391719226e-09,bracketed,0,102
24,+e2,precursor,1e-10,0.007431062619513261,0.007431064996413571,3.1986008353822347e-07,unresolved,2,87
24,-e2,angular,0.0,0.007436811926759878,0.00743681200109708,9.995842697726069e-09,bracketed,0,102
24,-e2,angular,1e-10,0.007436802627178945,0.007436821657501606,2.5589387825138323e-06,unresolved,2,75
24,-e2,precursor,0.0,0.007436811927840871,0.007436812002176118,9.99557981032461e-09,bracketed,0,101
24,-e2,precursor,1e-10,0.007436806940422067,0.007436816455333261,1.2794350142792949e-06,unresolved,2,79
24,diagmmm,angular,0.0,0.006051226473387756,0.006051226533870834,9.995176682542009e-09,bracketed,0,82
24,diagmmm,angular,1e-10,0.006051226041600945,0.006051227009330133,1.5992282915846926e-07,unresolved,2,75
24,diagmmp,angular,0.0,0.008672393634492752,0.00867239372117918,9.995674872153108e-09,bracketed,0,113
24,diagmmp,angular,1e-10,0.00867239266676005,0.008672395440725601,3.198616181996399e-07,unresolved,2,97
24,diagmpm,angular,0.0,0.007451564489815923,0.007451564564293734,9.994922700187454e-09,bracketed,0,94
24,diagmpm,angular,1e-10,0.007451562988138835,0.007451565371428685,3.198375768932959e-07,unresolved,2,81
24,diagmpp,angular,0.0,0.006957255887993587,0.0069572559575323545,9.99514294503645e-09,bracketed,0,86
24,diagmpp,angular,1e-10,0.006957255320700866,0.006957256433321084,1.5992229218171673e-07,unresolved,2,79
24,diagpmm,angular,0.0,0.007112078330028845,0.007112078401114592,9.995073643086036e-09,bracketed,0,102
24,diagpmm,angular,1e-10,0.007112077331196459,0.007112079605940234,3.1984238491192483e-07,unresolved,2,80
24,diagpmp,angular,0.0,0.007627673209686425,0.007627673285933247,9.996078768448924e-09,bracketed,0,94
24,diagpmp,angular,1e-10,0.007627668174283623,0.007627677933876346,1.2794988586804748e-06,unresolved,2,75
24,diagppm,angular,0.0,0.008919328173156417,0.008919328262309994,9.99554844841593e-09,bracketed,0,107
24,diagppm,angular,1e-10,0.008919282790805446,0.008919374084063889,1.0235493209904778e-05,unresolved,2,72
24,diagppp,angular,0.0,0.006199414371562066,0.006199414433532729,9.996212426203977e-09,bracketed,0,83
24,diagppp,angular,1e-10,0.006199413933639032,0.006199414925169601,1.5993940382132816e-07,unresolved,2,76
25,+e0,angular,0.0,0.005728398633911523,0.005728398691177475,9.99685168388516e-09,bracketed,0,58
25,+e0,angular,1e-10,0.005728397941010406,0.005728399773520745,3.1989927334938506e-07,unresolved,2,51
25,+e0,precursor,0.0,0.0057283986282499096,0.0057283986855163616,9.996939059843714e-09,bracketed,0,60
25,+e0,precursor,1e-10,0.005728396733302708,0.0057284003983554405,6.398042774082355e-07,unresolved,2,50
25,-e0,angular,0.0,0.0057036284437044765,0.005703628500723435,9.99696223100988e-09,bracketed,0,58
25,-e0,angular,1e-10,0.005703627924640412,0.005703628836943695,1.5995140204080192e-07,unresolved,2,52
25,-e0,precursor,0.0,0.005703628449975212,0.0057036285069947176,9.997058177401405e-09,bracketed,0,61
25,-e0,precursor,1e-10,0.005703627874426026,0.005703628786738056,1.5995293709448738e-07,unresolved,2,54
25,+e1,angular,0.0,0.011134653030059257,0.011134653141350953,9.995075378125652e-09,bracketed,0,137
25,+e1,angular,1e-10,0.011134639105970548,0.011134667596643208,2.558742352444217e-06,unresolved,2,102
25,+e1,precursor,0.0,0.011134653092870166,0.011134653204165637,9.995414331701708e-09,bracketed,0,148
25,+e1,precursor,1e-10,0.011134646514817614,0.01113466076063729,1.2794137342147182e-06,unresolved,2,110
25,-e1,angular,0.0,0.011075438428982974,0.011075438539686526,9.995410379265766e-09,bracketed,0,134
25,-e1,angular,1e-10,0.01107543443338515,0.011075441518412079,6.397064577773616e-07,unresolved,2,109
25,-e1,precursor,0.0,0.011075438420205851,0.011075438530904286,9.994948334664998e-09,bracketed,0,137
25,-e1,precursor,1e-10,0.011075436196510462,0.011075439738860202,3.198383952627364e-07,unresolved,2,117
25,+e2,angular,0.0,0.011627747269914985,0.011627747386134812,9.995042415955376e-09,bracketed,0,142
25,+e2,angular,1e-10,0.011627746444765096,0.011627748304282225,1.5992068090339131e-07,unresolved,2,130
25,+e2,precursor,0.0,0.011627747251586149,0.011627747367808942,9.995297543649265e-09,bracketed,0,143
25,+e2,precursor,1e-10,0.011627745730091042,0.011627749449220234,3.198495459433709e-07,unresolved,2,124
25,-e2,angular,0.0,0.0116208745397604,0.01162087465591119,9.995012851849527e-09,bracketed,0,151
25,-e2,angular,1e-10,0.011620872901210388,0.011620876618035503,3.1984044113066854e-07,unresolved,2,120
25,-e2,precursor,0.0,0.011620874505550282,0.011620874621704089,9.995272473107278e-09,bracketed,0,148
25,-e2,precursor,1e-10,0.011620873681050095,0.011620875539510925,1.5992436375106622e-07,unresolved,2,134
25,diagmmm,angular,0.0,0.007523589195939356,0.007523589271143579,9.995790718860567e-09,bracketed,0,95
25,diagmmm,angular,1e-10,0.007523588886588536,0.00752359008985605,1.599326506995117e-07,unresolved,2,118
25,diagmmp,angular,0.0,0.008024491854058026,0.008024491934267384,9.995568530849554e-09,bracketed,0,106
25,diagmmp,angular,1e-10,0.008024490241458248,0.008024492808157589,3.1985824191713295e-07,unresolved,2,88
25,diagmpm,angular,0.0,0.008345842214110558,0.008345842297527748,9.995059537701683e-09,bracketed,0,105
25,diagmpm,angular,1e-10,0.008345839952541408,0.008345845291241286,6.396839513300971e-07,unresolved,2,88
25,diagmpp,angular,0.0,0.008421218683295314,0.008421218767472163,9.995803776659398e-09,bracketed,0,110
25,diagmpp,angular,1e-10,0.008421132393615624,0.008421304787796114,2.0471615031335062e-05,unresolved,2,69
25,diagpmm,angular,0.0,0.00845129424540645,0.008451294329882682,9.995656181466471e-09,bracketed,0,108
25,diagpmm,angular,1e-10,0.00845129372975581,0.00845129508137546,1.5993050209316605e-07,unresolved,2,102
25,diagpmp,angular,0.0,0.008368488212782191,0.008368488296425409,9.99502123030617e-09,bracketed,0,108
25,diagpmp,angular,1e-10,0.008368487367771241,0.008368488706062658,1.5992034857767865e-07,unresolved,2,96
25,diagppm,angular,0.0,0.008054958351947757,0.008054958432460606,9.995439621343036e-09,bracketed,0,110
25,diagppm,angular,1e-10,0.008054953432292518,0.008054963737936939,1.2794170081549728e-06,unresolved,2,82
25,diagppp,angular,0.0,0.007533192733221845,0.0075331928085227585,9.99588298628184e-09,bracketed,0,99
25,diagppp,angular,1e-10,0.00753319204855945,0.007533193253373999,1.5993413437172906e-07,unresolved,2,89
26,+e0,angular,0.0,0.0050132441006313444,0.005013244150746485,9.996549007037794e-09,bracketed,0,54
26,+e0,angular,1e-10,0.005013242447777484,0.005013245655146268,6.397793081098409e-07,unresolved,2,45
26,+e0,precursor,0.0,0.005013244101730233,0.005013244151847897,9.997052475774052e-09,bracketed,0,53
26,+e0,precursor,1e-10,0.005013243201310881,0.00501324480507606,3.19905720592127e-07,unresolved,2,46
26,-e0,angular,0.0,0.004798231920369914,0.004798231968335175,9.996444919556007e-09,bracketed,0,53
26,-e0,angular,1e-10,0.0047982311415142665,0.004798232676402564,3.198862772387901e-07,unresolved,2,46
26,-e0,precursor,0.0,0.004798231940940076,0.004798231988908408,9.997084972459562e-09,bracketed,0,55
26,-e0,precursor,1e-10,0.004798231354699986,0.0047982328896865566,3.1990674410456416e-07,unresolved,2,48
26,+e1,angular,0.0,0.010260400817529637,0.010260400920086685,9.995423156207064e-09,bracketed,0,129
26,+e1,angular,1e-10,0.010260397217297903,0.010260403780948661,6.397072763672084e-07,unresolved,2,96
26,+e1,precursor,0.0,0.01026040076042823,0.01026040086298581,9.99547511624959e-09,bracketed,0,122
26,+e1,precursor,1e-10,0.010260397878864111,0.010260404442548884,6.397105502411454e-07,unresolved,2,102
26,-e1,angular,0.0,0.010256322783794332,0.010256322886310773,9.995438294742315e-09,bracketed,0,127
26,-e1,angular,1e-10,0.010256321542881374,0.01025632482340733,3.198540473863485e-07,unresolved,2,105
26,-e1,precursor,0.0,0.010256322705793974,0.01025632280831096,9.995491479771185e-09,bracketed,0,121
26,-e1,precursor,1e-10,0.01025632187572398,0.010256323515995668,1.5992786765544346e-07,unresolved,2,112
26,+e2,angular,0.0,0.00883724519634922,0.008837245284682198,9.995533237139456e-09,bracketed,0,131
26,+e2,angular,1e-10,0.008837244745580017,0.008837246158907602,1.59928532688864e-07,unresolved,2,126
26,+e2,precursor,0.0,0.00883724520325967,0.00883724529159249,9.995515366309088e-09,bracketed,0,139
26,+e2,precursor,1e-10,0.008837244488117993,0.008837245901443053,1.5992825153993113e-07,unresolved,2,114
26,-e2,angular,0.0,0.008836354600281796,0.008836354688605792,9.995524136603155e-09,bracketed,0,117
26,-e2,angular,1e-10,0.008836353089502202,0.00883635591586991,3.198568095860537e-07,unresolved,2,101
26,-e2,precursor,0.0,0.008836354672680524,0.008836354761004365,9.9955065825259e-09,bracketed,0,132
26,-e2,precursor,1e-10,0.008836351925994926,0.008836357578720559,6.397125963751086e-07,unresolved,2,101
26,diagmmm,angular,0.0,0.005641026812768901,0.005641026869151694,9.99512932724139e-09,bracketed,0,79
26,diagmmm,angular,1e-10,0.005641024941081069,0.005641028549579583,6.396884524429937e-07,unresolved,2,66
26,diagmmp,angular,0.0,0.00650023023452912,0.006500230299499542,9.995095546955351e-09,bracketed,0,87
26,diagmmp,angular,1e-10,0.006500229051990804,0.00650023113104422,3.1984310087789163e-07,unresolved,2,76
26,diagmpm,angular,0.0,0.00795576444624983,0.007955764525768584,9.995111716239556e-09,bracketed,0,108
26,diagmpm,angular,1e-10,0.007955763075520428,0.00795576562012043,3.1984361258306917e-07,unresolved,2,92
26,diagmpp,angular,0.0,0.007577679971880901,0.007577680047619742,9.994990774863745e-09,bracketed,0,101
26,diagmpp,angular,1e-10,0.007577679122423266,0.007577681546066074,3.198397250827331e-07,unresolved,2,90
26,diagpmm,angular,0.0,0.007914005839707831,0.00791400591881615,9.995989446585772e-09,bracketed,0,102
26,diagpmm,angular,1e-10,0.007914000777084741,0.00791401090294901,1.2794873988287483e-06,unresolved,2,80
26,diagpmp,angular,0.0,0.008269660836669149,0.008269660919328754,9.995525389480306e-09,bracketed,0,115
26,diagpmp,angular,1e-10,0.008269657862946422,0.008269663153160876,6.397138239182695e-07,unresolved,2,85
26,diagppm,angular,0.0,0.006746724521679361,0.006746724589121428,9.996268036663785e-09,bracketed,0,89
26,diagppm,angular,1e-10,0.006746722632633481,0.006746726948925514,6.397612986362648e-07,unresolved,2,75
26,diagppp,angular,0.0,0.00581396544487785,0.005813965502989635,9.995206524702057e-09,bracketed,0,78
26,diagppp,angular,1e-10,0.005813963874394401,0.005813967593548504,6.396933630755427e-07,unresolved,2,65
27,+e0,angular,0.0,0.006259624812118596,0.006259624874690114,9.996049170664154e-09,bracketed,0,65
27,+e0,angular,1e-10,0.006259624248281037,0.006259625249425275,1.5993679462444945e-07,unresolved,2,58
27,+e0,precursor,0.0,0.006259624829633166,0.006259624892203557,9.995869147419181e-09,bracketed,0,70
27,+e0,precursor,1e-10,0.006259623578109443,0.006259625580361837,3.198678593499205e-07,unresolved,2,58
27,-e0,angular,0.0,0.005998334258487401,0.005998334318448122,9.996228736187055e-09,bracketed,0,69
27,-e0,angular,1e-10,0.005998332087062864,0.00599833592454886,6.397588429483261e-07,unresolved,2,52
27,-e0,precursor,0.0,0.005998334259332109,0.005998334319292746,9.996214708537238e-09,bracketed,0,73
27,-e0,precursor,1e-10,0.0059983332277509255,0.00599833514649122,3.19878909923861e-07,unresolved,2,56
27,+e1,angular,0.0,0.011336570389986842,0.011336570503296799,9.995082551904593e-09,bracketed,0,134
27,+e1,angular,1e-10,0.011336568110350049,0.011336571736268508,3.198426917462784e-07,unresolved,2,114
27,+e1,precursor,0.0,0.011336570459466658,0.011336570572781462,9.9955100288874e-09,bracketed,0,145
27,+e1,precursor,1e-10,0.01133655616941992,0.011336585178008157,2.55885365915826e-06,unresolved,2,102
27,-e1,angular,0.0,0.011339636265940919,0.011339636379282566,9.99517481634586e-09,bracketed,0,132
27,-e1,angular,1e-10,0.011339633307258144,0.011339640561123108,6.396913169065944e-07,unresolved,2,110
27,-e1,precursor,0.0,0.011339636280249261,0.011339636393595644,9.995592435743697e-09,bracketed,0,138
27,-e1,precursor,1e-10,0.01133962856193446,0.011339643070270855,1.2794366513748918e-06,unresolved,2,109
27,+e2,angular,0.0,0.010741951996064768,0.010741952103438179,9.995707535220042e-09,bracketed,0,125
27,+e2,angular,1e-10,0.010741944682958878,0.01074195842675487,1.2794513840413998e-06,unresolved,2,96
27,+e2,precursor,0.0,0.010741952001456986,0.010741952108828983,9.99557591542396e-09,bracketed,0,132
27,+e2,precursor,1e-10,0.010741950809295481,0.01074195424519918,3.1985844654361344e-07,unresolved,2,114
27,-e2,angular,0.0,0.010815028711708289,0.01081502881980969,9.995479806492615e-09,bracketed,0,129
27,-e2,angular,1e-10,0.010815027402756569,0.01081503086200124,3.1985537728218275e-07,unresolved,2,110
27,-e2,precursor,0.0,0.01081502867367955,0.010815028781779187,9.99531671550943e-09,bracketed,0,129
27,-e2,precursor,1e-10,0.010815027365419127,0.010815030824607358,3.198501597932386e-07,unresolved,2,114
27,diagmmm,angular,0.0,0.008659057870977599,0.008659057957524693,9.994978141237232e-09,bracketed,0,108
27,diagmmm,angular,1e-10,0.008659056900693612,0.008659059670200447,3.19839315924636e-07,unresolved,2,97
27,diagmmp,angular,0.0,0.00890780976262247,0.008907809851655377,9.994926941073595e-09,bracketed,0,112
27,diagmmp,angular,1e-10,0.008907808943278289,0.008907810367804758,1.5991883953484166e-07,unresolved,2,101
27,diagmpm,angular,0.0,0.008693386282559482,0.00869338636944874,9.994869101323678e-09,bracketed,0,114
27,diagmpm,angular,1e-10,0.008693385048514937,0.008693387828971028,3.19835837886482e-07,unresolved,2,96
27,diagmpp,angular,0.0,0.007055236557641124,0.007055236628160214,9.995283643695017e-09,bracketed,0,94
27,diagmpp,angular,1e-10,0.007055236051483071,0.007055237179788471,1.5992454288788744e-07,unresolved,2,85
27,diagpmm,angular,0.0,0.007301981626553773,0.0073019816995454016,9.996139691868982e-09,bracketed,0,93
27,diagpmm,angular,1e-10,0.007301979360733872,0.007301984032197898,6.397531129013141e-07,unresolved,2,77
27,diagpmp,angular,0.0,0.008975257664631118,0.008975257754347472,9.995964181730974e-09,bracketed,0,120
27,diagpmp,angular,1e-10,0.00897525219032031,0.008975263674013002,1.2794841247286904e-06,unresolved,2,85
27,diagppm,angular,0.0,0.009251908526386167,0.009251908618866237,9.995783055228498e-09,bracketed,0,111
27,diagppm,angular,1e-10,0.009251906859931111,0.009251909819293195,3.1986509681905817e-07,unresolved,2,96
27,diagppp,angular,0.0,0.008883233521300472,0.008883233610092103,9.99541778175519e-09,bracketed,0,109
27,diagppp,angular,1e-10,0.008883232720855009,0.008883234141521026,1.599266913027236e-07,unresolved,2,99
28,+e0,angular,0.0,0.005536137894713496,0.005536137950053664,9.99616867648708e-09,bracketed,0,60
28,+e0,angular,1e-10,0.005536134402621471,0.005536141486162564,1.279510318561755e-06,unresolved,2,48
28,+e0,precursor,0.0,0.005536137886458908,0.005536137941800395,9.99640683391434e-09,bracketed,0,62
28,+e0,precursor,1e-10,0.00553613705134253,0.005536138822270003,3.19885049235323e-07,unresolved,2,54
28,-e0,angular,0.0,0.0054726636179437665,0.005472663672650456,9.996355251905917e-09,bracketed,0,58
28,-e0,angular,1e-10,0.0054726626257366705,0.0054726643763506645,3.19883412109514e-07,unresolved,2,51
28,-e0,precursor,0.0,0.005472663631426629,0.005472663686134764,9.996619271398675e-09,bracketed,0,62
28,-e0,precursor,1e-10,0.005472661819218181,0.005472665320538615,6.397838106756376e-07,unresolved,2,52
28,+e1,angular,0.0,0.010812431708894281,0.010812431816971432,9.99563782734862e-09,bracketed,0,139
28,+e1,angular,1e-10,0.01081241797071016,0.010812445638459437,2.558886398247124e-06,unresolved,2,104
28,+e1,precursor,0.0,0.010812431737928332,0.010812431845999379,9.995073219656865e-09,bracketed,0,149
28,+e1,precursor,1e-10,0.010812429888730435,0.010812433347003797,3.198423848950863e-07,unresolved,2,127
28,-e1,angular,0.0,0.010808715633902892,0.010808715741943064,9.995653133460965e-09,bracketed,0,139
28,-e1,angular,1e-10,0.010808711732143353,0.010808718646714136,6.397220088405742e-07,unresolved,2,113
28,-e1,precursor,0.0,0.01080871562511684,0.010808715733150946,9.995091897474789e-09,bracketed,0,144
28,-e1,precursor,1e-10,0.010808714748926026,0.010808716477471619,1.5992147385428023e-07,unresolved,2,132
28,+e2,angular,0.0,0.015184231085576757,0.015184231237342177,9.994936116326294e-09,bracketed,0,147
28,+e2,angular,1e-10,0.015184228942992598,0.015184233799485802,3.198379860016006e-07,unresolved,2,122
28,+e2,precursor,0.0,0.01518423109809193,0.01518423124986047,9.995141634961038e-09,bracketed,0,153
28,+e2,precursor,1e-10,0.015184230170851635,0.01518423259914814,1.599222665570948e-07,unresolved,2,140
28,-e2,angular,0.0,0.01518688503624469,0.015186885188036323,9.994915528764351e-09,bracketed,0,142
28,-e2,angular,1e-10,0.015186875758787292,0.015186895188115251,1.2793498983993804e-06,unresolved,2,110
28,-e2,precursor,0.0,0.015186885061959747,0.015186885213754504,9.995121231246966e-09,bracketed,0,147
28,-e2,precursor,1e-10,0.015186882312729957,0.015186887170161919,3.198439193668114e-07,unresolved,2,124
28,diagmmm,angular,0.0,0.008338542674570789,0.008338542757916694,9.995260333040249e-09,bracketed,0,102
28,diagmmm,angular,1e-10,0.008338537245615549,0.008338547913890835,1.2793940917339465e-06,unresolved,2,80
28,diagmmp,angular,0.0,0.007561090802904111,0.007561090878481256,9.995534666441279e-09,bracketed,0,96
28,diagmmp,angular,1e-10,0.007561090187162398,0.0075610913963966506,1.5992855828039854e-07,unresolved,2,86
28,diagmpm,angular,0.0,0.008183310928268055,0.008183311010059702,9.994933235387154e-09,bracketed,0,100
28,diagmpm,angular,1e-10,0.008183309936526086,0.008183312553858617,3.1983788363928555e-07,unresolved,2,88
28,diagmpp,angular,0.0,0.008171225875241515,0.008171225956912664,9.994968962714061e-09,bracketed,0,103
28,diagmpp,angular,1e-10,0.00817122537468299,0.008171226681421303,1.5991950449572237e-07,unresolved,2,95
28,diagpmm,angular,0.0,0.008275806197973058,0.008275806280696118,9.995770481624621e-09,bracketed,0,100
28,diagpmm,angular,1e-10,0.008275804948234237,0.008275807595372001,3.1986468757484957e-07,unresolved,2,86
28,diagpmp,angular,0.0,0.008302293661969072,0.00830229374495568,9.995624167039021e-09,bracketed,0,106
28,diagpmp,angular,1e-10,0.008302292905766494,0.00830229423355212,1.5992999058342e-07,unresolved,2,93
28,diagppm,angular,0.0,0.007584558393659293,0.0075845584694732605,9.995831532411416e-09,bracketed,0,93
28,diagppm,angular,1e-10,0.007584557477371247,0.0075845599034181,3.198666316699039e-07,unresolved,2,81
28,diagppp,angular,0.0,0.008413968962959456,0.008413969047058675,9.995190055788393e-09,bracketed,0,96
28,diagppp,angular,1e-10,0.008413882836952827,0.008414055072145385,2.0470357847315408e-05,unresolved,2,64
29,+e0,angular,0.0,0.0053269886902966605,0.005326988743540597,9.995128442213434e-09,bracketed,0,60
29,+e0,angular,1e-10,0.00532698820344957,0.005326989055352508,1.5992206203837113e-07,unresolved,2,53
29,+e0,precursor,0.0,0.005326988658822997,0.005326988712069424,9.99559596904568e-09,bracketed,0,59
29,+e0,precursor,1e-10,0.005326986841682478,0.005326990249453581,6.397183257207229e-07,unresolved,2,50
29,-e0,angular,0.0,0.005348718544607859,0.005348718598069109,9.995150963827214e-09,bracketed,0,59
29,-e0,angular,1e-10,0.0053487181105734884,0.005348718965953432,1.5992241996606546e-07,unresolved,2,53
29,-e0,precursor,0.0,0.005348718570082738,0.0053487186235463835,9.99559897129394e-09,bracketed,0,62
29,-e0,precursor,1e-10,0.00534866365745997,0.005348773151001788,2.0471195952808885e-05,unresolved,2,40
29,+e1,angular,0.0,0.008604545691593059,0.008604545777598381,9.995335690921741e-09,bracketed,0,109
29,+e1,angular,1e-10,0.008604544478097095,0.008604547230267304,3.1985077371036804e-07,unresolved,2,92
29,+e1,precursor,0.0,0.00860454564950362,0.00860454573551334,9.995846809682548e-09,bracketed,0,110
29,+e1,precursor,1e-10,0.00860454400675496,0.00860454675906587,3.198671432524901e-07,unresolved,2,95
29,-e1,angular,0.0,0.008632024136737828,0.008632024223015532,9.995072113408164e-09,bracketed,0,113
29,-e1,angular,1e-10,0.00863202162347983,0.008632027145252595,6.396847697533525e-07,unresolved,2,88
29,-e1,precursor,0.0,0.008632024105323969,0.008632024191606223,9.99559927755944e-09,bracketed,0,111
29,-e1,precursor,1e-10,0.008631935655711383,0.008632112361757642,2.0471195952675443e-05,unresolved,2,71
29,+e2,angular,0.0,0.009349845177023777,0.009349845270475606,9.995013589927536e-09,bracketed,0,112
29,+e2,angular,1e-10,0.009349844605397964,0.009349846100627175,1.5992022053669733e-07,unresolved,2,106
29,+e2,precursor,0.0,0.009349845256748642,0.009349845350203449,9.99533188274971e-09,bracketed,0,129
29,+e2,precursor,1e-10,0.00934984337761038,0.009349846368164062,3.198506713588118e-07,unresolved,2,98
29,-e2,angular,0.0,0.00934225792281178,0.009342258016187599,9.994994786166264e-09,bracketed,0,115
29,-e2,angular,1e-10,0.009342257444385207,0.009342258938398212,1.599199138128675e-07,unresolved,2,112
29,-e2,precursor,0.0,0.009342257879744681,0.009342257973123519,9.995317925319826e-09,bracketed,0,113
29,-e2,precursor,1e-10,0.009342233964091281,0.009342281774054037,5.117615651663361e-06,unresolved,2,82
29,diagmmm,angular,0.0,0.006189974856287244,0.006189974918163751,9.99624521251166e-09,bracketed,0,82
29,diagmmm,angular,1e-10,0.0061899708892777655,0.006189978809470194,1.2795201414979125e-06,unresolved,2,64
29,diagmmp,angular,0.0,0.00740115506803613,0.007401155142016124,9.995736250051874e-09,bracketed,0,99
29,diagmmp,angular,1e-10,0.007401154690400714,0.007401155874080566,1.599317811295998e-07,unresolved,2,96
29,diagmpm,angular,0.0,0.007750183467976911,0.00775018354544052,9.995067811212534e-09,bracketed,0,114
29,diagmpm,angular,1e-10,0.007750182839769985,0.007750184079187674,1.5992109021999603e-07,unresolved,2,93
29,diagmpp,angular,0.0,0.007292667003424642,0.007292667076315806,9.99513133182092e-09,bracketed,0,92
29,diagmpp,angular,1e-10,0.007292666121214039,0.007292668453731192,3.1984422620566575e-07,unresolved,2,81
29,diagpmm,angular,0.0,0.007283658901962749,0.00728365897476222,9.994903855994073e-09,bracketed,0,97
29,diagpmm,angular,1e-10,0.007283657581364438,0.00728365991094736,3.1983696316163086e-07,unresolved,2,80
29,diagpmp,angular,0.0,0.007735012193337967,0.007735012270649105,9.994960119199105e-09,bracketed,0,98
29,diagpmp,angular,1e-10,0.007734992545901874,0.0077350321292027875,5.117432328348823e-06,unresolved,2,71
29,diagppm,angular,0.0,0.00737881066369603,0.007378810737452236,9.995676724256966e-09,bracketed,0,95
29,diagppm,angular,1e-10,0.007378809990330687,0.007378811170429928,1.5993083465981072e-07,unresolved,2,85
29,diagppp,angular,0.0,0.00616768144494817,0.006167681506602298,9.996321718923158e-09,bracketed,0,82
29,diagppp,angular,1e-10,0.006167677368495529,0.006167685260223535,1.2795299646781736e-06,unresolved,2,65
30,+e0,angular,0.0,0.005689497644579644,0.005689497701452504,9.996112710313369e-09,bracketed,0,59
30,+e0,angular,1e-10,0.005689496850455231,0.005689498670386652,3.1987563552262793e-07,unresolved,2,51
30,+e0,precursor,0.0,0.005689497640939117,0.005689497697812792,9.996256019349824e-09,bracketed,0,61
30,+e0,precursor,1e-10,0.005689496563085881,0.005689498383043407,3.19880239956147e-07,unresolved,2,53
30,-e0,angular,0.0,0.005347041950863088,0.00534704200431343,9.996245001693537e-09,bracketed,0,60
30,-e0,angular,1e-10,0.005347038408078802,0.005347045249722143,1.2795201416418933e-06,unresolved,2,47
30,-e0,precursor,0.0,0.00534704191921361,0.005347041972665818,9.996594144053798e-09,bracketed,0,62
30,-e0,precursor,1e-10,0.005347040354705943,0.005347043775647042,6.397821733218795e-07,unresolved,2,52
30,+e1,angular,0.0,0.007790076939485488,0.007790077017354723,9.995952025923065e-09,bracketed,0,88
30,+e1,angular,1e-10,0.0077900763853848976,0.007790077631292589,1.599352342154057e-07,unresolved,2,80
30,+e1,precursor,0.0,0.0077900769231205765,0.007790077000991104,9.996117946309376e-09,bracketed,0,89
30,+e1,precursor,1e-10,0.007790076136032084,0.007790077381960459,1.599378945046384e-07,unresolved,2,81
30,-e1,angular,0.0,0.007809027616119436,0.007809027694177234,9.995840956092202e-09,bracketed,0,90
30,-e1,angular,1e-10,0.0078090265139259775,0.007809029011775381,3.198669385259796e-07,unresolved,2,77
30,-e1,precursor,0.0,0.007809027645195944,0.007809027723255009,9.996003194582397e-09,bracketed,0,96
30,-e1,precursor,1e-10,0.007809027246164007,0.007809028495109001,1.5993605273263012e-07,unresolved,2,93
30,+e2,angular,0.0,0.009513026087004951,0.009513026182091749,9.995431205686797e-09,bracketed,0,87
30,+e2,angular,1e-10,0.009513024364111297,0.009513027406888697,3.1985384283392126e-07,unresolved,2,76
30,+e2,precursor,0.0,0.009513026138232062,0.009513026233320194,9.995571380884109e-09,bracketed,0,97
30,+e2,precursor,1e-10,0.009513025462125773,0.009513026983535816,1.599291465311786e-07,unresolved,2,86
30,-e2,angular,0.0,0.009530245368886584,0.009530245464144603,9.995337454592386e-09,bracketed,0,87
30,-e2,angular,1e-10,0.00953023964170051,0.009530251834726399,1.2794039129872952e-06,unresolved,2,70
30,-e2,precursor,0.0,0.009530245443552805,0.009530245538812127,9.995474075524565e-09,bracketed,0,95
30,-e2,precursor,1e-10,0.009530244765890091,0.009530246290039134,1.5992758638700354e-07,unresolved,2,85
30,diagmmm,angular,0.0,0.006209239763300725,0.006209239825368152,9.995978566209485e-09,bracketed,0,77
30,diagmmm,angular,1e-10,0.006209238942107047,0.006209240928264616,3.1987133812356384e-07,unresolved,2,67
30,diagmmp,angular,0.0,0.007606263628972519,0.007606263704997061,9.994991681213268e-09,bracketed,0,89
30,diagmmp,angular,1e-10,0.007606258516789007,0.007606268247929764,1.2793597187674893e-06,unresolved,2,69
30,diagmpm,angular,0.0,0.007190442452412379,0.007190442524286869,9.995836882418316e-09,bracketed,0,94
30,diagmpm,angular,1e-10,0.007190441931205223,0.007190443081196995,1.59933392543987e-07,unresolved,2,81
30,diagmpp,angular,0.0,0.006805227729107102,0.006805227797127491,9.995314246000528e-09,bracketed,0,88
30,diagmpp,angular,1e-10,0.006805227372784256,0.00680522846111044,1.5992502878985186e-07,unresolved,2,84
30,diagpmm,angular,0.0,0.007132028129547661,0.007132028200833519,9.995173462280271e-09,bracketed,0,85
30,diagpmm,angular,1e-10,0.007132027701267913,0.007132028841841597,1.5992277818943882e-07,unresolved,2,77
30,diagpmp,angular,0.0,0.007516343509866769,0.007516343585000399,9.996034657214679e-09,bracketed,0,82
30,diagpmp,angular,1e-10,0.007516324652425778,0.0075163631208425945,5.117982337837432e-06,unresolved,2,60
30,diagppm,angular,0.0,0.008032179750218815,0.00803217983050818,9.9959622332567e-09,bracketed,0,96
30,diagppm,angular,1e-10,0.008032178465830486,0.008032181035090052,3.198708266313581e-07,unresolved,2,77
30,diagppp,angular,0.0,0.006448740574761408,0.006448740639223722,9.996109040460553e-09,bracketed,0,77
30,diagppp,angular,1e-10,0.006448739349459819,0.006448741412253757,3.1987553326049797e-07,unresolved,2,66
31,+e0,angular,0.0,0.00630604668105192,0.006306046744089291,9.99633756584766e-09,bracketed,0,69
31,+e0,angular,1e-10,0.006306044463513325,0.006306048497904912,6.397658008554899e-07,unresolved,2,54
31,+e0,precursor,0.0,0.006306046671092573,0.006306046734129066,9.996198249104633e-09,bracketed,0,72
31,+e0,precursor,1e-10,0.006306046282128438,0.006306047290712268,1.5993917346069276e-07,unresolved,2,66
31,-e0,angular,0.0,0.006399178086331947,0.006399178150301443,9.996517600174307e-09,bracketed,0,69
31,-e0,angular,1e-10,0.006399176354709931,0.006399180448757456,6.397772615833751e-07,unresolved,2,56
31,-e0,precursor,0.0,0.006399178052112715,0.006399178116081005,9.996329113763307e-09,bracketed,0,66
31,-e0,precursor,1e-10,0.006399177536370581,0.00639917855986317,1.599412711202991e-07,unresolved,2,61
31,+e1,angular,0.0,0.012107813649660576,0.012107813770684914,9.995556722492952e-09,bracketed,0,109
31,+e1,angular,1e-10,0.012107812303744952,0.012107816176523557,3.198578329096042e-07,unresolved,2,95
31,+e1,precursor,0.0,0.012107813664735175,0.012107813785752243,9.994956252666759e-09,bracketed,0,115
31,+e1,precursor,1e-10,0.012107813045498152,0.012107814981771138,1.5991929991167749e-07,unresolved,2,111
31,-e1,angular,0.0,0.012113345755184378,0.012113345876263303,9.995498115155742e-09,bracketed,0,109
31,-e1,angular,1e-10,0.012113345134365381,0.012113347071628078,1.599279700193057e-07,unresolved,2,106
31,-e1,precursor,0.0,0.012113345725883597,0.01211334584696778,9.995932201646012e-09,bracketed,0,110
31,-e1,precursor,1e-10,0.012113315077260867,0.012113377072358905,5.117929950834559e-06,unresolved,2,79
31,+e2,angular,0.0,0.007398136807886089,0.007398136881830901,9.995058755899956e-09,bracketed,0,109
31,+e2,angular,1e-10,0.0073981342846788384,0.00739813901714661,6.396839513482831e-07,unresolved,2,85
31,+e2,precursor,0.0,0.007398136777970622,0.007398136851920143,9.995695295345456e-09,bracketed,0,108
31,+e2,precursor,1e-10,0.007398132110870737,0.007398141576408996,1.2794497471429503e-06,unresolved,2,85
31,-e2,angular,0.0,0.007389796459566115,0.0073897965334273116,9.99502450126735e-09,bracketed,0,103
31,-e2,angular,1e-10,0.007389787438639783,0.007389806347105114,2.5587292582740967e-06,unresolved,2,78
31,-e2,precursor,0.0,0.0073897964910561225,0.007389796564922089,9.995669892173524e-09,bracketed,0,110
31,-e2,precursor,1e-10,0.007389791902313071,0.007389801357156257,1.2794464730721864e-06,unresolved,2,86
31,diagmmm,angular,0.0,0.006389275039268769,0.006389275103129321,9.994960597319563e-09,bracketed,0,80
31,diagmmm,angular,1e-10,0.006389274457343665,0.0063892754791124535,1.5991937665591593e-07,unresolved,2,73
31,diagmmp,angular,0.0,0.008617044171522825,0.00861704425765717,9.995811146932749e-09,bracketed,0,107
31,diagmmp,angular,1e-10,0.008617043476260425,0.008617044854409894,1.5993298320252388e-07,unresolved,2,97
31,diagmpm,angular,0.0,0.008243624179374758,0.00824362426177147,9.99520489093342e-09,bracketed,0,99
31,diagmpm,angular,1e-10,0.008243623099950796,0.008243625736645445,3.198465792414036e-07,unresolved,2,86
31,diagmpp,angular,0.0,0.008749663660526073,0.008749663747980654,9.995193548454905e-09,bracketed,0,104
31,diagmpp,angular,1e-10,0.008749660942545052,0.008749666539637924,6.396925445757057e-07,unresolved,2,86
31,diagpmm,angular,0.0,0.008648764824507056,0.008648764910950766,9.994919688900022e-09,bracketed,0,118
31,diagpmm,angular,1e-10,0.008648763166722011,0.00864876593292058,3.198374745025953e-07,unresolved,2,91
31,diagpmp,angular,0.0,0.008126798599099792,0.008126798680330099,9.995363637024285e-09,bracketed,0,105
31,diagpmp,angular,1e-10,0.008126798018041281,0.00812679931772613,1.5992582151556276e-07,unresolved,2,94
31,diagppm,angular,0.0,0.008538266308048733,0.008538266393392363,9.995428422303936e-09,bracketed,0,117
31,diagppm,angular,1e-10,0.008538265183356668,0.008538267914352724,3.1985374047167025e-07,unresolved,2,93
31,diagppp,angular,0.0,0.006315211060253418,0.006315211123374986,9.995163624172731e-09,bracketed,0,84
31,diagppp,angular,1e-10,0.006315210482832489,0.006315211492777525,1.5992262464302417e-07,unresolved,2,75
32,+e0,angular,0.0,0.006402549090364709,0.006402549154362393,9.995656883715152e-09,bracketed,0,65
32,+e0,angular,1e-10,0.006402544982287377,0.006402553173990492,1.27944483607315e-06,unresolved,2,53
32,+e0,precursor,0.0,0.006402549111478311,0.006402549175474687,9.995452560011823e-09,bracketed,0,69
32,+e0,precursor,1e-10,0.0064025451960180195,0.006402553387553718,1.2794186449445636e-06,unresolved,2,55
32,-e0,angular,0.0,0.006503306841569894,0.006503306906575932,9.995843570456442e-09,bracketed,0,68
32,-e0,angular,1e-10,0.006503305536255062,0.00650330761644816,3.1986704085173755e-07,unresolved,2,57
32,-e0,precursor,0.0,0.0065033068300009485,0.006503306895005253,9.995576976780612e-09,bracketed,0,67
32,-e0,precursor,1e-10,0.0065033047451763006,0.0065033089054515394,6.397170979840811e-07,unresolved,2,56
32,+e1,angular,0.0,0.009423467984142439,0.009423468078329677,9.994965550753885e-09,bracketed,0,136
32,+e1,angular,1e-10,0.009423467219519548,0.009423468726515276,1.5991945350412653e-07,unresolved,2,115
32,+e1,precursor,0.0,0.009423467961617795,0.009423468055812415,9.995748858295587e-09,bracketed,0,133
32,+e1,precursor,1e-10,0.00942346719796093,0.009423468705074751,1.599319856730737e-07,unresolved,2,119
32,-e1,angular,0.0,0.009469809502997497,0.009469809597652586,9.995458651221914e-09,bracketed,0,127
32,-e1,angular,1e-10,0.00946979737327459,0.009469821604976239,2.5588405636939074e-06,unresolved,2,93
32,-e1,precursor,0.0,0.009469809449532776,0.009469809544186789,9.99534495000333e-09,bracketed,0,126
32,-e1,precursor,1e-10,0.009469807637796906,0.009469810666725111,3.1985108054186624e-07,unresolved,2,109
32,+e2,angular,0.0,0.013574167182859101,0.013574167318542161,9.995682125137991e-09,bracketed,0,130
32,+e2,angular,1e-10,0.013574158074202793,0.013574175441633687,1.2794481101166362e-06,unresolved,2,102
32,+e2,precursor,0.0,0.013574167217202938,0.013574167352882015,9.995388680366965e-09,bracketed,0,136
32,+e2,precursor,1e-10,0.013574159059199859,0.013574176426120951,1.2794104604530182e-06,unresolved,2,107
32,-e2,angular,0.0,0.013583029779588628,0.013583029915360506,9.99569906850498e-09,bracketed,0,132
32,-e2,angular,1e-10,0.013583026232443885,0.013583034921843623,6.397248734739391e-07,unresolved,2,110
32,-e2,precursor,0.0,0.013583029902863955,0.01358303003863182,9.995403450931051e-09,bracketed,0,151
32,-e2,precursor,1e-10,0.013583028664509153,0.013583030836794859,1.599264611108203e-07,unresolved,2,124
32,diagmmm,angular,0.0,0.007247467695493501,0.0072474677679404305,9.996171431973668e-09,bracketed,0,91
32,diagmmm,angular,1e-10,0.007247465153163057,0.0072474697897662805,6.397551593241385e-07,unresolved,2,75
32,diagmmp,angular,0.0,0.009807473609175148,0.009807473707200889,9.995004239522394e-09,bracketed,0,117
32,diagmmp,angular,1e-10,0.009807466934172615,0.009807479481466807,1.2793613555578892e-06,unresolved,2,93
32,diagmpm,angular,0.0,0.009574851488318426,0.009574851584019245,9.995018608294099e-09,bracketed,0,119
32,diagmpm,angular,1e-10,0.009574851000998986,0.009574852532212005,1.5992029735674845e-07,unresolved,2,116
32,diagmpp,angular,0.0,0.008744005459091257,0.008744005546492073,9.995512486849414e-09,bracketed,0,107
32,diagmpp,angular,1e-10,0.008744005012971037,0.008744006411384021,1.5992820021193578e-07,unresolved,2,104
32,diagpmm,angular,0.0,0.008585390709429166,0.008585390795247047,9.995803741971251e-09,bracketed,0,110
32,diagpmm,angular,1e-10,0.008585302646873383,0.008585478401884096,2.0471615031242505e-05,unresolved,2,69
32,diagpmp,angular,0.0,0.009418439582246155,0.009418439676383797,9.995035940285477e-09,bracketed,0,119
32,diagpmp,angular,1e-10,0.00941843890666115,0.00941844041286335,1.5992057859577536e-07,unresolved,2,110
32,diagppm,angular,0.0,0.009661679446255286,0.009661679542823686,9.99499117958145e-09,bracketed,0,119
32,diagppm,angular,1e-10,0.009661678753362823,0.00966168029845716,1.5991986244198237e-07,unresolved,2,111
32,diagppp,angular,0.0,0.007175683497831789,0.007175683569560314,9.996054738334613e-09,bracketed,0,97
32,diagppp,angular,1e-10,0.007175682123198374,0.007175684418511038,3.198737938061113e-07,unresolved,2,80
33,+e0,angular,0.0,0.0060937586781274495,0.006093758739039046,9.995734865272581e-09,bracketed,0,62
33,+e0,angular,1e-10,0.00609375744839174,0.006093759397562706,3.1986356230364136e-07,unresolved,2,54
33,+e0,precursor,0.0,0.006093758684936748,0.006093758745848115,9.99569727737739e-09,bracketed,0,69
33,+e0,precursor,1e-10,0.00609375788217455,0.006093759831338172,3.198623343744563e-07,unresolved,2,60
33,-e0,angular,0.0,0.006241226658781509,0.006241226721165979,9.995546291835426e-09,bracketed,0,64
33,-e0,angular,1e-10,0.006241225530552157,0.006241227526855114,3.1985752581811845e-07,unresolved,2,56
33,-e0,precursor,0.0,0.0062412266756090035,0.00624122673799259,9.995404651440524e-09,bracketed,0,65
33,-e0,precursor,1e-10,0.006241224924152027,0.006241228916701362,6.397060487215528e-07,unresolved,2,55
33,+e1,angular,0.0,0.008946299430897347,0.008946299520322049,9.995719762016431e-09,bracketed,0,112
33,+e1,angular,1e-10,0.008946298523143333,0.008946301384733669,3.1986305049116667e-07,unresolved,2,100
33,+e1,precursor,0.0,0.008946299412888086,0.008946299502306703,9.995039566814219e-09,bracketed,0,115
33,+e1,precursor,1e-10,0.008946296359434173,0.008946302082225396,6.396827238469258e-07,unresolved,2,96
33,-e1,angular,0.0,0.008922404537902731,0.008922404627083231,9.995119523174606e-09,bracketed,0,110
33,-e1,angular,1e-10,0.00892239864193956,0.008922410057043018,1.2793760866398278e-06,unresolved,2,87
33,-e1,precursor,0.0,0.008922404550911346,0.008922404640094837,9.995454694398108e-09,bracketed,0,114
33,-e1,precursor,1e-10,0.008922403828190754,0.008922405255126525,1.5992727950995786e-07,unresolved,2,105
33,+e2,angular,0.0,0.006996901079907825,0.006996901149844416,9.995366583253094e-09,bracketed,0,110
33,+e2,angular,1e-10,0.006996899251469247,0.00699690372741084,6.397035932906174e-07,unresolved,2,92
33,+e2,precursor,0.0,0.0069969010841003446,0.006996901154039471,9.995728923155274e-09,bracketed,0,114
33,+e2,precursor,1e-10,0.006996900025530779,0.006996902263582714,3.1986335757027193e-07,unresolved,2,99
33,-e2,angular,0.0,0.007038546903141199,0.007038546973493737,9.995321335422254e-09,bracketed,0,115
33,-e2,angular,1e-10,0.007038544713807285,0.007038549216369468,6.397007288318456e-07,unresolved,2,90
33,-e2,precursor,0.0,0.0070385469101977675,0.007038546980552714,9.995663535743493e-09,bracketed,0,123
33,-e2,precursor,1e-10,0.007038538037679499,0.0070385560485448345,2.558892946118893e-06,unresolved,2,87
33,diagmmm,angular,0.0,0.006546648432038825,0.006546648497475321,9.995419230326493e-09,bracketed,0,93
33,diagmmm,angular,1e-10,0.006546647706339864,0.006546649800307612,3.1985343360272033e-07,unresolved,2,82
33,diagmmp,angular,0.0,0.007263454604509182,0.007263454677113635,9.99585690075499e-09,bracketed,0,108
33,diagmmp,angular,1e-10,0.007263453508313541,0.007263455831655894,3.1986745011143415e-07,unresolved,2,89
33,diagmpm,angular,0.0,0.008369858864786073,0.00836985894844677,9.995472776494324e-09,bracketed,0,117
33,diagmpm,angular,1e-10,0.008369857267582013,0.008369859944724157,3.1985517288997743e-07,unresolved,2,98
33,diagmpp,angular,0.0,0.006883357416807082,0.006883357485611396,9.995749241244329e-09,bracketed,0,101
33,diagmpp,angular,1e-10,0.0068833549332296354,0.006883359336705535,6.397281474809695e-07,unresolved,2,81
33,diagpmm,angular,0.0,0.0068401990864192345,0.006840199154790437,9.995498951531302e-09,bracketed,0,107
33,diagpmm,angular,1e-10,0.00684019818615466,0.0068402003740330305,3.198559911743726e-07,unresolved,2,84
33,diagpmp,angular,0.0,0.00817904663076752,0.008179046712523246,9.995752456758435e-09,bracketed,0,131
33,diagpmp,angular,1e-10,0.0081790044309023,0.008179088148760404,1.023570274493687e-05,unresolved,2,77
33,diagppm,angular,0.0,0.0071623727637607285,0.007162372835355334,9.995933974080857e-09,bracketed,0,117
33,diagppm,angular,1e-10,0.007162371964764873,0.0071623742557921175,3.1986990565738877e-07,unresolved,2,90
33,diagppp,angular,0.0,0.006428122530973279,0.006428122595225561,9.995497441828476e-09,bracketed,0,90
33,diagppp,angular,1e-10,0.006427859599353169,0.00642838595402194,8.188646012487681e-05,unresolved,2,53
34,+e0,angular,0.0,0.006361281908998683,0.006361281972587226,9.996183818725972e-09,bracketed,0,67
34,+e0,angular,1e-10,0.0063612814702370905,0.0063612824876537275,1.5993894340479783e-07,unresolved,2,60
34,+e0,precursor,0.0,0.006361281865517212,0.006361281929104382,9.995968044765397e-09,bracketed,0,66
34,+e0,precursor,1e-10,0.0063612815544295265,0.006361282571824209,1.5993548999281265e-07,unresolved,2,63
34,-e0,angular,0.0,0.005809438407915481,0.005809438465988583,9.996336617280773e-09,bracketed,0,68
34,-e0,angular,1e-10,0.005809437631590182,0.0058094394899293475,3.1988279822554006e-07,unresolved,2,57
34,-e0,precursor,0.0,0.0058094383946940276,0.005809438452767823,9.996456081764142e-09,bracketed,0,65
34,-e0,precursor,1e-10,0.005809430766187581,0.005809445633078316,2.5590959481796946e-06,unresolved,2,50
34,+e1,angular,0.0,0.00869313842147518,0.008693138508364574,9.995169642669894e-09,bracketed,0,114
34,+e1,angular,1e-10,0.008693137281257009,0.008693140061717449,3.198454539546044e-07,unresolved,2,95
34,+e1,precursor,0.0,0.008693138383393598,0.008693138470286826,9.995610893466568e-09,bracketed,0,111
34,+e1,precursor,1e-10,0.00869313733083591,0.008693140111419098,3.1985957215338347e-07,unresolved,2,98
34,-e1,angular,0.0,0.008743850836715257,0.008743850924117037,9.995799549859702e-09,bracketed,0,116
34,-e1,angular,1e-10,0.008743849688009554,0.008743852484866355,3.19865608571428e-07,unresolved,2,97
34,-e1,precursor,0.0,0.008743850785223734,0.008743850872620296,9.995202840967367e-09,bracketed,0,111
34,-e1,precursor,1e-10,0.008743839411494456,0.008743861785012923,2.558775088813772e-06,unresolved,2,84
34,+e2,angular,0.0,0.014374839619072356,0.014374839762748417,9.994967904999778e-09,bracketed,0,150
34,+e2,angular,1e-10,0.014374837160138466,0.014374841757772138,3.1983900896601824e-07,unresolved,2,115
34,+e2,precursor,0.0,0.014374839484217243,0.01437483962789975,9.995416437334094e-09,bracketed,0,137
34,+e2,precursor,1e-10,0.014374838463300545,0.01437484076222053,1.5992666566671186e-07,unresolved,2,128
34,-e2,angular,0.0,0.014402853881039561,0.014402854025002155,9.995421377690257e-09,bracketed,0,132
34,-e2,angular,1e-10,0.014402853139122901,0.014402855442524284,1.5992674233191499e-07,unresolved,2,129
34,-e2,precursor,0.0,0.014402853948806645,0.014402854092763755,9.995040610219614e-09,bracketed,0,142
34,-e2,precursor,1e-10,0.014402852631743944,0.014402854935057576,1.5992065535416063e-07,unresolved,2,126
34,diagmmm,angular,0.0,0.007361727792271849,0.007361727865856675,9.995591769905877e-09,bracketed,0,93
34,diagmmm,angular,1e-10,0.007361726960392603,0.007361729315106919,3.1985895817149435e-07,unresolved,2,81
34,diagmmp,angular,0.0,0.00794475288916733,0.00794475296857423,9.99488622253029e-09,bracketed,0,98
34,diagmmp,angular,1e-10,0.007944750242863133,0.007944755324904587,6.396729033609101e-07,unresolved,2,78
34,diagmpm,angular,0.0,0.008534221262646541,0.008534221347950267,9.995490304653647e-09,bracketed,0,107
34,diagmpm,angular,1e-10,0.008534215434345144,0.0085342263532214,1.2794235557181433e-06,unresolved,2,82
34,diagmpp,angular,0.0,0.007795701529694389,0.007795701607618534,9.99578348025677e-09,bracketed,0,95
34,diagmpp,angular,1e-10,0.007795700493119364,0.007795702986691858,3.198650969881286e-07,unresolved,2,83
34,diagpmm,angular,0.0,0.008377363886461493,0.008377363970197425,9.995498884624807e-09,bracketed,0,94
34,diagpmm,angular,1e-10,0.008377362800936303,0.008377365480485986,3.198559912593231e-07,unresolved,2,81
34,diagpmp,angular,0.0,0.009265990396002679,0.009265990488617187,9.995100806112403e-09,bracketed,0,105
34,diagpmp,angular,1e-10,0.00926597873168751,0.009266002441000395,2.5587488997170204e-06,unresolved,2,75
34,diagppm,angular,0.0,0.008486945527722719,0.008486945612550497,9.995089305684251e-09,bracketed,0,92
34,diagppm,angular,1e-10,0.008486944090012261,0.00848694680450104,3.198428964297808e-07,unresolved,2,79
34,diagppp,angular,0.0,0.00786659962675986,0.007866599705390605,9.995518997061399e-09,bracketed,0,92
34,diagppp,angular,1e-10,0.007866599236488572,0.007866600494580434,1.599283024049584e-07,unresolved,2,88
35,+e0,angular,0.0,0.005872933745128412,0.005872933803829445,9.995180483450989e-09,bracketed,0,62
35,+e0,angular,1e-10,0.005872931855822309,0.005872935612688226,6.396917261564621e-07,unresolved,2,52
35,+e0,precursor,0.0,0.005872933740021149,0.005872933798722842,9.995292882698087e-09,bracketed,0,63
35,+e0,precursor,1e-10,0.005872813802281829,0.005873054244403972,4.094155378289087e-05,unresolved,2,41
35,-e0,angular,0.0,0.005919105788902802,0.005919105848066748,9.995419649785448e-09,bracketed,0,66
35,-e0,angular,1e-10,0.005919105427311371,0.005919106373934469,1.5992671683951106e-07,unresolved,2,60
35,-e0,precursor,0.0,0.005919105797734649,0.005919105856899011,9.995489825587109e-09,bracketed,0,70
35,-e0,precursor,1e-10,0.0059191053184608645,0.005919106265090605,1.5992784209937672e-07,unresolved,2,60
35,+e1,angular,0.0,0.008680573553562946,0.008680573640330862,9.99564317191804e-09,bracketed,0,142
35,+e1,angular,1e-10,0.008680572760331174,0.008680574148617759,1.5993029757138746e-07,unresolved,2,124
35,+e1,precursor,0.0,0.008680573530789899,0.008680573617554295,9.995237723327689e-09,bracketed,0,141
35,+e1,precursor,1e-10,0.008680570482063388,0.008680576034984473,6.39695408986079e-07,unresolved,2,115
35,-e1,angular,0.0,0.008634733227192094,0.008634733313497116,9.995100008983072e-09,bracketed,0,139
35,-e1,angular,1e-10,0.008634732697416908,0.00863473407829719,1.599216015177276e-07,unresolved,2,130
35,-e1,precursor,0.0,0.008634733239694815,0.008634733326003279,9.995498581389984e-09,bracketed,0,145
35,-e1,precursor,1e-10,0.008634731674926743,0.0086347344367974,3.198559910717359e-07,unresolved,2,120
35,+e2,angular,0.0,0.008357446207459839,0.008357446290995033,9.995301472857707e-09,bracketed,0,136
35,+e2,angular,1e-10,0.008357445777064158,0.008357447113627204,1.599248241216569e-07,unresolved,2,133
35,+e2,precursor,0.0,0.008357446273494986,0.008357446357032998,9.99563848141171e-09,bracketed,0,155
35,+e2,precursor,1e-10,0.008357445593124749,0.008357446929732868,1.5993022083480942e-07,unresolved,2,130
35,-e2,angular,0.0,0.008320137188016608,0.008320137271181607,9.995628354853337e-09,bracketed,0,138
35,-e2,angular,1e-10,0.008320134599406505,0.008320139921966105,6.397203718362918e-07,unresolved,2,112
35,-e2,precursor,0.0,0.008320137172448831,0.008320137255610354,9.995210545607636e-09,bracketed,0,140
35,-e2,precursor,1e-10,0.00832013558221332,0.008320138243381927,3.198467837887703e-07,unresolved,2,120
35,diagmmm,angular,0.0,0.008016293057541687,0.008016293137666353,9.995226597604984e-09,bracketed,0,123
35,diagmmm,angular,1e-10,0.008016291604853766,0.008016294168842954,3.1984729523551923e-07,unresolved,2,105
35,diagmmp,angular,0.0,0.008132578557836537,0.00813257863912692,9.99564674763913e-09,bracketed,0,128
35,diagmmp,angular,1e-10,0.008132578142323054,0.008132579442969114,1.5993034888107586e-07,unresolved,2,124
35,diagmpm,angular,0.0,0.006431837536468359,0.006431837600754462,9.994982458100376e-09,bracketed,0,106
35,diagmpm,angular,1e-10,0.006431835600416599,0.0064318397147270275,6.396790410097977e-07,unresolved,2,85
35,diagmpp,angular,0.0,0.007085948578519966,0.0070859486493467785,9.995388974700232e-09,bracketed,0,117
35,diagmpp,angular,1e-10,0.00708594786158481,0.0070859489948137434,1.5992623084043415e-07,unresolved,2,101
35,diagpmm,angular,0.0,0.0070177301183415195,0.007017730188487184,9.995491885223552e-09,bracketed,0,114
35,diagpmm,angular,1e-10,0.007017728774467471,0.0070177310191286285,3.198557866234796e-07,unresolved,2,95
35,diagpmp,angular,0.0,0.006401931300501125,0.006401931364494088,9.995884028539814e-09,bracketed,0,105
35,diagpmp,angular,1e-10,0.006401929370087959,0.006401933465637397,6.397367420075572e-07,unresolved,2,85
35,diagppm,angular,0.0,0.008096648761031132,0.008096648841960659,9.99543506917579e-09,bracketed,0,126
35,diagppm,angular,1e-10,0.008096647776347592,0.008096650366092325,3.1985394504413943e-07,unresolved,2,110
35,diagppp,angular,0.0,0.007928470124500858,0.007928470203749774,9.995486545638118e-09,bracketed,0,122
35,diagppp,angular,1e-10,0.007928469478608334,0.007928470746590945,1.5992779119481902e-07,unresolved,2,113
36,+e0,angular,0.0,0.00649048384696429,0.006490483911840031,9.995516779074872e-09,bracketed,0,65
36,+e0,angular,1e-10,0.006490483189713896,0.0064904842277256885,1.5992827690924368e-07,unresolved,2,58
36,+e0,precursor,0.0,0.006490483876973294,0.006490483941847386,9.995262690989812e-09,bracketed,0,74
36,+e0,precursor,1e-10,0.0064904832202646884,0.006490484258250093,1.5992421041703402e-07,unresolved,2,63
36,-e0,angular,0.0,0.006441884097145172,0.006441884161535507,9.995574913603962e-09,bracketed,0,67
36,-e0,angular,1e-10,0.006441882798800411,0.006441884859291036,3.198584466218136e-07,unresolved,2,56
36,-e0,precursor,0.0,0.006441884058470024,0.006441884122858954,9.995356850158167e-09,bracketed,0,65
36,-e0,precursor,1e-10,0.00644187612861866,0.006441892612183889,2.558814373297267e-06,unresolved,2,51
36,+e1,angular,0.0,0.011133888250774361,0.01113388836206442,9.995614852521618e-09,bracketed,0,120
36,+e1,angular,1e-10,0.011133884228775148,0.011133891351338594,6.39719553296656e-07,unresolved,2,100
36,+e1,precursor,0.0,0.011133888315590387,0.01113388842687945,9.995525361849269e-09,bracketed,0,131
36,+e1,precursor,1e-10,0.011133884294255901,0.011133891416755599,6.397138239836932e-07,unresolved,2,105
36,-e1,angular,0.0,0.011145468236088224,0.011145468347493536,9.995570369852581e-09,bracketed,0,124
36,-e1,angular,1e-10,0.011145464543986752,0.011145471673926424,6.397166886598113e-07,unresolved,2,102
36,-e1,precursor,0.0,0.011145468284047964,0.011145468395452232,9.995476629249597e-09,bracketed,0,131
36,-e1,precursor,1e-10,0.01114546693210457,0.011145470497040962,3.1985527505870554e-07,unresolved,2,114
36,+e2,angular,0.0,0.008252966798723026,0.008252966881211812,9.995046465884414e-09,bracketed,0,133
36,+e2,angular,1e-10,0.008252964396335303,0.008252969675617424,6.396831329094002e-07,unresolved,2,107
36,+e2,precursor,0.0,0.008252966816662391,0.00825296689915634,9.995671981274746e-09,bracketed,0,142
36,+e2,precursor,1e-10,0.008252966064803247,0.008252967384706366,1.5993075807279372e-07,unresolved,2,122
36,-e2,angular,0.0,0.008341628166901035,0.008341628250277434,9.995218902865552e-09,bracketed,0,135
36,-e2,angular,1e-10,0.008341625401890946,0.00834163073798018,6.396941814794338e-07,unresolved,2,106
36,-e2,precursor,0.0,0.008341628175060475,0.00834162825843467,9.994954576160132e-09,bracketed,0,144
36,-e2,precursor,1e-10,0.008341627745039097,0.008341629079026152,1.599192741840073e-07,unresolved,2,141
36,diagmmm,angular,0.0,0.007594751693688614,0.007594751769604575,9.995845036067858e-09,bracketed,0,107
36,diagmmm,angular,1e-10,0.007594751301911962,0.007594752516567275,1.5993352049029058e-07,unresolved,2,104
36,diagmmp,angular,0.0,0.008192831265537555,0.00819283134742526,9.995043507690151e-09,bracketed,0,114
36,diagmmp,angular,1e-10,0.008192830434592863,0.008192831744796094,1.59920706414113e-07,unresolved,2,102
36,diagmpm,angular,0.0,0.008243224114781289,0.00824322419717782,9.995667887154703e-09,bracketed,0,111
36,diagmpm,angular,1e-10,0.008243222618052933,0.008243225254741773,3.1986141363103795e-07,unresolved,2,96
36,diagmpp,angular,0.0,0.008093467311223564,0.008093467392121271,9.995432590912557e-09,bracketed,0,112
36,diagmpp,angular,1e-10,0.008093466893709125,0.008093468188072368,1.5992692134557267e-07,unresolved,2,109
36,diagpmm,angular,0.0,0.00813230920093961,0.008132309282226212,9.99551301366068e-09,bracketed,0,110
36,diagpmm,angular,1e-10,0.008132306508429367,0.008132311710771606,6.397130056394096e-07,unresolved,2,90
36,diagpmp,angular,0.0,0.008238761483714479,0.008238761566061115,9.995026147667553e-09,bracketed,0,114
36,diagpmp,angular,1e-10,0.008238760815059538,0.008238762132605671,1.5992042523563157e-07,unresolved,2,104
36,diagppm,angular,0.0,0.008279999125716803,0.00827999920848109,9.995687860209805e-09,bracketed,0,114
36,diagppm,angular,1e-10,0.008279998286614822,0.008279999610843343,1.5993101380009867e-07,unresolved,2,102
36,diagppp,angular,0.0,0.0075918863557564165,0.007591886431637836,9.995067845837269e-09,bracketed,0,108
36,diagppp,angular,1e-10,0.0075918858151499576,0.007591887029252613,1.5992109006621836e-07,unresolved,2,97
37,+e0,angular,0.0,0.004942599787055913,0.004942599836465975,9.996775807904314e-09,bracketed,0,57
37,+e0,angular,1e-10,0.004942574324879876,0.004942624920780307,1.0236750548307688e-05,unresolved,2,37
37,+e0,precursor,0.0,0.004942599767848934,0.00494259981725014,9.994983949547433e-09,bracketed,0,60
37,+e0,precursor,1e-10,0.004942598961361585,0.004942600542200067,3.198395204987935e-07,unresolved,2,53
37,-e0,angular,0.0,0.005293735049368573,0.0052937351022882915,9.996669193542094e-09,bracketed,0,58
37,-e0,angular,1e-10,0.0052937343633163506,0.005293736056747248,3.198934402489771e-07,unresolved,2,51
37,-e0,precursor,0.0,0.005293735076544306,0.005293735129465986,9.997039599917635e-09,bracketed,0,57
37,-e0,precursor,1e-10,0.005293734073515875,0.005293735767009521,3.1990531109892376e-07,unresolved,2,48
37,+e1,angular,0.0,0.0065108572599724135,0.006510857325053837,9.995830219964475e-09,bracketed,0,87
37,+e1,angular,1e-10,0.006510856665317217,0.006510857706619946,1.5993329026674886e-07,unresolved,2,75
37,+e1,precursor,0.0,0.0065108572679247224,0.006510857333008921,9.996256371329144e-09,bracketed,0,95
37,+e1,precursor,1e-10,0.0065108561531756586,0.0065108582358698874,3.198802399999815e-07,unresolved,2,76
37,-e1,angular,0.0,0.006515309706056915,0.006515309771182046,9.995707636415684e-09,bracketed,0,85
37,-e1,angular,1e-10,0.0065153053327762014,0.006515313668792626,1.2794513839504052e-06,unresolved,2,65
37,-e1,precursor,0.0,0.006515309679691878,0.006515309744819852,9.996144066217813e-09,bracketed,0,86
37,-e1,precursor,1e-10,0.006515309344773519,0.006515310386821045,1.599383038290893e-07,unresolved,2,83
37,+e2,angular,0.0,0.010292225324699707,0.010292225427573925,9.995332843916031e-09,bracketed,0,112
37,+e2,angular,1e-10,0.01029222407502418,0.01029222736699896,3.1985067130121275e-07,unresolved,2,99
37,+e2,precursor,0.0,0.010292225385625043,0.010292225488502213,9.995619651703123e-09,bracketed,0,124
37,+e2,precursor,1e-10,0.010292224856878498,0.010292226502913135,1.5992991404749653e-07,unresolved,2,121
37,-e2,angular,0.0,0.010274621182619861,0.010274621285319217,9.99543965061948e-09,bracketed,0,122
37,-e2,angular,1e-10,0.01027461469808381,0.010274627843600607,1.2794170081216827e-06,unresolved,2,88
37,-e2,precursor,0.0,0.010274621110613152,0.010274621213315448,9.995725897284815e-09,bracketed,0,116
37,-e2,precursor,1e-10,0.010274619761815863,0.010274623048289185,3.1986325517016093e-07,unresolved,2,101
37,diagmmm,angular,0.0,0.005584205068243284,0.005584205124060784,9.995603536319954e-09,bracketed,0,71
37,diagmmm,angular,1e-10,0.005584204787490282,0.005584205680570244,1.599296580981729e-07,unresolved,2,68
37,diagmmp,angular,0.0,0.0067470372108712345,0.006747037278314147,9.995930103552059e-09,bracketed,0,87
37,diagmmp,angular,1e-10,0.006747036063387809,0.006747038221560909,3.1986980344508007e-07,unresolved,2,72
37,diagmpm,angular,0.0,0.008424077244513127,0.008424077328712353,9.995068097400967e-09,bracketed,0,100
37,diagmpm,angular,1e-10,0.008424076825053493,0.008424078172241042,1.5992109010807765e-07,unresolved,2,97
37,diagmpp,angular,0.0,0.006690013140128894,0.006690013207004087,9.996272406345527e-09,bracketed,0,82
37,diagmpp,angular,1e-10,0.00669001206967295,0.00669001420967904,3.198807517209724e-07,unresolved,2,71
37,diagpmm,angular,0.0,0.006357956556924815,0.006357956620471477,9.994824797441259e-09,bracketed,0,92
37,diagpmm,angular,1e-10,0.006357955966788632,0.006357956983535166,1.5991720287136623e-07,unresolved,2,75
37,diagpmp,angular,0.0,0.007900498655325078,0.007900498734291602,9.995131666595492e-09,bracketed,0,101
37,diagpmp,angular,1e-10,0.007900497761892847,0.00790050028882144,3.198442262262484e-07,unresolved,2,86
37,diagppm,angular,0.0,0.006408927264013164,0.006408927328077007,9.996032253235625e-09,bracketed,0,83
37,diagppm,angular,1e-10,0.0064089259652375654,0.006408928015280438,3.198730775730245e-07,unresolved,2,70
37,diagppp,angular,0.0,0.005372838035813101,0.005372838089516725,9.995392315032296e-09,bracketed,0,72
37,diagppp,angular,1e-10,0.005372837645520968,0.005372838504778917,1.5992628203901814e-07,unresolved,2,66
38,+e0,angular,0.0,0.005804342005940854,0.005804342063961242,9.99603192125337e-09,bracketed,0,62
38,+e0,angular,1e-10,0.005804341649965875,0.00580434257829204,1.5993651322658414e-07,unresolved,2,58
38,+e0,precursor,0.0,0.005804342033712034,0.005804342091733212,9.99616800712445e-09,bracketed,0,66
38,+e0,precursor,1e-10,0.005804341736322164,0.005804342664660963,1.5993868749200906e-07,unresolved,2,63
38,-e0,angular,0.0,0.005767157318432954,0.005767157376081858,9.996069241168952e-09,bracketed,0,61
38,-e0,angular,1e-10,0.005767155464159738,0.0057671591536894344,6.397486108092174e-07,unresolved,2,51
38,-e0,precursor,0.0,0.0057671573107946125,0.005767157368444428,9.996227321396503e-09,bracketed,0,63
38,-e0,precursor,1e-10,0.005767156206507091,0.0057671580513010915,3.1987931914150357e-07,unresolved,2,55
38,+e1,angular,0.0,0.009477728784729078,0.009477728879465856,9.995725727379699e-09,bracketed,0,103
38,+e1,angular,1e-10,0.009477727255412103,0.009477730286988796,3.1986325530459316e-07,unresolved,2,89
38,+e1,precursor,0.0,0.009477728820798084,0.009477728915531392,9.995359626222613e-09,bracketed,0,108
38,+e1,precursor,1e-10,0.009477725776242141,0.009477731839173498,6.397031840503266e-07,unresolved,2,86
38,-e1,angular,0.0,0.009390536752511829,0.009390536846369101,9.994878367652191e-09,bracketed,0,104
38,-e1,angular,1e-10,0.009390535048464346,0.009390538051896873,3.198361447443858e-07,unresolved,2,87
38,-e1,precursor,0.0,0.009390536760310049,0.009390536854174887,9.995683971349781e-09,bracketed,0,108
38,-e1,precursor,1e-10,0.009390535057203383,0.009390538060878004,3.198619251437268e-07,unresolved,2,91
38,+e2,angular,0.0,0.009830148941851875,0.009830149040110408,9.995630161406398e-09,bracketed,0,103
38,+e2,angular,1e-10,0.009830147747760915,0.0098301508920338,3.1986018584278284e-07,unresolved,2,91
38,+e2,precursor,0.0,0.009830148950648838,0.00983014904890369,9.995255683749377e-09,bracketed,0,105
38,+e2,precursor,1e-10,0.00983014736404426,0.009830150508199357,3.1984821603358463e-07,unresolved,2,91
38,-e2,angular,0.0,0.009759758483245326,0.009759758580803427,9.995954372685414e-09,bracketed,0,105
38,-e2,angular,1e-10,0.009759755445306781,0.00975976168902487,6.397412439700732e-07,unresolved,2,85
38,-e2,precursor,0.0,0.009759758510098832,0.009759758607653744,9.995627654542547e-09,bracketed,0,112
38,-e2,precursor,1e-10,0.009759758009120007,0.009759759569998513,1.5993004179493758e-07,unresolved,2,109
38,diagmmm,angular,0.0,0.006455772606163809,0.0064557726706967545,9.996161538551169e-09,bracketed,0,80
38,diagmmm,angular,1e-10,0.006455772273798595,0.006455773306325679,1.5993858519279978e-07,unresolved,2,77
38,diagmmp,angular,0.0,0.008566100329225234,0.008566100414847575,9.995486571940006e-09,bracketed,0,102
38,diagmmp,angular,1e-10,0.008566099630448057,0.00856610100040545,1.5992779110924357e-07,unresolved,2,91
38,diagmpm,angular,0.0,0.00938086444489358,0.00938086453865708,9.995187648953349e-09,bracketed,0,112
38,diagmpm,angular,1e-10,0.00938086367894952,0.009380865179165459,1.5992300822896889e-07,unresolved,2,98
38,diagmpp,angular,0.0,0.0070509127328223,0.007050912803300268,9.995580820558414e-09,bracketed,0,82
38,diagmpp,angular,1e-10,0.007050912087409678,0.007050913215057113,1.5992930014135458e-07,unresolved,2,74
38,diagpmm,angular,0.0,0.007042533785073205,0.007042533855468521,9.995736988028033e-09,bracketed,0,85
38,diagpmm,angular,1e-10,0.00704253159290103,0.0070425360982009555,6.397273290479762e-07,unresolved,2,68
38,diagpmp,angular,0.0,0.009384818221423338,0.009384818315228867,9.995455117324051e-09,bracketed,0,110
38,diagpmp,angular,1e-10,0.009384814926220095,0.009384820929773694,6.397093225489025e-07,unresolved,2,88
38,diagppm,angular,0.0,0.008638403499331048,0.00863840358567497,9.995356387622533e-09,bracketed,0,102
38,diagppm,angular,1e-10,0.008638392521964543,0.008638414626007491,2.5588143734182377e-06,unresolved,2,74
38,diagppp,angular,0.0,0.0065377077715339914,0.0065377078368833485,9.99575987270061e-09,bracketed,0,78
38,diagppp,angular,1e-10,0.006537707108564273,0.006537708154153924,1.5993216476184628e-07,unresolved,2,70
39,+e0,angular,0.0,0.0054019377846158765,0.0054019378386101075,9.995344839971483e-09,bracketed,0,58
39,+e0,angular,1e-10,0.0054019367574112045,0.005401938485226513,3.1985108044665397e-07,unresolved,2,49
39,+e0,precursor,0.0,0.005401937758131723,0.005401937812128454,9.99580763709338e-09,bracketed,0,59
39,+e0,precursor,1e-10,0.0054019372175848415,0.0054019380815325,1.5993293209577436e-07,unresolved,2,54
39,-e0,angular,0.0,0.005073766553968937,0.005073766604684918,9.995726124686351e-09,bracketed,0,58
39,-e0,angular,1e-10,0.005073765979815584,0.0050737676027268865,3.198632552619868e-07,unresolved,2,51
39,-e0,precursor,0.0,0.005073766551005525,0.005073766601724809,9.996377280085056e-09,bracketed,0,59
39,-e0,precursor,1e-10,0.005073766231123825,0.005073767042632339,1.5994203853043614e-07,unresolved,2,55
39,+e1,angular,0.0,0.011217535032172422,0.011217535144296114,9.995394884315055e-09,bracketed,0,113
39,+e1,angular,1e-10,0.011217420422384602,0.011217650051695366,2.0470776891440003e-05,unresolved,2,72
39,+e1,precursor,0.0,0.011217535004461205,0.011217535116588528,9.995718578711223e-09,bracketed,0,116
39,+e1,precursor,1e-10,0.011217534313189802,0.011217536107226887,1.599314996921195e-07,unresolved,2,110
39,-e1,angular,0.0,0.011199545734704094,0.011199545846649981,9.995573859881934e-09,bracketed,0,120
39,-e1,angular,1e-10,0.011199517283158242,0.011199574599449796,5.117746604971251e-06,unresolved,2,80
39,-e1,precursor,0.0,0.011199545677891967,0.01119954578983028,9.99489765077095e-09,bracketed,0,116
39,-e1,precursor,1e-10,0.011199543981844837,0.011199547563870682,3.198367585456352e-07,unresolved,2,100
39,+e2,angular,0.0,0.00811632604646306,0.008116326127590803,9.995623998794655e-09,bracketed,0,123
39,+e2,angular,1e-10,0.00811632530305421,0.00811632660109804,1.599299905075442e-07,unresolved,2,106
39,+e2,precursor,0.0,0.008116325998928892,0.008116326080050733,9.994896939022488e-09,bracketed,0,117
39,+e2,precursor,1e-10,0.008116325499141958,0.00811632679709137,1.5991835381863265e-07,unresolved,2,111
39,-e2,angular,0.0,0.008133654099240797,0.008133654180541171,9.99555346549207e-09,bracketed,0,118
39,-e2,angular,1e-10,0.008133653272993464,0.008133654573799401,1.5992886508245674e-07,unresolved,2,103
39,-e2,precursor,0.0,0.008133654095532414,0.008133654176834731,9.99579234058285e-09,bracketed,0,124
39,-e2,precursor,1e-10,0.008133653676356621,0.008133654977193623,1.599326765206897e-07,unresolved,2,121
39,diagmmm,angular,0.0,0.006084255673766011,0.0060842557345844595,9.996037581061196e-09,bracketed,0,83
39,diagmmm,angular,1e-10,0.006084253833659556,0.006084257726040043,6.397465644571875e-07,unresolved,2,67
39,diagmmp,angular,0.0,0.008430502256573425,0.00843050234083486,9.994829735031069e-09,bracketed,0,110
39,diagmmp,angular,1e-10,0.008430501556756492,0.008430502904939366,1.599172795699428e-07,unresolved,2,100
39,diagmpm,angular,0.0,0.006751849693669636,0.006751849761159656,9.995782298377069e-09,bracketed,0,95
39,diagmpm,angular,1e-10,0.006751849067495232,0.006751850147335488,1.599325228708889e-07,unresolved,2,82
39,diagmpp,angular,0.0,0.006990669872016064,0.006990669941891882,9.995582552862104e-09,bracketed,0,93
39,diagmpp,angular,1e-10,0.006990669292717041,0.006990670410730067,1.5992932566168463e-07,unresolved,2,86
39,diagpmm,angular,0.0,0.007336928204320397,0.007336928277656888,9.995530738645054e-09,bracketed,0,91
39,diagpmm,angular,1e-10,0.007336927101391622,0.007336929448159219,3.1985701434122593e-07,unresolved,2,79
39,diagpmp,angular,0.0,0.007076384205034731,0.007076384275767667,9.995632508347974e-09,bracketed,0,88
39,diagpmp,angular,1e-10,0.007076382786892458,0.007076385050346296,3.1986028818929947e-07,unresolved,2,76
39,diagppm,angular,0.0,0.008981185088945005,0.008981185178715954,9.99544586439874e-09,bracketed,0,109
39,diagppm,angular,1e-10,0.008981139123756018,0.008981231049203635,1.0235388445729727e-05,unresolved,2,74
39,diagppp,angular,0.0,0.006365911095564802,0.006365911159196205,9.995647463933407e-09,bracketed,0,87
39,diagppp,angular,1e-10,0.006365909182012277,0.006365913254421882,6.397215996040235e-07,unresolved,2,69
40,+e0,angular,0.0,0.00537124639373519,0.005371246447425251,9.995829113370136e-09,bracketed,0,59
40,+e0,angular,1e-10,0.005371232471965567,0.0053712599612757315,5.117877564893742e-06,unresolved,2,43
40,+e0,precursor,0.0,0.005371246372767884,0.005371246426460293,9.99626628523815e-09,bracketed,0,60
40,+e0,precursor,1e-10,0.005371245605665785,0.005371247323822768,3.198805471109582e-07,unresolved,2,53
40,-e0,angular,0.0,0.005546674434398775,0.005546674489845525,9.99639518742049e-09,bracketed,0,60
40,-e0,angular,1e-10,0.005546672491641835,0.005546676040233636,6.397694846467264e-07,unresolved,2,48
40,-e0,precursor,0.0,0.005546674415604027,0.0055466744710523114,9.996672005210923e-09,bracketed,0,63
40,-e0,precursor,1e-10,0.005546673471407592,0.005546675245752619,3.19893542671163e-07,unresolved,2,55
40,+e1,angular,0.0,0.008684652689411583,0.008684652776220912,9.995716803780144e-09,bracketed,0,122
40,+e1,angular,1e-10,0.008684651980946808,0.008684653369896001,1.599314741170656e-07,unresolved,2,110
40,+e1,precursor,0.0,0.008684652656333742,0.00868465274314328,9.995741011101454e-09,bracketed,0,125
40,+e1,precursor,1e-10,0.008684652121985789,0.008684653510938337,1.599318578283051e-07,unresolved,2,119
40,-e1,angular,0.0,0.008690199807172052,0.008690199894036466,9.995675031558244e-09,bracketed,0,126
40,-e1,angular,1e-10,0.008690199011117453,0.008690200400948013,1.5993080916663743e-07,unresolved,2,111
40,-e1,precursor,0.0,0.008690199780193256,0.008690199867057867,9.995697819083565e-09,bracketed,0,128
40,-e1,precursor,1e-10,0.008690199158369008,0.008690200548202702,1.5993116716709337e-07,unresolved,2,118
40,+e2,angular,0.0,0.012731138823119227,0.0127311389503654,9.994877554571489e-09,bracketed,0,187
40,+e2,angular,1e-10,0.012731137654573225,0.012731139690511891,1.5991804669466294e-07,unresolved,2,165
40,+e2,precursor,0.0,0.01273113884920176,0.012731138976454733,9.995411530415375e-09,bracketed,0,197
40,+e2,precursor,1e-10,0.012731137808905606,0.01273113984495305,1.5992658897041112e-07,unresolved,2,173
40,-e2,angular,0.0,0.012715932536610217,0.012715932663708102,9.995168182475476e-09,bracketed,0,180
40,-e2,angular,1e-10,0.012715929086180827,0.012715937220445046,6.396909076531889e-07,unresolved,2,148
40,-e2,precursor,0.0,0.012715932519221318,0.012715932646318644,9.995124268499569e-09,bracketed,0,183
40,-e2,precursor,1e-10,0.012715929959182387,0.012715934026296564,3.198440216128616e-07,unresolved,2,157
40,diagmmm,angular,0.0,0.006918280977335812,0.006918281046485593,9.995225925860834e-09,bracketed,0,100
40,diagmmm,angular,1e-10,0.006918280280199555,0.006918281386595996,1.5992362202739651e-07,unresolved,2,88
40,diagmmp,angular,0.0,0.0066054056906533504,0.0066054057566800215,9.995854032576365e-09,bracketed,0,96
40,diagmmp,angular,1e-10,0.006605404893025173,0.006605407005878518,3.198673478397126e-07,unresolved,2,85
40,diagmpm,angular,0.0,0.009069342504910951,0.009069342595565676,9.995732876680369e-09,bracketed,0,127
40,diagmpm,angular,1e-10,0.00906934186492886,0.009069343315404394,1.5993173004415078e-07,unresolved,2,116
40,diagmpp,angular,0.0,0.008875438059353678,0.008875438148070295,9.995745200682838e-09,bracketed,0,125
40,diagmpp,angular,1e-10,0.008875436901452934,0.00887543974038452,3.1986386899738003e-07,unresolved,2,107
40,diagpmm,angular,0.0,0.008608981960406263,0.008608982046455976,9.995341248259862e-09,bracketed,0,122
40,diagpmm,angular,1e-10,0.00860898124829405,0.008608982625089367,1.5992546352869315e-07,unresolved,2,113
40,diagpmp,angular,0.0,0.008719843996374953,0.008719844083528579,9.99486072984203e-09,bracketed,0,127
40,diagpmp,angular,1e-10,0.00871984100958377,0.008719846587415512,6.39671266425175e-07,unresolved,2,103
40,diagppm,angular,0.0,0.006457753995353527,0.006457754059902284,9.995542879294057e-09,bracketed,0,96
40,diagppm,angular,1e-10,0.006457753591985806,0.006457754624765853,1.5992868611907862e-07,unresolved,2,90
40,diagppp,angular,0.0,0.006730544308919331,0.006730544376191403,9.995041912444098e-09,bracketed,0,100
40,diagppp,angular,1e-10,0.0067305434845517575,0.006730545637257952,3.198413619445449e-07,unresolved,2,88
41,+e0,angular,0.0,0.006111721534309135,0.006111721595405848,9.996645508606955e-09,bracketed,0,67
41,+e0,angular,1e-10,0.006111720921761033,0.006111721899308404,1.5994633650479585e-07,unresolved,2,59
41,+e0,precursor,0.0,0.006111721531154492,0.006111721592251127,9.996632599252052e-09,bracketed,0,67
41,+e0,precursor,1e-10,0.00611171988037786,0.006111723790562297,6.397846292133832e-07,unresolved,2,54
41,-e0,angular,0.0,0.005776935339757842,0.005776935397508407,9.996747643953248e-09,bracketed,0,62
41,-e0,angular,1e-10,0.0057769336467142236,0.005776937342750139,6.397919972291394e-07,unresolved,2,50
41,-e0,precursor,0.0,0.005776935346392521,0.005776935404132171,9.994858243123642e-09,bracketed,0,68
41,-e0,precursor,1e-10,0.005776934808247456,0.005776935732081814,1.5991773988042648e-07,unresolved,2,60
41,+e1,angular,0.0,0.009167780838029549,0.00916778092966325,9.995188829913645e-09,bracketed,0,106
41,+e1,angular,1e-10,0.009167779630151172,0.009167782562429436,3.198460676680067e-07,unresolved,2,89
41,+e1,precursor,0.0,0.009167780785600644,0.009167780877231566,9.994885757334067e-09,bracketed,0,103
41,+e1,precursor,1e-10,0.009167780128026142,0.009167781594120806,1.5991817469442573e-07,unresolved,2,95
41,-e1,angular,0.0,0.009123928748111415,0.009123928839309133,9.995443881474824e-09,bracketed,0,103
41,-e1,angular,1e-10,0.009123926999805871,0.009123929918132717,3.1985425199774675e-07,unresolved,2,87
41,-e1,precursor,0.0,0.009123928783441272,0.009123928874636505,9.99517157803908e-09,bracketed,0,108
41,-e1,precursor,1e-10,0.009123927947599001,0.009123929406722672,1.5992275248410275e-07,unresolved,2,92
41,+e2,angular,0.0,0.011236647795972655,0.01123664790828784,9.995435201815467e-09,bracketed,0,115
41,+e2,angular,1e-10,0.01123664654225667,0.011236650136342397,3.198539451635332e-07,unresolved,2,101
41,+e2,precursor,0.0,0.011236647831415876,0.011236647943733762,9.995675541303025e-09,bracketed,0,122
41,+e2,precursor,1e-10,0.01123661861132394,0.011236676118079299,5.117798988161024e-06,unresolved,2,86
41,-e2,angular,0.0,0.011083257533823946,0.011083257644609688,9.99577437891767e-09,bracketed,0,122
41,-e2,angular,1e-10,0.011083256627212101,0.011083258399783878,1.5993239500626387e-07,unresolved,2,106
41,-e2,precursor,0.0,0.011083257525363488,0.011083257636141878,9.995111065491492e-09,bracketed,0,123
41,-e2,precursor,1e-10,0.011083256840637188,0.011083258613091358,1.5992178066717076e-07,unresolved,2,113
41,diagmmm,angular,0.0,0.006786347444536813,0.0067863475123715305,9.99576258539316e-09,bracketed,0,85
41,diagmmm,angular,1e-10,0.006786345458726346,0.00678634980014811,6.397289660772211e-07,unresolved,2,69
41,diagmmp,angular,0.0,0.008055841705728194,0.008055841786249185,9.99535416135896e-09,bracketed,0,95
41,diagmmp,angular,1e-10,0.008055841118779957,0.00805584240711573,1.599256681130651e-07,unresolved,2,88
41,diagmpm,angular,0.0,0.007459730236545465,0.007459730311112111,9.99589045392985e-09,bracketed,0,90
41,diagmpm,angular,1e-10,0.0074597279778245715,0.007459732750089697,6.397371512467374e-07,unresolved,2,75
41,diagmpp,angular,0.0,0.009066775073247747,0.009066775163871284,9.995123483346418e-09,bracketed,0,109
41,diagmpp,angular,1e-10,0.009066772508724116,0.00906677830863008,6.396880433075358e-07,unresolved,2,89
41,diagpmm,angular,0.0,0.00947289836486478,0.009472898459548237,9.995194037586829e-09,bracketed,0,105
41,diagpmm,angular,1e-10,0.009472897507567721,0.009472899022502958,1.599231106506817e-07,unresolved,2,94
41,diagpmp,angular,0.0,0.007791524565579727,0.007791524643463069,9.99590524470053e-09,bracketed,0,93
41,diagpmp,angular,1e-10,0.007791523704566679,0.0077915261968334575,3.1986898492130126e-07,unresolved,2,81
41,diagppm,angular,0.0,0.00838337532393766,0.008383375407733241,9.99544674391463e-09,bracketed,0,100
41,diagppm,angular,1e-10,0.00838337473216347,0.00838337607289271,1.599271515355374e-07,unresolved,2,88
41,diagppp,angular,0.0,0.007101012873587843,0.007101012944565593,9.995440225621247e-09,bracketed,0,86
41,diagppp,angular,1e-10,0.007101012300272705,0.007101013435916649,1.5992704931535925e-07,unresolved,2,78
42,+e0,angular,0.0,0.0052699829784849505,0.005269983031161716,9.995623504332735e-09,bracketed,0,60
42,+e0,angular,1e-10,0.005269982234834713,0.005269983920491132,3.1985998130949365e-07,unresolved,2,51
42,+e0,precursor,0.0,0.005269982961924099,0.005269983014603789,9.99617851738262e-09,bracketed,0,60
42,+e0,precursor,1e-10,0.005269981481405041,0.00526998485290504,6.397555686330142e-07,unresolved,2,51
42,-e0,angular,0.0,0.005102945881419886,0.005102945932428385,9.995892534531584e-09,bracketed,0,63
42,-e0,angular,1e-10,0.005102945358109627,0.0051029461742455595,1.599342879453099e-07,unresolved,2,53
42,-e0,precursor,0.0,0.005102945880714199,0.005102945931725918,9.996523644729969e-09,bracketed,0,63
42,-e0,precursor,1e-10,0.005102944337798025,0.0051029476025478675,6.397776708403229e-07,unresolved,2,50
42,+e1,angular,0.0,0.009095656813036666,0.00909565690395319,9.995597478867914e-09,bracketed,0,121
42,+e1,angular,1e-10,0.009095655159904478,0.009095658069233122,3.1985916277261685e-07,unresolved,2,105
42,+e1,precursor,0.0,0.0090956568257867,0.009095656916703618,9.995640758291532e-09,bracketed,0,127
42,+e1,precursor,1e-10,0.00909565380941907,0.009095659628101552,6.397211903551585e-07,unresolved,2,104
42,-e1,angular,0.0,0.00911674672767842,0.009116746818805347,9.995553228220513e-09,bracketed,0,134
42,-e1,angular,1e-10,0.009116745526859734,0.009116748442921267,3.198577304013177e-07,unresolved,2,108
42,-e1,precursor,0.0,0.009116746651058355,0.009116746742185603,9.995588513801577e-09,bracketed,0,124
42,-e1,precursor,1e-10,0.009116745541891517,0.009116748457963316,3.198588559439197e-07,unresolved,2,111
42,+e2,angular,0.0,0.007628588999278079,0.007628589075530901,9.995665223591267e-09,bracketed,0,94
42,+e2,angular,1e-10,0.0076285880710576254,0.007628590511147809,3.198613112936945e-07,unresolved,2,81
42,+e2,precursor,0.0,0.0076285890078674895,0.00762858908412067,9.995712283657326e-09,bracketed,0,98
42,+e2,precursor,1e-10,0.007628588613909182,0.007628589833960019,1.5993139740732662e-07,unresolved,2,95
42,-e2,angular,0.0,0.007639324649219537,0.007639324725578317,9.995488333853183e-09,bracketed,0,94
42,-e2,angular,1e-10,0.007639324100057961,0.0076393253217983854,1.5992781666343233e-07,unresolved,2,87
42,-e2,precursor,0.0,0.0076393246881546195,0.00763932476451375,9.995534152689437e-09,bracketed,0,101
42,-e2,precursor,1e-10,0.007639323681346477,0.007639326124838522,3.198571165340667e-07,unresolved,2,85
42,diagmmm,angular,0.0,0.006065005293880308,0.006065005354505777,9.995946601371796e-09,bracketed,0,87
42,diagmmm,angular,1e-10,0.006065004552531585,0.006065006492546501,3.198703148976908e-07,unresolved,2,75
42,diagmmp,angular,0.0,0.007148771384651248,0.007148771456108339,9.995716364031887e-09,bracketed,0,108
42,diagmmp,angular,1e-10,0.007148770439435327,0.007148772726062117,3.1986294834866317e-07,unresolved,2,85
42,diagmpm,angular,0.0,0.007142794337817287,0.0071427944092134045,9.995544312233645e-09,bracketed,0,98
42,diagmpm,angular,1e-10,0.007142793819471013,0.007142794961808828,1.5992871185854043e-07,unresolved,2,91
42,diagmpp,angular,0.0,0.006421565141486618,0.006421565205669725,9.994931972486887e-09,bracketed,0,100
42,diagmpp,angular,1e-10,0.006421564612483138,0.0064215656394127915,1.5991891622436543e-07,unresolved,2,84
42,diagpmm,angular,0.0,0.006567532744960818,0.006567532810610922,9.996159414175968e-09,bracketed,0,89
42,diagpmm,angular,1e-10,0.006567531029915973,0.006567535231522457,6.397543406497271e-07,unresolved,2,75
42,diagpmp,angular,0.0,0.0072917530297775465,0.007291753102664823,9.995850898699243e-09,bracketed,0,99
42,diagpmp,angular,1e-10,0.007291752220582766,0.007291754552975463,3.1986724546104663e-07,unresolved,2,88
42,diagppm,angular,0.0,0.007348587517440813,0.007348587590892445,9.995340277644616e-09,bracketed,0,99
42,diagppm,angular,1e-10,0.007348585083554233,0.007348589784458489,6.397019564748033e-07,unresolved,2,81
42,diagppp,angular,0.0,0.006200141447010494,0.0062001415089858345,9.995794642383796e-09,bracketed,0,90
42,diagppp,angular,1e-10,0.00620013957949582,0.006200143545917389,6.397310123112977e-07,unresolved,2,72
43,+e0,angular,0.0,0.006462970357384202,0.006462970421989304,9.996193403012633e-09,bracketed,0,67
43,+e0,angular,1e-10,0.006462969966679298,0.006462971000360877,1.5993909673570973e-07,unresolved,2,62
43,+e0,precursor,0.0,0.006462970335873151,0.006462970400477155,9.996023667192582e-09,bracketed,0,67
43,+e0,precursor,1e-10,0.0064629697517616545,0.006462970785425674,1.5993638521175663e-07,unresolved,2,61
43,-e0,angular,0.0,0.006038155576529371,0.006038155636879157,9.994738487210174e-09,bracketed,0,65
43,-e0,angular,1e-10,0.00603815507300959,0.006038156038606121,1.599158219483498e-07,unresolved,2,59
43,-e0,precursor,0.0,0.006038155575483883,0.006038155635834274,9.994838754408482e-09,bracketed,0,68
43,-e0,precursor,1e-10,0.006038151874010254,0.006038159598859944,1.2793400780218434e-06,unresolved,2,54
43,+e1,angular,0.0,0.011405234436167687,0.011405234550165306,9.995201700984276e-09,bracketed,0,173
43,+e1,angular,1e-10,0.011405233045615163,0.01140523669353877,3.1984647684913917e-07,unresolved,2,140
43,+e1,precursor,0.0,0.011405234393141858,0.011405234507137742,9.99504963980216e-09,bracketed,0,168
43,+e1,precursor,1e-10,0.01140521989363224,0.011405249076576751,2.558735805425099e-06,unresolved,2,124
43,-e1,angular,0.0,0.011386004742846702,0.011386004856654135,9.995378958516498e-09,bracketed,0,158
43,-e1,angular,1e-10,0.011386001308090643,0.011386008591765914,6.397044118889122e-07,unresolved,2,129
43,-e1,precursor,0.0,0.011386004813743708,0.011386004927549508,9.995235529503422e-09,bracketed,0,179
43,-e1,precursor,1e-10,0.011386003769484652,0.011386005590377363,1.5992377552155792e-07,unresolved,2,148
43,+e2,angular,0.0,0.007490613285855749,0.007490613360730366,9.995792609481024e-09,bracketed,0,106
43,+e2,angular,1e-10,0.007490611923887697,0.007490614319875305,3.1986540383023143e-07,unresolved,2,90
43,+e2,precursor,0.0,0.007490613276197527,0.007490613351069455,9.995433663591411e-09,bracketed,0,109
43,+e2,precursor,1e-10,0.007490604127885466,0.007490623295098109,2.5588340160829924e-06,unresolved,2,83
43,-e2,angular,0.0,0.007481806895969679,0.007481806970756788,9.995861940486348e-09,bracketed,0,106
43,-e2,angular,1e-10,0.007481802394891582,0.007481811967640985,1.2794710282105113e-06,unresolved,2,83
43,-e2,precursor,0.0,0.007481806880123688,0.0074818069549081765,9.99551173879602e-09,bracketed,0,107
43,-e2,precursor,1e-10,0.007481805894357913,0.007481808287461415,3.198564005106783e-07,unresolved,2,94
43,diagmmm,angular,0.0,0.006603784892981034,0.0066037849589906765,9.995728702017219e-09,bracketed,0,96
43,diagmmm,angular,1e-10,0.006603783752920018,0.006603785865228463,3.198633576611052e-07,unresolved,2,83
43,diagmmp,angular,0.0,0.007818768034320068,0.007818768112470974,9.995296642968375e-09,bracketed,0,112
43,diagmmp,angular,1e-10,0.007818767542151824,0.007818768792566249,1.5992474747961828e-07,unresolved,2,106
43,diagmpm,angular,0.0,0.007663374023946475,0.007663374100542974,9.995140374113907e-09,bracketed,0,115
43,diagmpm,angular,1e-10,0.0076633726230051265,0.007663375074092966,3.198445332386439e-07,unresolved,2,95
43,diagmpp,angular,0.0,0.008084132846816965,0.008084132927616776,9.994864361733448e-09,bracketed,0,120
43,diagmpp,angular,1e-10,0.008084127973820882,0.008084138316196258,1.27934335153358e-06,unresolved,2,93
43,diagpmm,angular,0.0,0.008495304198748794,0.00849530428366453,9.995608622666934e-09,bracketed,0,116
43,diagpmm,angular,1e-10,0.00849530130550219,0.008495306740109069,6.397191439909585e-07,unresolved,2,95
43,diagpmp,angular,0.0,0.00807463751839148,0.008074637599102031,9.995563380508419e-09,bracketed,0,112
43,diagpmp,angular,1e-10,0.008074636865401493,0.008074638156770243,1.599290186428695e-07,unresolved,2,103
43,diagppm,angular,0.0,0.008210732164281202,0.008210732246354952,9.995911318433395e-09,bracketed,0,129
43,diagppm,angular,1e-10,0.00821073100868892,0.008210733635048793,3.198691894616868e-07,unresolved,2,98
43,diagppp,angular,0.0,0.006906715325690677,0.0069067153947245385,9.995179865519954e-09,bracketed,0,102
43,diagppp,angular,1e-10,0.006906714834798948,0.006906715939340679,1.5992288042400056e-07,unresolved,2,92
44,+e0,angular,0.0,0.006417442792939314,0.006417442857080737,9.99485700849849e-09,bracketed,0,70
44,+e0,angular,1e-10,0.006417442392720187,0.006417443418982906,1.5991771427002639e-07,unresolved,2,65
44,+e0,precursor,0.0,0.0064174427592617,0.006417442823414825,9.99668046283211e-09,bracketed,0,68
44,+e0,precursor,1e-10,0.006417438895850175,0.006417447107449735,1.2795758078025673e-06,unresolved,2,56
44,-e0,angular,0.0,0.006268232745881976,0.006268232808535698,9.995436379053753e-09,bracketed,0,66
44,-e0,angular,1e-10,0.006268230785145089,0.006268234794983062,6.397080947386375e-07,unresolved,2,56
44,-e0,precursor,0.0,0.0062682327905080205,0.006268232853161864,9.995455818655367e-09,bracketed,0,73
44,-e0,precursor,1e-10,0.006268231018184594,0.006268235028030412,6.39709322412327e-07,unresolved,2,59
44,+e1,angular,0.0,0.006547446850329049,0.006547446915775282,9.995687631848586e-09,bracketed,0,83
44,+e1,angular,1e-10,0.006547446049142126,0.006547448143421494,3.1986202746269815e-07,unresolved,2,72
44,+e1,precursor,0.0,0.006547446871427618,0.0065474469368689316,9.9949362112156e-09,bracketed,0,87
44,+e1,precursor,1e-10,0.006547446004990035,0.006547448099111978,3.198379859817873e-07,unresolved,2,73
44,-e1,angular,0.0,0.006592463495925115,0.0065924635618177085,9.995139678153579e-09,bracketed,0,81
44,-e1,angular,1e-10,0.0065924629501346,0.006592464004416048,1.5992224098572196e-07,unresolved,2,74
44,-e1,precursor,0.0,0.006592463486585701,0.006592463552483413,9.995916079111283e-09,bracketed,0,84
44,-e1,precursor,1e-10,0.0065924615575892,0.006592465775042568,6.397387882306073e-07,unresolved,2,70
44,+e2,angular,0.0,0.007424541748943815,0.007424541823158228,9.995824088567116e-09,bracketed,0,110
44,+e2,angular,1e-10,0.007424541284602673,0.007424542472033229,1.5993318782598293e-07,unresolved,2,101
44,+e2,precursor,0.0,0.007424541760183702,0.00742454183439623,9.99557009891614e-09,bracketed,0,117
44,+e2,precursor,1e-10,0.00742454137033801,0.007424542557738386,1.5992912110157626e-07,unresolved,2,113
44,-e2,angular,0.0,0.007431383705529614,0.007431383779812052,9.995774898795628e-09,bracketed,0,106
44,-e2,angular,1e-10,0.00743138108635485,0.007431385840430672,6.397297845630348e-07,unresolved,2,87
44,-e2,precursor,0.0,0.0074313837026507516,0.007431383776931262,9.9955154428929e-09,bracketed,0,108
44,-e2,precursor,1e-10,0.0074313830893922685,0.007431384277880371,1.5992825129687548e-07,unresolved,2,98
44,diagmmm,angular,0.0,0.005472836839413977,0.005472836894120333,9.995977997783156e-09,bracketed,0,91
44,diagmmm,angular,1e-10,0.0054728358938353,0.00547283764443864,3.1987133804113176e-07,unresolved,2,69
44,diagmmp,angular,0.0,0.007570852301010037,0.007570852376684261,9.995469689583949e-09,bracketed,0,113
44,diagmmp,angular,1e-10,0.007570850916159184,0.007570853337734237,3.1985507047275954e-07,unresolved,2,91
44,diagmpm,angular,0.0,0.006454158429096805,0.006454158493604751,9.994788099588084e-09,bracketed,0,91
44,diagmpm,angular,1e-10,0.006454157893808357,0.0064541589259354375,1.599166146587406e-07,unresolved,2,84
44,diagmpp,angular,0.0,0.008387680233414865,0.008387680317254589,9.99557935270776e-09,bracketed,0,119
44,diagmpp,angular,1e-10,0.00838767953902823,0.008387680880463735,1.5992927461058695e-07,unresolved,2,106
44,diagpmm,angular,0.0,0.008538923811136467,0.008538923896484966,9.99522902290754e-09,bracketed,0,117
44,diagpmm,angular,1e-10,0.008538913292974414,0.008538935142188942,2.558781636287442e-06,unresolved,2,85
44,diagpmp,angular,0.0,0.006502591176522843,0.006502591241516104,9.994978905526914e-09,bracketed,0,92
44,diagpmp,angular,1e-10,0.0065025868719337365,0.006502595191070805,1.2793580819915282e-06,unresolved,2,73
44,diagppm,angular,0.0,0.007641581666682261,0.007641581743064951,9.995664959846373e-09,bracketed,0,106
44,diagppm,angular,1e-10,0.007641580427817523,0.007641582872063459,3.198613112755426e-07,unresolved,2,90
44,diagppp,angular,0.0,0.005514718061517173,0.005514718116642498,9.996036756393345e-09,bracketed,0,82
44,diagppp,angular,1e-10,0.005514717717913725,0.005514718599918872,1.599365900460584e-07,unresolved,2,76
45,+e0,angular,0.0,0.005837939398194613,0.0058379394565498685,9.995865243421097e-09,bracketed,0,66
45,+e0,angular,1e-10,0.0058379377427602,0.005837941477496304,6.397355141963543e-07,unresolved,2,54
45,+e0,precursor,0.0,0.005837939406743927,0.005837939465100665,9.996119140498328e-09,bracketed,0,69
45,+e0,precursor,1e-10,0.00583793856873265,0.005837940436148155,3.1987584013824565e-07,unresolved,2,57
45,-e0,angular,0.0,0.006006304665836008,0.006006304725875839,9.996134742796448e-09,bracketed,0,64
45,-e0,angular,1e-10,0.0060063035750032145,0.00600630549627769,3.198763518126428e-07,unresolved,2,55
45,-e0,precursor,0.0,0.0060063046869281555,0.006006304746968819,9.996273339899312e-09,bracketed,0,72
45,-e0,precursor,1e-10,0.006006304256956791,0.006006305217607352,1.5994037593465827e-07,unresolved,2,62
45,+e1,angular,0.0,0.008429808872580422,0.008429808956841965,9.995664812390054e-09,bracketed,0,104
45,+e1,angular,1e-10,0.008429807332018474,0.008429810028387701,3.198613112558848e-07,unresolved,2,87
45,+e1,precursor,0.0,0.008429808821899365,0.008429808906159438,9.995490367281291e-09,bracketed,0,105
45,+e1,precursor,1e-10,0.008429803152978393,0.008429813938267118,1.2794235557923203e-06,unresolved,2,85
45,-e1,angular,0.0,0.008402734305022894,0.008402734389007079,9.994863712425006e-09,bracketed,0,100
45,-e1,angular,1e-10,0.008402728656680708,0.00840273940665575,1.2793433515828548e-06,unresolved,2,79
45,-e1,precursor,0.0,0.00840273434762268,0.00840273443161502,9.995834377885507e-09,bracketed,0,114
45,-e1,precursor,1e-10,0.00840273306724577,0.008402735755000553,3.1986673396820067e-07,unresolved,2,94
45,+e2,angular,0.0,0.007391344949980779,0.007391345023862657,9.995728591481145e-09,bracketed,0,103
45,+e2,angular,1e-10,0.007391343525673466,0.007391345889893424,3.198633576717796e-07,unresolved,2,89
45,+e2,precursor,0.0,0.007391344990884717,0.007391345064764765,9.99548093126043e-09,bracketed,0,111
45,+e2,precursor,1e-10,0.0073913425325703355,0.007391347260893158,6.39710959389597e-07,unresolved,2,90
45,-e2,angular,0.0,0.0074320553086398514,0.007432055382928413,9.995695447422047e-09,bracketed,0,106
45,-e2,angular,1e-10,0.007432050683931431,0.007432060192866799,1.2794497470214788e-06,unresolved,2,84
45,-e2,precursor,0.0,0.007432055343849735,0.007432055418136286,9.995424876716784e-09,bracketed,0,112
45,-e2,precursor,1e-10,0.00743205391386236,0.007432056291031844,3.198536382242431e-07,unresolved,2,94
45,diagmmm,angular,0.0,0.006889007579055383,0.006889007647917627,9.995959975625697e-09,bracketed,0,95
45,diagmmm,angular,1e-10,0.006889007083372139,0.006889008185167982,1.5993536217853723e-07,unresolved,2,88
45,diagmmp,angular,0.0,0.006386737527681895,0.006386737591517805,9.9950734219576e-09,bracketed,0,95
45,diagmmp,angular,1e-10,0.006386736492367975,0.006386738535117007,3.198423849176735e-07,unresolved,2,79
45,diagmpm,angular,0.0,0.007816270137227955,0.00781627021535604,9.995571318108194e-09,bracketed,0,105
45,diagmpm,angular,1e-10,0.007816268091075905,0.007816273091273047,6.397166887688083e-07,unresolved,2,87
45,diagmpp,angular,0.0,0.007545401275564127,0.007545401350986733,9.99583758457148e-09,bracketed,0,103
45,diagmpp,angular,1e-10,0.007545400129790478,0.007545402543313746,3.19866836334448e-07,unresolved,2,89
45,diagpmm,angular,0.0,0.007452494806938338,0.007452494881428214,9.995293925410938e-09,bracketed,0,112
45,diagpmm,angular,1e-10,0.007452493515053175,0.007452495898729079,3.1984944360103154e-07,unresolved,2,87
45,diagpmp,angular,0.0,0.007623352556069402,0.007623352632268295,9.995457001534999e-09,bracketed,0,109
45,diagpmp,angular,1e-10,0.007623351234470298,0.007623353672834725,3.198546612954304e-07,unresolved,2,92
45,diagppm,angular,0.0,0.006279007510988173,0.0062790075737467425,9.994982338369222e-09,bracketed,0,93
45,diagppm,angular,1e-10,0.006279005482346267,0.006279009498894473,6.396790411003155e-07,unresolved,2,75
45,diagppp,angular,0.0,0.006716463370189874,0.00671646343731917,9.99473865121709e-09,bracketed,0,96
45,diagppp,angular,1e-10,0.006716462877516271,0.006716463951584952,1.5991582188486165e-07,unresolved,2,88
46,+e0,angular,0.0,0.006321144442879383,0.00632114450606151,9.99536201646804e-09,bracketed,0,67
46,+e0,angular,1e-10,0.006321143985033572,0.006321144995947555,1.599257960257404e-07,unresolved,2,62
46,+e0,precursor,0.0,0.00632114443638873,0.006321144499571002,9.995384941792423e-09,bracketed,0,69
46,+e0,precursor,1e-10,0.006321142336241171,0.006321146379906398,6.39704820956476e-07,unresolved,2,58
46,-e0,angular,0.0,0.00612141886170359,0.006121418922891203,9.995658465945713e-09,bracketed,0,65
46,-e0,angular,1e-10,0.006121417859098389,0.00612141981710188,3.198611067210921e-07,unresolved,2,57
46,-e0,precursor,0.0,0.00612141885346541,0.0061214189146538995,9.99580173094426e-09,bracketed,0,69
46,-e0,precursor,1e-10,0.006121418401975946,0.006121419380991713,1.5993282985594534e-07,unresolved,2,64
46,+e1,angular,0.0,0.00925216685370335,0.009252166946182524,9.995407031329244e-09,bracketed,0,145
46,+e1,angular,1e-10,0.00925216636291323,0.009252167842579926,1.5992651217251774e-07,unresolved,2,139
46,+e1,precursor,0.0,0.009252166825901029,0.009252166918380739,9.995464996934458e-09,bracketed,0,135
46,+e1,precursor,1e-10,0.009252160786785429,0.00925217262418759,1.279420281781454e-06,unresolved,2,103
46,-e1,angular,0.0,0.009276745294522302,0.009276745387245667,9.995247524886947e-09,bracketed,0,128
46,-e1,angular,1e-10,0.009276739330863225,0.00927675119945353,1.2793924547940419e-06,unresolved,2,100
46,-e1,precursor,0.0,0.00927674526650969,0.009276745359233535,9.995299166239446e-09,bracketed,0,127
46,-e1,precursor,1e-10,0.009276739674188017,0.0092767515428395,1.2793990022716917e-06,unresolved,2,103
46,+e2,angular,0.0,0.010009033354570585,0.010009033454615093,9.995421521395763e-09,bracketed,0,133
46,+e2,angular,1e-10,0.01000903132296475,0.010009034524388808,3.1985353575612223e-07,unresolved,2,111
46,+e2,precursor,0.0,0.010009033317956585,0.010009033418000364,9.995348765329876e-09,bracketed,0,135
46,+e2,precursor,1e-10,0.010009031987102027,0.010009035188502748,3.1985118291504746e-07,unresolved,2,118
46,-e2,angular,0.0,0.010034766439044641,0.01003476653934485,9.995270913350511e-09,bracketed,0,132
46,-e2,angular,1e-10,0.010034765604950261,0.01003476720975351,1.599243382257976e-07,unresolved,2,121
46,-e2,precursor,0.0,0.01003476647386198,0.010034766574161354,9.995187727558111e-09,bracketed,0,140
46,-e2,precursor,1e-10,0.010034765740515211,0.010034767345305135,1.5992300824047466e-07,unresolved,2,128
46,diagmmm,angular,0.0,0.007367311882311623,0.00736731195595027,9.99532101255093e-09,bracketed,0,100
46,diagmmm,angular,1e-10,0.007367309351193252,0.0073673140640664134,6.397007287889954e-07,unresolved,2,82
46,diagmmp,angular,0.0,0.00803411477245078,0.008034114852752364,9.995075420967889e-09,bracketed,0,112
46,diagmmp,angular,1e-10,0.00803410478548047,0.008034125342684651,2.5587423526511965e-06,unresolved,2,85
46,diagmpm,angular,0.0,0.008188131040784197,0.00818813112262641,9.99522518070739e-09,bracketed,0,111
46,diagmpm,angular,1e-10,0.008188128308522355,0.00818813354642374,6.396945904892772e-07,unresolved,2,92
46,diagmpp,angular,0.0,0.00796353571276923,0.007963535792368241,9.995435982328278e-09,bracketed,0,114
46,diagmpp,angular,1e-10,0.00796353297725129,0.007963538071587799,6.397080949473961e-07,unresolved,2,91
46,diagpmm,angular,0.0,0.008160675107447397,0.008160675189015393,9.995250924663192e-09,bracketed,0,114
46,diagpmm,angular,1e-10,0.008160672476163283,0.008160677696514679,6.39696227388427e-07,unresolved,2,91
46,diagpmp,angular,0.0,0.008337972266708776,0.008337972350051095,9.995514075986893e-09,bracketed,0,113
46,diagpmp,angular,1e-10,0.008337971746617356,0.008337973080094385,1.599282258292178e-07,unresolved,2,106
46,diagppm,angular,0.0,0.008227409720490412,0.008227409802722619,9.99490847647388e-09,bracketed,0,113
46,diagppm,angular,1e-10,0.00822738831870371,0.00822743042159121,5.117406140334059e-06,unresolved,2,78
46,diagppp,angular,0.0,0.007496199979437564,0.007496200054365616,9.995471280915533e-09,bracketed,0,107
46,diagppp,angular,1e-10,0.007496180703944353,0.007496219067105035,5.117694222851883e-06,unresolved,2,74
47,+e0,angular,0.0,0.006640214663652596,0.006640214730022706,9.995175350590584e-09,bracketed,0,68
47,+e0,angular,1e-10,0.006640213386145926,0.006640215509989349,3.1984565851594383e-07,unresolved,2,59
47,+e0,precursor,0.0,0.006640214685243396,0.006640214751612547,9.995030849556878e-09,bracketed,0,73
47,+e0,precursor,1e-10,0.0066402140054759185,0.006640215067382275,1.599205018655836e-07,unresolved,2,66
47,-e0,angular,0.0,0.006398930983502615,0.006398931047463035,9.995485255012142e-09,bracketed,0,70
47,-e0,angular,1e-10,0.006398930573238332,0.006398931596605,1.599277653877213e-07,unresolved,2,65
47,-e0,precursor,0.0,0.006398930967095593,0.006398931031056097,9.995498293240468e-09,bracketed,0,67
47,-e0,precursor,1e-10,0.006398929725745283,0.006398931772481293,3.1985599130344137e-07,unresolved,2,58
47,+e1,angular,0.0,0.006356871541249437,0.006356871604791141,9.995750835012624e-09,bracketed,0,109
47,+e1,angular,1e-10,0.006356870249202642,0.006356872282537056,3.198640737227069e-07,unresolved,2,90
47,+e1,precursor,0.0,0.006356871544403978,0.006356871607944589,9.995578909669437e-09,bracketed,0,114
47,+e1,precursor,1e-10,0.006356870697402245,0.006356872730701683,3.1985854903505677e-07,unresolved,2,96
47,-e1,angular,0.0,0.006365372777802609,0.0063653728414297586,9.995824561591426e-09,bracketed,0,109
47,-e1,angular,1e-10,0.006365371612510449,0.006365373648579123,3.1986642695017136e-07,unresolved,2,91
47,-e1,precursor,0.0,0.006365372747162593,0.0063653728107886266,9.99564923984219e-09,bracketed,0,109
47,-e1,precursor,1e-10,0.006365371900254413,0.006365373936287361,3.198607998367548e-07,unresolved,2,95
47,+e2,angular,0.0,0.011435907451647555,0.011435907565949501,9.995004494689351e-09,bracketed,0,137
47,+e2,angular,1e-10,0.011435899870309749,0.01143591450095811,1.2793613556561442e-06,unresolved,2,104
47,+e2,precursor,0.0,0.011435907457744499,0.011435907572045378,9.994911199436598e-09,bracketed,0,142
47,+e2,precursor,1e-10,0.011435906392145064,0.01143590822095902,1.5991858392892876e-07,unresolved,2,124
47,-e2,angular,0.0,0.011399911321975008,0.01139991143591848,9.995119215796812e-09,bracketed,0,138
47,-e2,angular,1e-10,0.011399910600947877,0.011399912424043337,1.5992190843737298e-07,unresolved,2,128
47,-e2,precursor,0.0,0.0113999113532971,0.011399911467239659,9.99503899479232e-09,bracketed,0,148
47,-e2,precursor,1e-10,0.01139991029095912,0.011399912114039954,1.5992062984137876e-07,unresolved,2,125
47,diagmmm,angular,0.0,0.006563728637024169,0.006563728702631095,9.995374545452684e-09,bracketed,0,96
47,diagmmm,angular,1e-10,0.006563727956671287,0.0065637300560928095,3.198520011651417e-07,unresolved,2,84
47,diagmmp,angular,0.0,0.00787523006407897,0.007875230142797007,9.99564922628984e-09,bracketed,0,114
47,diagmmp,angular,1e-10,0.00787522901033624,0.00787523152931329,3.1986079975724994e-07,unresolved,2,99
47,diagmpm,angular,0.0,0.008759095506140398,0.008759095593688053,9.995056547576573e-09,bracketed,0,126
47,diagmpm,angular,1e-10,0.00875909039238184,0.008759101598480944,1.2793679026257219e-06,unresolved,2,98
47,diagmpp,angular,0.0,0.006464396076754092,0.00646439614137169,9.995921943990311e-09,bracketed,0,98
47,diagmpp,angular,1e-10,0.006464393726359421,0.0064643978618854755,6.39739197436951e-07,unresolved,2,77
47,diagpmm,angular,0.0,0.00661322739541864,0.00661322746152281,9.99575032408587e-09,bracketed,0,95
47,diagpmm,angular,1e-10,0.006613226782303774,0.0066132278399704345,1.5993201135646356e-07,unresolved,2,86
47,diagpmp,angular,0.0,0.009007297102980767,0.009007297193010017,9.995146007837882e-09,bracketed,0,120
47,diagpmp,angular,1e-10,0.009007296360851057,0.009007297801318998,1.599223433314185e-07,unresolved,2,110
47,diagppm,angular,0.0,0.008036574438267309,0.00803657451859863,9.995716716490214e-09,bracketed,0,118
47,diagppm,angular,1e-10,0.008036573613835262,0.008036574899136327,1.5993147415700312e-07,unresolved,2,100
47,diagppp,angular,0.0,0.006712638764276779,0.006712638831370223,9.995092243774189e-09,bracketed,0,101
47,diagppp,angular,1e-10,0.006712637403209067,0.0067126395501991435,3.198429986921245e-07,unresolved,2,80
48,+e0,angular,0.0,0.006054062796558332,0.006054062857071151,9.99540651422066e-09,bracketed,0,64
48,+e0,angular,1e-10,0.006054062178745679,0.006054064115155776,3.1985302433331107e-07,unresolved,2,57
48,+e0,precursor,0.0,0.0060540628058632735,0.006054062866377221,9.995592892302724e-09,bracketed,0,65
48,+e0,precursor,1e-10,0.006054058920764284,0.006054066666549156,1.2794366512431061e-06,unresolved,2,53
48,-e0,angular,0.0,0.00574345798388123,0.005743458041291492,9.995765896041433e-09,bracketed,0,65
48,-e0,angular,1e-10,0.005743450723919243,0.005743465420945219,2.5589191381463215e-06,unresolved,2,49
48,-e0,precursor,0.0,0.00574345795651812,0.005743458013930452,9.996126422051981e-09,bracketed,0,66
48,-e0,precursor,1e-10,0.005743457643659812,0.005743458562257069,1.599380224039539e-07,unresolved,2,63
48,+e1,angular,0.0,0.009792079253713802,0.009792079351586517,9.995090174908815e-09,bracketed,0,150
48,+e1,angular,1e-10,0.009792078341320256,0.009792079907283605,1.5992144813308013e-07,unresolved,2,135
48,+e1,precursor,0.0,0.009792079331059005,0.009792079428932957,9.995216408032987e-09,bracketed,0,184
48,+e1,precursor,1e-10,0.009792078419171475,0.00979207998515462,1.59923468563614e-07,unresolved,2,145
48,-e1,angular,0.0,0.009699654899402294,0.009699654996353602,9.99533582362967e-09,bracketed,0,176
48,-e1,angular,1e-10,0.009699653509388242,0.009699656611829921,3.1985077359277086e-07,unresolved,2,134
48,-e1,precursor,0.0,0.009699654810091721,0.009699654907037605,9.994776670986984e-09,bracketed,0,157
48,-e1,precursor,1e-10,0.009699653711169069,0.009699656813437166,3.1983287128614214e-07,unresolved,2,141
48,+e2,angular,0.0,0.0074388208374488625,0.007438820911803659,9.99550846163676e-09,bracketed,0,146
48,+e2,angular,1e-10,0.007438819773691728,0.007438822153045083,3.1985629808937576e-07,unresolved,2,99
48,+e2,precursor,0.0,0.007438820805643075,0.0074388208799940295,9.994991969213478e-09,bracketed,0,121
48,+e2,precursor,1e-10,0.007438816098907421,0.007438825615829094,1.2793597188130828e-06,unresolved,2,94
48,-e2,angular,0.0,0.007440061844175212,0.007440061918540087,9.995195863450422e-09,bracketed,0,117
48,-e2,angular,1e-10,0.00744006137172688,0.0074400625615648275,1.5992313615956662e-07,unresolved,2,110
48,-e2,precursor,0.0,0.007440061824895481,0.007440061899263833,9.995663141630679e-09,bracketed,0,117
48,-e2,precursor,1e-10,0.007440052205658135,0.007440071243955243,2.558892946154549e-06,unresolved,2,90
48,diagmmm,angular,0.0,0.006743020040735105,0.006743020108132581,9.995146865074671e-09,bracketed,0,113
48,diagmmm,angular,1e-10,0.0067430189325432995,0.006743021089262421,3.1984473771244716e-07,unresolved,2,96
48,diagmmp,angular,0.0,0.00718011607169554,0.0071801161434586515,9.994700693138909e-09,bracketed,0,122
48,diagmmp,angular,1e-10,0.007180113529100661,0.007180118121939528,6.396610371718334e-07,unresolved,2,93
48,diagmpm,angular,0.0,0.008131586627015425,0.008131586708292135,9.995184586867302e-09,bracketed,0,148
48,diagmpm,angular,1e-10,0.008131586104195685,0.00813158740462298,1.59922957058835e-07,unresolved,2,126
48,diagmpp,angular,0.0,0.006647026541537588,0.006647026607973982,9.99490436287341e-09,bracketed,0,109
48,diagmpp,angular,1e-10,0.006647025650668804,0.006647027776633302,3.198369630353349e-07,unresolved,2,94
48,diagpmm,angular,0.0,0.006833425164721244,0.006833425233020638,9.99489893748868e-09,bracketed,0,112
48,diagpmm,angular,1e-10,0.006833422756736792,0.006833427127897758,6.396737216155126e-07,unresolved,2,88
48,diagpmp,angular,0.0,0.00847863118766386,0.008478631272407732,9.994994447400454e-09,bracketed,0,137
48,diagpmp,angular,1e-10,0.008478630575045672,0.008478631930947542,1.599199137109437e-07,unresolved,2,122
48,diagppm,angular,0.0,0.007440127932640876,0.0074401280070099315,9.995668872663245e-09,bracketed,0,120
48,diagppm,angular,1e-10,0.007440127320534954,0.007440128510439775,1.5993070684315292e-07,unresolved,2,108
48,diagppp,angular,0.0,0.006982101973400737,0.006982102043189225,9.995340747268315e-09,bracketed,0,110
48,diagppp,angular,1e-10,0.00698210000395314,0.006982104470416172,6.397019564644903e-07,unresolved,2,91
49,+e0,angular,0.0,0.006100169150118214,0.006100169211093161,9.99561582850784e-09,bracketed,0,62
49,+e0,angular,1e-10,0.006100167495198341,0.006100171397594766,6.397195533028997e-07,unresolved,2,52
49,+e0,precursor,0.0,0.006100169186046927,0.006100169247022757,9.99576051549811e-09,bracketed,0,68
49,+e0,precursor,1e-10,0.006100168019363866,0.006100169970590331,3.198643806089695e-07,unresolved,2,57
49,-e0,angular,0.0,0.005651725307591927,0.005651725364086312,9.99595373386199e-09,bracketed,0,65
49,-e0,angular,1e-10,0.005651724939006254,0.005651725842916351,1.5993525988981904e-07,unresolved,2,61
49,-e0,precursor,0.0,0.005651725294874859,0.005651725351371477,9.996348937711792e-09,bracketed,0,64
49,-e0,precursor,1e-10,0.00565172430527106,0.005651726113162758,3.198832074380678e-07,unresolved,2,56
49,+e1,angular,0.0,0.00894953237278576,0.008949532462238,9.995185814490822e-09,bracketed,0,101
49,+e1,angular,1e-10,0.00894953144920491,0.008949534311676435,3.198459653092082e-07,unresolved,2,90
49,+e1,precursor,0.0,0.008949532419322519,0.008949532508774175,9.99512063429993e-09,bracketed,0,104
49,+e1,precursor,1e-10,0.008949531585644308,0.008949533016870709,1.5992193419134725e-07,unresolved,2,92
49,-e1,angular,0.0,0.008956905981627846,0.008956906071152532,9.995045885147434e-09,bracketed,0,103
49,-e1,angular,1e-10,0.008956905503530836,0.008956906935925721,1.5992073204643104e-07,unresolved,2,100
49,-e1,precursor,0.0,0.00895690600622802,0.008956906095752091,9.994977103280859e-09,bracketed,0,109
49,-e1,precursor,1e-10,0.008956904275252031,0.008956907140022168,3.198393159460003e-07,unresolved,2,90
49,+e2,angular,0.0,0.01241345102582379,0.012413451149898115,9.995151647068931e-09,bracketed,0,127
49,+e2,angular,1e-10,0.012413435103392843,0.012413466866418803,2.5587619941508205e-06,unresolved,2,94
49,+e2,precursor,0.0,0.012413451077589649,0.012413451201664781,9.995216587028308e-09,bracketed,0,140
49,+e2,precursor,1e-10,0.012413450168787128,0.012413452153989136,1.5992346857615417e-07,unresolved,2,123
49,-e2,angular,0.0,0.012407295947777088,0.012407296071789831,9.995146670567918e-09,bracketed,0,131
49,-e2,angular,1e-10,0.012407293550203145,0.012407297518610697,3.1984473778781435e-07,unresolved,2,107
49,-e2,precursor,0.0,0.012407295877557668,0.01240729600157124,9.995213558605658e-09,bracketed,0,128
49,-e2,precursor,1e-10,0.012407293356599552,0.012407297325033697,3.19846886139853e-07,unresolved,2,111
49,diagmmm,angular,0.0,0.007136523142187906,0.007136523213516472,9.994862329478858e-09,bracketed,0,93
49,diagmmm,angular,1e-10,0.007136521824708321,0.007136524107222298,3.1983563329153484e-07,unresolved,2,78
49,diagmmp,angular,0.0,0.008109965831878709,0.008109965912934154,9.994548315252664e-09,bracketed,0,101
49,diagmmp,angular,1e-10,0.0081099650621884,0.00810996635907545,1.5991277880923127e-07,unresolved,2,91
49,diagmpm,angular,0.0,0.008661271276220139,0.008661271362791994,9.995282773870834e-09,bracketed,0,105
49,diagmpm,angular,1e-10,0.00866126846231012,0.008661274002908604,6.396982737105387e-07,unresolved,2,88
49,diagmpp,angular,0.0,0.007134273229210192,0.007134273300515836,9.99480146859362e-09,bracketed,0,90
49,diagmpp,angular,1e-10,0.007134271840035283,0.007134274121815769,3.198336896986725e-07,unresolved,2,77
49,diagpmm,angular,0.0,0.007507034258173834,0.007507034333205547,9.994854163901505e-09,bracketed,0,91
49,diagpmm,angular,1e-10,0.007507031617799591,0.007507036419828942,6.396708573904827e-07,unresolved,2,75
49,diagpmp,angular,0.0,0.00924581255417413,0.009245812646587494,9.995158847670138e-09,bracketed,0,117
49,diagpmp,angular,1e-10,0.009245811707779383,0.00924581318639315,1.5992254794720936e-07,unresolved,2,96
49,diagppm,angular,0.0,0.008637245995914746,0.008637246082248935,9.995568969936732e-09,bracketed,0,99
49,diagppm,angular,1e-10,0.008637244599897535,0.008637247362591409,3.1985824206598814e-07,unresolved,2,86
49,diagppp,angular,0.0,0.007563695524779315,0.007563695600384793,9.995838325329162e-09,bracketed,0,91
49,diagppp,angular,1e-10,0.0075636948296233615,0.0075636960393109295,1.5993341815693606e-07,unresolved,2,82
50,+e0,angular,0.0,0.0055667598525516795,0.005566759908202458,9.996978445364115e-09,bracketed,0,59
50,+e0,angular,1e-10,0.005566759509797535,0.005566760400209947,1.5995165780700019e-07,unresolved,2,55
50,+e0,precursor,0.0,0.005566759862616649,0.005566759918258244,9.9953287017201e-09,bracketed,0,63
50,+e0,precursor,1e-10,0.005566759575285978,0.005566760465551445,1.5992525906834432e-07,unresolved,2,60
50,-e0,angular,0.0,0.005185501657513809,0.005185501709343187,9.995055641374766e-09,bracketed,0,61
50,-e0,angular,1e-10,0.005185498260474455,0.0051855048946344885,1.2793679026743873e-06,unresolved,2,49
50,-e0,precursor,0.0,0.005185501704259984,0.005185501756093679,9.995888204884974e-09,bracketed,0,69
50,-e0,precursor,1e-10,0.0051855013657641415,0.005185502195103211,1.5993421101317354e-07,unresolved,2,59
50,+e1,angular,0.0,0.008211861027341196,0.008211861109416664,9.99474634026763e-09,bracketed,0,90
50,+e1,angular,1e-10,0.00821185878258492,0.008211864035414546,6.396639013409168e-07,unresolved,2,76
50,+e1,precursor,0.0,0.008211861103283459,0.008211861185361984,9.995118463432232e-09,bracketed,0,101
50,+e1,precursor,1e-10,0.008211860090260188,0.008211862716772864,3.1984381697757646e-07,unresolved,2,83
50,-e1,angular,0.0,0.008222481739153856,0.008222481821345351,9.995947396041711e-09,bracketed,0,95
50,-e1,angular,1e-10,0.008222478751382496,0.008222484011637915,6.397408345827831e-07,unresolved,2,74
50,-e1,precursor,0.0,0.008222481677282255,0.00822248175946592,9.994995138120977e-09,bracketed,0,95
50,-e1,precursor,1e-10,0.008222479100690197,0.008222484360444472,6.396798593312518e-07,unresolved,2,79
50,+e2,angular,0.0,0.014924311998372177,0.014924312147537436,9.994782894281151e-09,bracketed,0,163
50,+e2,angular,1e-10,0.014924310009701073,0.01492431478298905,3.1983307593992785e-07,unresolved,2,141
50,+e2,precursor,0.0,0.014924312074410128,0.014924312223574668,9.994734722177923e-09,bracketed,0,177
50,+e2,precursor,1e-10,0.014924309788104932,0.014924314561369938,3.1983154150819743e-07,unresolved,2,145
50,-e2,angular,0.0,0.015066567246535049,0.015066567397122619,9.994816186540066e-09,bracketed,0,163
50,-e2,angular,1e-10,0.015066562522351858,0.015066572159955835,6.396684023134126e-07,unresolved,2,135
50,-e2,precursor,0.0,0.015066567345750119,0.015066567496336523,9.994738748475676e-09,bracketed,0,179
50,-e2,precursor,1e-10,0.015066566236339377,0.0150665686457217,1.5991582196417496e-07,unresolved,2,160
50,diagmmm,angular,0.0,0.006600482158545459,0.006600482224522955,9.995860067671827e-09,bracketed,0,83
50,diagmmm,angular,1e-10,0.006600481137688399,0.0066004832489681454,3.1986755245180645e-07,unresolved,2,72
50,diagmmp,angular,0.0,0.007721411852602701,0.007721411929775089,9.994595402660016e-09,bracketed,0,93
50,diagmmp,angular,1e-10,0.007721406796662111,0.007721416674727174,1.2793089812645257e-06,unresolved,2,75
50,diagmpm,angular,0.0,0.00776457324697576,0.007764573324588279,9.995722526012403e-09,bracketed,0,96
50,diagmpm,angular,1e-10,0.007764572043976212,0.007764574527576708,3.1986315296382117e-07,unresolved,2,83
50,diagmpp,angular,0.0,0.007089241314461751,0.007089241385323352,9.995653596537028e-09,bracketed,0,86
50,diagmpp,angular,1e-10,0.007089239012293469,0.007089243547435691,6.397220088033549e-07,unresolved,2,71
50,diagpmm,angular,0.0,0.0075125323650790206,0.007512532440169282,9.99533281413129e-09,bracketed,0,89
50,diagpmm,angular,1e-10,0.007512531523235354,0.007512533926123604,3.198506712313874e-07,unresolved,2,77
50,diagpmp,angular,0.0,0.008268243962380349,0.008268244045024783,9.995403507025628e-09,bracketed,0,103
50,diagpmp,angular,1e-10,0.008268243367547183,0.008268244689858085,1.5992646111385116e-07,unresolved,2,88
50,diagppm,angular,0.0,0.008203075738348269,0.008203075820344352,9.995773067262633e-09,bracketed,0,110
50,diagppm,angular,1e-10,0.008203075313064852,0.008203076625002123,1.5993236933184919e-07,unresolved,2,104
50,diagppp,angular,0.0,0.006974903947548347,0.006974904017265639,9.995448304333887e-09,bracketed,0,84
50,diagppp,angular,1e-10,0.006974903443784001,0.006974904559260619,1.59927177083202e-07,unresolved,2,77
51,+e0,angular,0.0,0.0066630470925562535,0.006663047159159595,9.995928415364095e-09,bracketed,0,68
51,+e0,angular,1e-10,0.006663044753321433,0.006663049015935063,6.397396067314362e-07,unresolved,2,56
51,+e0,precursor,0.0,0.006663047104239991,0.006663047170842453,9.995796400449844e-09,bracketed,0,74
51,+e0,precursor,1e-10,0.006663046363823649,0.006663048495102347,3.198655061696723e-07,unresolved,2,64
51,-e0,angular,0.0,0.006015848678475656,0.006015848738601391,9.994555769828802e-09,bracketed,0,71
51,-e0,angular,1e-10,0.00601584779965532,0.006015849723678735,3.1982581333358326e-07,unresolved,2,61
51,-e0,precursor,0.0,0.006015848646871059,0.0060158487069986374,9.994862203663054e-09,bracketed,0,69
51,-e0,precursor,1e-10,0.006015847528044833,0.006015849452127237,3.198356332753634e-07,unresolved,2,61
51,+e1,angular,0.0,0.00920947131547617,0.009209471407528303,9.995376512256413e-09,bracketed,0,128
51,+e1,angular,1e-10,0.009209470727747058,0.009209472200581114,1.5992602611427442e-07,unresolved,2,119
51,+e1,precursor,0.0,0.009209471289830119,0.009209471381875577,9.994651719335781e-09,bracketed,0,131
51,+e1,precursor,1e-10,0.009209470057920468,0.00920947300337498,3.1982888197832897e-07,unresolved,2,114
51,-e1,angular,0.0,0.009170657032038735,0.009170657123698538,9.994900331708881e-09,bracketed,0,124
51,-e1,angular,1e-10,0.009170656541984804,0.00917065800854157,1.5991840496239838e-07,unresolved,2,121
51,-e1,precursor,0.0,0.009170657090727709,0.009170657182389665,9.995135015573074e-09,bracketed,0,134
51,-e1,precursor,1e-10,0.009170656417901955,0.009170657884493179,1.5992216441580755e-07,unresolved,2,119
51,+e2,angular,0.0,0.01306904051225197,0.013069040642881122,9.995313081357108e-09,bracketed,0,163
51,+e2,angular,1e-10,0.013069038242320814,0.013069042422453448,3.198500575655208e-07,unresolved,2,125
51,+e2,precursor,0.0,0.013069040464350966,0.01306904059497535,9.994948361289138e-09,bracketed,0,155
51,+e2,precursor,1e-10,0.013069039762341219,0.013069041852331237,1.5991917201740468e-07,unresolved,2,152
51,-e2,angular,0.0,0.012973838770690818,0.012973838900364536,9.99501537177879e-09,bracketed,0,145
51,-e2,angular,1e-10,0.01297383807659929,0.01297384015137867,1.5992024621410543e-07,unresolved,2,142
51,-e2,precursor,0.0,0.01297383885470801,0.012973838984387065,9.995426596992755e-09,bracketed,0,157
51,-e2,precursor,1e-10,0.012973830510386117,0.012973847109304295,1.2794153711326144e-06,unresolved,2,118
51,diagmmm,angular,0.0,0.007723771418110679,0.00772377149531258,9.995363267859434e-09,bracketed,0,108
51,diagmmm,angular,1e-10,0.007723766898500679,0.007723776780343557,1.2794071866347394e-06,unresolved,2,81
51,diagmmp,angular,0.0,0.008236130732741242,0.008236130815061232,9.994983328707969e-09,bracketed,0,110
51,diagmmp,angular,1e-10,0.00823613027697861,0.008236131594098379,1.5991973473697738e-07,unresolved,2,107
51,diagmpm,angular,0.0,0.007927359140633599,0.00792735921987026,9.995341352637555e-09,bracketed,0,106
51,diagmpm,angular,1e-10,0.007927358621318261,0.007927359889104764,1.5992546358452874e-07,unresolved,2,100
51,diagmpp,angular,0.0,0.008418162244819866,0.008418162328958534,9.994897438170266e-09,bracketed,0,118
51,diagmpp,angular,1e-10,0.008418160766035052,0.008418163458472305,3.198367585446348e-07,unresolved,2,94
51,diagpmm,angular,0.0,0.009090809780455308,0.00909080987132544,9.99582378178062e-09,bracketed,0,112
51,diagpmm,angular,1e-10,0.009090808857850144,0.009090810311772184,1.5993318777111923e-07,unresolved,2,100
51,diagpmp,angular,0.0,0.008562315100468806,0.008562315186048733,9.994951811687982e-09,bracketed,0,104
51,diagpmp,angular,1e-10,0.008562313544713289,0.00856231628327079,3.1983849765144694e-07,unresolved,2,90
51,diagppm,angular,0.0,0.00896977489841257,0.008969774988066177,9.995078858720968e-09,bracketed,0,111
51,diagppm,angular,1e-10,0.008969772549645608,0.008969778287476166,6.396851788769813e-07,unresolved,2,94
51,diagppp,angular,0.0,0.008313162763710063,0.008313162846799768,9.994957107994273e-09,bracketed,0,108
51,diagppp,angular,1e-10,0.008313160504537781,0.008313165822278715,6.396774043347652e-07,unresolved,2,86
52,+e0,angular,0.0,0.0054931463158394,0.005493146370745185,9.995325536639718e-09,bracketed,0,62
52,+e0,angular,1e-10,0.005493146015459631,0.005493146893952149,1.5992520785743508e-07,unresolved,2,59
52,+e0,precursor,0.0,0.005493146325928207,0.005493146380837286,9.995925060388554e-09,bracketed,0,63
52,+e0,precursor,1e-10,0.005493142566810741,0.005493149595172473,1.2794792136806182e-06,unresolved,2,51
52,-e0,angular,0.0,0.005623122247449371,0.005623122303655055,9.99545819267776e-09,bracketed,0,71
52,-e0,angular,1e-10,0.005623121948548099,0.005623122847838981,1.5992733048320223e-07,unresolved,2,66
52,-e0,precursor,0.0,0.005623122229645582,0.005623122285854078,9.995958300019686e-09,bracketed,0,64
52,-e0,precursor,1e-10,0.005623121762634589,0.0056231226619704614,1.5993533667405157e-07,unresolved,2,58
52,+e1,angular,0.0,0.008336092851587337,0.0083360929349067,9.995013856575847e-09,bracketed,0,120
52,+e1,angular,1e-10,0.008336089903161991,0.008336095235601042,6.396810870599262e-07,unresolved,2,84
52,+e1,precursor,0.0,0.008336092827263017,0.008336092910581582,9.994918160703266e-09,bracketed,0,108
52,+e1,precursor,1e-10,0.008336089962571687,0.00833609529495961,6.39674949229301e-07,unresolved,2,86
52,-e1,angular,0.0,0.00832855688704336,0.008328556970287247,9.994995364335398e-09,bracketed,0,105
52,-e1,angular,1e-10,0.008328554523350934,0.00832855985095952,6.396798594513782e-07,unresolved,2,86
52,-e1,precursor,0.0,0.008328556922255294,0.008328557005498415,9.994903259577436e-09,bracketed,0,124
52,-e1,precursor,1e-10,0.008328556390321276,0.008328557722211154,1.59918455910149e-07,unresolved,2,103
52,+e2,angular,0.0,0.010072657074778137,0.010072657175453548,9.994920900110345e-09,bracketed,0,126
52,+e2,angular,1e-10,0.010072656231056226,0.010072657841862691,1.5991873729164955e-07,unresolved,2,106
52,+e2,precursor,0.0,0.010072657046056338,0.010072657146737902,9.99553179664075e-09,bracketed,0,122
52,+e2,precursor,1e-10,0.010072656505134246,0.010072658116039164,1.599285071736955e-07,unresolved,2,118
52,-e2,angular,0.0,0.010089833558042313,0.010089833658887206,9.994703343700525e-09,bracketed,0,117
52,-e2,angular,1e-10,0.010089832609946968,0.010089834223465165,1.599152592416069e-07,unresolved,2,103
52,-e2,precursor,0.0,0.010089833580712377,0.010089833681563623,9.995332921060513e-09,bracketed,0,124
52,-e2,precursor,1e-10,0.010089832431690041,0.010089835658929718,3.1985067133007137e-07,unresolved,2,104
52,diagmmm,angular,0.0,0.006554453664155742,0.006554453729674789,9.996111195486153e-09,bracketed,0,94
52,diagmmm,angular,1e-10,0.006554319655223071,0.006554588021228389,4.0944906479142826e-05,unresolved,2,52
52,diagmmp,angular,0.0,0.008465797845328618,0.0084657979299506,9.99574793106016e-09,bracketed,0,105
52,diagmmp,angular,1e-10,0.00846579646378665,0.00846579917168993,3.1986397144426117e-07,unresolved,2,91
52,diagmpm,angular,0.0,0.008232393107428113,0.00823239318971756,9.995811272792599e-09,bracketed,0,104
52,diagmpm,angular,1e-10,0.00823239250516403,0.008232393821795124,1.5993298342554477e-07,unresolved,2,96
52,diagmpp,angular,0.0,0.0067210674243545696,0.006721067491533042,9.995208887586851e-09,bracketed,0,86
52,diagmpp,angular,1e-10,0.00672106283375755,0.006721071432601625,1.2793875444757957e-06,unresolved,2,67
52,diagpmm,angular,0.0,0.0066108394207142745,0.006610839486790055,9.995066595767366e-09,bracketed,0,94
52,diagpmm,angular,1e-10,0.006610838069573483,0.006610840183998345,3.19842180296779e-07,unresolved,2,76
52,diagpmp,angular,0.0,0.008076331209314308,0.00807633129004243,9.99564282488798e-09,bracketed,0,102
52,diagpmp,angular,1e-10,0.00807633004245411,0.008076332625753843,3.1986059513044926e-07,unresolved,2,90
52,diagppm,angular,0.0,0.008282233084867162,0.008282233167644896,9.994615398002734e-09,bracketed,0,104
52,diagppm,angular,1e-10,0.008282222948367248,0.008282244139465874,2.558624509140848e-06,unresolved,2,79
52,diagppp,angular,0.0,0.006443902417792124,0.006443902482197157,9.99472498909844e-09,bracketed,0,85
52,diagppp,angular,1e-10,0.0064439012946669785,0.006443903355627886,3.198312346667012e-07,unresolved,2,72
53,+e0,angular,0.0,0.005230114185653162,0.005230114237930286,9.9954076998226e-09,bracketed,0,60
53,+e0,angular,1e-10,0.005230107628140685,0.005230121011083747,2.5588274684632627e-06,unresolved,2,46
53,+e0,precursor,0.0,0.005230114206302282,0.005230114258583464,9.996183625359903e-09,bracketed,0,63
53,+e0,precursor,1e-10,0.005230113765770927,0.005230114602269796,1.5993894318538385e-07,unresolved,2,57
53,-e0,angular,0.0,0.005276499457225,0.005276499509966968,9.995636161063314e-09,bracketed,0,60
53,-e0,angular,1e-10,0.005276498594617882,0.005276500282360783,3.198603905411705e-07,unresolved,2,52
53,-e0,precursor,0.0,0.005276499450033957,0.005276499502779679,9.996347455768233e-09,bracketed,0,60
53,-e0,precursor,1e-10,0.005276496003394656,0.005276502754846678,1.2795332389592636e-06,unresolved,2,48
53,+e1,angular,0.0,0.012167265218426006,0.01216726534003543,9.99480341199815e-09,bracketed,0,127
53,+e1,angular,1e-10,0.012167261401573023,0.012167269184575728,6.396675839576929e-07,unresolved,2,95
53,+e1,precursor,0.0,0.012167265119435059,0.012167265241050912,9.99533186884806e-09,bracketed,0,121
53,+e1,precursor,1e-10,0.01216726446532551,0.012167266411179052,1.5992531008731222e-07,unresolved,2,118
53,-e1,angular,0.0,0.012200663393627437,0.012200663515580145,9.995580110190499e-09,bracketed,0,122
53,-e1,angular,1e-10,0.012200655418231714,0.012200671028177455,1.2794350143846393e-06,unresolved,2,92
53,-e1,precursor,0.0,0.012200663420491656,0.012200663542438598,9.995107472829819e-09,bracketed,0,128
53,-e1,precursor,1e-10,0.01220066215279656,0.012200664103947552,1.5992172949916222e-07,unresolved,2,107
53,+e2,angular,0.0,0.005954322509617804,0.005954322569136726,9.995918395912627e-09,bracketed,0,85
53,+e2,angular,1e-10,0.005954322128951899,0.005954323081254605,1.599346969845888e-07,unresolved,2,80
53,+e2,precursor,0.0,0.005954322535963662,0.0059543225954785855,9.995246816410675e-09,bracketed,0,89
53,+e2,precursor,1e-10,0.005954322036358522,0.005954322988597249,1.5992395461505737e-07,unresolved,2,81
53,-e2,angular,0.0,0.00593319145078776,0.005933191510087977,9.994657536118791e-09,bracketed,0,102
53,-e2,angular,1e-10,0.005933190241588769,0.005933192139195584,3.1982908660236694e-07,unresolved,2,73
53,-e2,precursor,0.0,0.005933191445638758,0.005933191504943909,9.995489208657112e-09,bracketed,0,94
53,-e2,precursor,1e-10,0.005933190592781705,0.005933192490546442,3.1985568428110543e-07,unresolved,2,77
53,diagmmm,angular,0.0,0.00639045831167275,0.006390458375546026,9.99510089528211e-09,bracketed,0,86
53,diagmmm,angular,1e-10,0.006390450303843574,0.0063904666554012585,2.5587488998111643e-06,unresolved,2,63
53,diagmmp,angular,0.0,0.006183767017081768,0.0061837670788883895,9.994978996143257e-09,bracketed,0,86
53,diagmmp,angular,1e-10,0.006183762915146598,0.006183770826393662,1.2793580821677756e-06,unresolved,2,65
53,diagmpm,angular,0.0,0.0069692443372073275,0.006969244406869635,9.995675829708708e-09,bracketed,0,95
53,diagmpm,angular,1e-10,0.006969226338309979,0.006969262005409482,5.1177989882422324e-06,unresolved,2,65
53,diagmpp,angular,0.0,0.006584971254398712,0.006584971320217769,9.995344589858824e-09,bracketed,0,103
53,diagmpp,angular,1e-10,0.006584970835426597,0.006584971888531447,1.599255147879513e-07,unresolved,2,81
53,diagpmm,angular,0.0,0.006533468382142157,0.006533468447445951,9.995272006087628e-09,bracketed,0,88
53,diagpmm,angular,1e-10,0.00653346757102286,0.00653346966074415,3.1984872757442e-07,unresolved,2,76
53,diagpmp,angular,0.0,0.0068918056432507495,0.006891805712140308,9.995864899059548e-09,bracketed,0,108
53,diagpmp,angular,1e-10,0.006891803617455155,0.0068918080263866855,6.397355141491759e-07,unresolved,2,75
53,diagppm,angular,0.0,0.006145234430903208,0.006145234492323693,9.99481561005671e-09,bracketed,0,85
53,diagppm,angular,1e-10,0.006145234036283623,0.006145235019011318,1.5991704944428303e-07,unresolved,2,78
53,diagppp,angular,0.0,0.006347469196996672,0.0063474692604397545,9.995020127838647e-09,bracketed,0,94
53,diagppp,angular,1e-10,0.006347468853121454,0.006347469868210722,1.59920322783611e-07,unresolved,2,90
54,+e0,angular,0.0,0.005345398962064363,0.005345399015499977,9.996562268237733e-09,bracketed,0,60
54,+e0,angular,1e-10,0.005345397511847848,0.005345400931726946,6.397801267748759e-07,unresolved,2,50
54,+e0,precursor,0.0,0.005345398968617684,0.005345399022056271,9.997118494357543e-09,bracketed,0,59
54,+e0,precursor,1e-10,0.005345397358462892,0.005345400778532256,6.398157395320666e-07,unresolved,2,49
54,-e0,angular,0.0,0.0047311723566431235,0.004731172403929726,9.994690326292105e-09,bracketed,0,64
54,-e0,angular,1e-10,0.004731171799733379,0.004731173312904574,3.1983010957253985e-07,unresolved,2,51
54,-e0,precursor,0.0,0.004731172321118057,0.0047311723684109325,9.996016237657279e-09,bracketed,0,60
54,-e0,precursor,1e-10,0.004731172048618837,0.004731172805304787,1.5993625728122893e-07,unresolved,2,57
54,+e1,angular,0.0,0.0072780507199429415,0.00727805079268427,9.994616880900322e-09,bracketed,0,88
54,+e1,angular,1e-10,0.007278049958948223,0.0072780522866706145,3.198277567072259e-07,unresolved,2,77
54,+e1,precursor,0.0,0.007278050683474717,0.007278050756221689,9.995392283573196e-09,bracketed,0,90
54,+e1,precursor,1e-10,0.007278049995870039,0.007278051159821514,1.5992628187409426e-07,unresolved,2,82
54,-e1,angular,0.0,0.00726318307018088,0.007263183142774534,9.994743830181045e-09,bracketed,0,83
54,-e1,angular,1e-10,0.007263181657767075,0.00726318398076389,3.198318484005682e-07,unresolved,2,72
54,-e1,precursor,0.0,0.007263183107155584,0.007263183179754799,9.995509374222481e-09,bracketed,0,88
54,-e1,precursor,1e-10,0.0072631734916118115,0.0072631920770098776,2.5588536591464117e-06,unresolved,2,66
54,+e2,angular,0.0,0.01080557841302654,0.010805578521029783,9.995137638458236e-09,bracketed,0,125
54,+e2,angular,1e-10,0.010805576960381733,0.010805580416485347,3.1984443089327593e-07,unresolved,2,105
54,+e2,precursor,0.0,0.010805578407349213,0.010805578515346522,9.99458843766195e-09,bracketed,0,128
54,+e2,precursor,1e-10,0.010805577602958878,0.010805579330915726,1.5991341807720834e-07,unresolved,2,116
54,-e2,angular,0.0,0.010833577424660098,0.010833577532941445,9.994976099367784e-09,bracketed,0,120
54,-e2,angular,1e-10,0.010833574018208402,0.01083358094821421,6.396786319458354e-07,unresolved,2,100
54,-e2,precursor,0.0,0.0108335774472849,0.010833577555570932,9.995408415218532e-09,bracketed,0,124
54,-e2,precursor,1e-10,0.010833576640279287,0.01083357837285569,1.599265377497486e-07,unresolved,2,115
54,diagmmm,angular,0.0,0.005579452140384749,0.00557945219615585,9.995802277398657e-09,bracketed,0,78
54,diagmmm,angular,1e-10,0.005579451155450614,0.005579452940125724,3.1986571084295964e-07,unresolved,2,66
54,diagmmp,angular,0.0,0.006497894214380357,0.00649789427932859,9.995274050416166e-09,bracketed,0,87
54,diagmmp,angular,1e-10,0.006497893648594079,0.006497894687765753,1.5992438938778948e-07,unresolved,2,79
54,diagmpm,angular,0.0,0.007076205686739785,0.007076205757461691,9.994325899077553e-09,bracketed,0,92
54,diagmpm,angular,1e-10,0.007076204857363082,0.007076207120463942,3.19818448727115e-07,unresolved,2,81
54,diagmpp,angular,0.0,0.00671536331095243,0.006715363378074395,9.995284245401647e-09,bracketed,0,87
54,diagmpp,angular,1e-10,0.0067153620547885555,0.006715364202691311,3.198491366966228e-07,unresolved,2,76
54,diagpmm,angular,0.0,0.00739187516169142,0.00739187523557353,9.995043055091668e-09,bracketed,0,91
54,diagpmm,angular,1e-10,0.007391870418601831,0.007391879875511487,1.2793662659108233e-06,unresolved,2,70
54,diagpmp,angular,0.0,0.007846695278582519,0.007846695357012783,9.995324303405832e-09,bracketed,0,93
54,diagpmp,angular,1e-10,0.007846690165894923,0.007846700204968181,1.2794022761459757e-06,unresolved,2,73
54,diagppm,angular,0.0,0.00712366791819416,0.007123667989396284,9.995149251134261e-09,bracketed,0,86
54,diagppm,angular,1e-10,0.007123667263084327,0.007123668402318253,1.5992239444547402e-07,unresolved,2,78
54,diagppp,angular,0.0,0.006058074720818508,0.006058074781371254,9.995377866340285e-09,bracketed,0,79
54,diagppp,angular,1e-10,0.0060580741607462775,0.006058075129590159,1.5992605176987494e-07,unresolved,2,70
55,+e0,angular,0.0,0.005559323183276732,0.0055593232388458,9.99565338164698e-09,bracketed,0,61
55,+e0,angular,1e-10,0.005559321163894458,0.00555932472031456,6.397220087026469e-07,unresolved,2,51
55,+e0,precursor,0.0,0.0055593231771084665,0.005559323232680642,9.996212409907085e-09,bracketed,0,65
55,+e0,precursor,1e-10,0.005559322714145987,0.005559323603300748,1.599394037647465e-07,unresolved,2,60
55,-e0,angular,0.0,0.005290060001348038,0.005290060054227016,9.995912729248565e-09,bracketed,0,63
55,-e0,angular,1e-10,0.005290056585773769,0.005290063354282549,1.2794775764208493e-06,unresolved,2,49
55,-e0,precursor,0.0,0.005290059997996793,0.005290060050879357,9.996590712917314e-09,bracketed,0,65
55,-e0,precursor,1e-10,0.005290056635573232,0.005290063404541094,1.2795643466780584e-06,unresolved,2,51
55,+e1,angular,0.0,0.0068430521407445875,0.006843052209143198,9.99533675227632e-09,bracketed,0,84
55,+e1,angular,1e-10,0.0068430474576147435,0.006843056212636436,1.2794039128165963e-06,unresolved,2,63
55,+e1,precursor,0.0,0.0068430521512059545,0.006843052219601129,9.994834550671706e-09,bracketed,0,104
55,+e1,precursor,1e-10,0.006843051640580905,0.006843052734903633,1.5991735637815154e-07,unresolved,2,78
55,-e1,angular,0.0,0.006919619597041307,0.006919619666202269,9.994908059603634e-09,bracketed,0,82
55,-e1,angular,1e-10,0.006919619011601253,0.006919620118176572,1.599185327065377e-07,unresolved,2,75
55,-e1,precursor,0.0,0.006919619578426966,0.006919619647595104,9.995945217353045e-09,bracketed,0,82
55,-e1,precursor,1e-10,0.006919611108519389,0.006919628815561859,2.5589649754309145e-06,unresolved,2,63
55,+e2,angular,0.0,0.01057567603522341,0.010575676140926632,9.994937615785248e-09,bracketed,0,109
55,+e2,angular,1e-10,0.010575672603047637,0.010575679368053455,6.396761767886011e-07,unresolved,2,88
55,+e2,precursor,0.0,0.010575676056569738,0.010575676162271055,9.994757491155707e-09,bracketed,0,117
55,+e2,precursor,1e-10,0.010575674738888603,0.01057567812133053,3.1983225758666636e-07,unresolved,2,98
55,-e2,angular,0.0,0.010620022924918366,0.010620023031063588,9.994820498037104e-09,bracketed,0,112
55,-e2,angular,1e-10,0.010620020752905152,0.010620024149552092,3.1983430338197667e-07,unresolved,2,91
55,-e2,precursor,0.0,0.01062002285922639,0.010620022965369486,9.994620299371789e-09,bracketed,0,112
55,-e2,precursor,1e-10,0.010620022067528403,0.010620023765817863,1.599139295239971e-07,unresolved,2,104
55,diagmmm,angular,0.0,0.005731998271207907,0.005731998328504545,9.995927285623203e-09,bracketed,0,72
55,diagmmm,angular,1e-10,0.005731997381036443,0.005731999214528732,3.198697011766138e-07,unresolved,2,62
55,diagmmp,angular,0.0,0.007549388967635397,0.00754938904309028,9.994833107261006e-09,bracketed,0,91
55,diagmmp,angular,1e-10,0.007549388547245852,0.007549389754523917,1.5991733080857918e-07,unresolved,2,88
55,diagmpm,angular,0.0,0.007100649210654816,0.007100649281623279,9.994644260231095e-09,bracketed,0,87
55,diagmpm,angular,1e-10,0.007100648602962839,0.007100649738458183,1.5991431317675487e-07,unresolved,2,80
55,diagmpp,angular,0.0,0.006963116239424591,0.006963116309023743,9.995402858344479e-09,bracketed,0,85
55,diagmpp,angular,1e-10,0.006963115225013109,0.0069631174521858595,3.1985292199542545e-07,unresolved,2,74
55,diagpmm,angular,0.0,0.007260620180256794,0.007260620252828556,9.995256626319245e-09,bracketed,0,96
55,diagpmm,angular,1e-10,0.007260619719029058,0.00726062088017719,1.5992410805686184e-07,unresolved,2,83
55,diagpmp,angular,0.0,0.007429997765636792,0.007429997839904031,9.995593727286961e-09,bracketed,0,87
55,diagpmp,angular,1e-10,0.00742999706977112,0.007429998258046871,1.5992950469227318e-07,unresolved,2,79
55,diagppm,angular,0.0,0.007818057937676759,0.007818058015817354,9.994885598464514e-09,bracketed,0,96
55,diagppm,angular,1e-10,0.007818057127931273,0.007818058378180698,1.599181746006443e-07,unresolved,2,81
55,diagppp,angular,0.0,0.005875950562089656,0.005875950620825346,9.995946919945656e-09,bracketed,0,74
55,diagppp,angular,1e-10,0.005875950010610196,0.0058759509503811865,1.5993515746334939e-07,unresolved,2,66
56,+e0,angular,0.0,0.004951629031165832,0.004951629080662684,9.996074346055449e-09,bracketed,0,57
56,+e0,angular,1e-10,0.004951628272747215,0.004951629856646375,3.1987440757295745e-07,unresolved,2,50
56,+e0,precursor,0.0,0.0049516290745963455,0.004951629124097639,9.996971288305905e-09,bracketed,0,62
56,+e0,precursor,1e-10,0.0049516275741593304,0.004951630742241968,6.398063242694122e-07,unresolved,2,48
56,-e0,angular,0.0,0.004684839064765007,0.004684839111595677,9.996217352010232e-09,bracketed,0,57
56,-e0,angular,1e-10,0.004684838754414996,0.004684839503705672,1.5993948045147648e-07,unresolved,2,53
56,-e0,precursor,0.0,0.00468483906805121,0.004684839114875304,9.994813781452145e-09,bracketed,0,60
56,-e0,precursor,1e-10,0.004684838710780645,0.004684839459966109,1.5991702399698165e-07,unresolved,2,55
56,+e1,angular,0.0,0.006498841275078883,0.006498841340039883,9.995781920366762e-09,bracketed,0,95
56,+e1,angular,1e-10,0.006498839425639315,0.0064988435831431195,6.397301937272344e-07,unresolved,2,77
56,+e1,precursor,0.0,0.006498841296372996,0.006498841361328527,9.99494039672279e-09,bracketed,0,100
56,+e1,precursor,1e-10,0.0064988368488617665,0.006498845163169302,1.2793531718386613e-06,unresolved,2,75
56,-e1,angular,0.0,0.006502670640446312,0.006502670705445315,9.995739776673592e-09,bracketed,0,91
56,-e1,angular,1e-10,0.006502662159800216,0.006502678799544285,2.558912590057519e-06,unresolved,2,69
56,-e1,precursor,0.0,0.006502670669950365,0.006502670734943838,9.994889265608683e-09,bracketed,0,95
56,-e1,precursor,1e-10,0.0065026662196120254,0.006502674538776106,1.2793466248684984e-06,unresolved,2,74
56,+e2,angular,0.0,0.017504880960807212,0.01750488113576837,9.994992657501338e-09,bracketed,0,209
56,+e2,angular,1e-10,0.017504879650420906,0.0175048824497993,1.5991988814899594e-07,unresolved,2,194
56,+e2,precursor,0.0,0.01750488106627355,0.017504881241231642,9.994817587714675e-09,bracketed,0,232
56,+e2,precursor,1e-10,0.017504878006879256,0.01750488360553793,3.1983420126400595e-07,unresolved,2,188
56,-e2,angular,0.0,0.017440301828475828,0.017440302002788823,9.994838180468172e-09,bracketed,0,207
56,-e2,angular,1e-10,0.01744029006961533,0.017440312381677387,1.2793400778609626e-06,unresolved,2,161
56,-e2,precursor,0.0,0.01744030180342738,0.01744030197773737,9.994665919073899e-09,bracketed,0,213
56,-e2,precursor,1e-10,0.017440279761055652,0.017440324384411243,2.5586376022556474e-06,unresolved,2,160
56,diagmmm,angular,0.0,0.005835064973615809,0.005835065031939653,9.995406097788399e-09,bracketed,0,84
56,diagmmm,angular,1e-10,0.005835064123187805,0.005835065989550712,3.1985302435437816e-07,unresolved,2,73
56,diagmmp,angular,0.0,0.00602642898774856,0.006026429047985556,9.995470961206913e-09,bracketed,0,96
56,diagmmp,angular,1e-10,0.006026413290739484,0.0060264441320799665,5.117694222820706e-06,unresolved,2,62
56,diagmpm,angular,0.0,0.007265924268895361,0.007265924341520684,9.995331715862273e-09,bracketed,0,103
56,diagmpm,angular,1e-10,0.007265923716088174,0.007265924878093277,1.599253100713466e-07,unresolved,2,93
56,diagmpp,angular,0.0,0.006803528423175888,0.006803528491181313,9.995611224949007e-09,bracketed,0,95
56,diagmpp,angular,1e-10,0.006803527837550836,0.006803528925637587,1.5992978597115844e-07,unresolved,2,87
56,diagpmm,angular,0.0,0.0070985926678698635,0.007098592738826112,9.99581917277185e-09,bracketed,0,98
56,diagpmm,angular,1e-10,0.007098592147550091,0.007098593282850018,1.5993311115601668e-07,unresolved,2,88
56,diagpmp,angular,0.0,0.0076263354380251,0.0076263355142526645,9.99530702665818e-09,bracketed,0,108
56,diagpmp,angular,1e-10,0.0076263344213865145,0.0076263368606684576,3.1984985293331097e-07,unresolved,2,87
56,diagppm,angular,0.0,0.006280102875646365,0.006280102938418408,9.99538447299587e-09,bracketed,0,85
56,diagppm,angular,1e-10,0.006280102413499061,0.006280103417851687,1.5992615408321194e-07,unresolved,2,79
56,diagppp,angular,0.0,0.006073810913391729,0.006073810974101105,9.995269322694982e-09,bracketed,0,91
56,diagppp,angular,1e-10,0.006073810466000291,0.006073811437350255,1.5992431266039476e-07,unresolved,2,79
57,+e0,angular,0.0,0.00535121754186005,0.005351217595342214,9.994391667242105e-09,bracketed,0,62
57,+e0,angular,1e-10,0.005351214455670696,0.005351221301387285,1.2792827956709222e-06,unresolved,2,50
57,+e0,precursor,0.0,0.005351217555884074,0.005351217609371121,9.995304189742319e-09,bracketed,0,66
57,+e0,precursor,1e-10,0.005351217037436475,0.005351217893229192,1.5992487523613973e-07,unresolved,2,59
57,-e0,angular,0.0,0.0056442481764245895,0.005644248232847999,9.996620911036907e-09,bracketed,0,65
57,-e0,angular,1e-10,0.005644247252343054,0.005644249057892061,3.1989190523696977e-07,unresolved,2,56
57,-e0,precursor,0.0,0.005644248184413291,0.00564424824082779,9.995042226559676e-09,bracketed,0,67
57,-e0,precursor,1e-10,0.005644247711507341,0.005644248614139278,1.5992068087937817e-07,unresolved,2,61
57,+e1,angular,0.0,0.00636230415447097,0.006362304218064602,9.995377547568933e-09,bracketed,0,93
57,+e1,angular,1e-10,0.006362303357524057,0.0063623053925201695,3.1985210359178846e-07,unresolved,2,83
57,+e1,precursor,0.0,0.006362304193675743,0.006362304257271764,9.995752933952106e-09,bracketed,0,100
57,+e1,precursor,1e-10,0.006362271662689628,0.0063623367850111495,1.0235702744877592e-05,unresolved,2,68
57,-e1,angular,0.0,0.006384804469187044,0.006384804533004202,9.995162492940495e-09,bracketed,0,101
57,-e1,angular,1e-10,0.006384804115389607,0.006384805136464075,1.599225989677027e-07,unresolved,2,97
57,-e1,precursor,0.0,0.0063848044361699205,0.006384804499989507,9.995542918512205e-09,bracketed,0,98
57,-e1,precursor,1e-10,0.006384803125482487,0.006384805167709165,3.198574235668118e-07,unresolved,2,85
57,+e2,angular,0.0,0.007496429168285017,0.007496429243213384,9.995207804688966e-09,bracketed,0,143
57,+e2,angular,1e-10,0.007496428005765234,0.007496430403472854,3.198466814167271e-07,unresolved,2,110
57,+e2,precursor,0.0,0.007496429169671533,0.007496429244595124,9.9945707403641e-09,bracketed,0,150
57,+e2,precursor,1e-10,0.0074964285317588855,0.007496429730536287,1.599131367759705e-07,unresolved,2,122
57,-e2,angular,0.0,0.007574910362857198,0.007574910438571302,9.995379566246533e-09,bracketed,0,139
57,-e2,angular,1e-10,0.007574909714802987,0.007574910926228584,1.5992607735268248e-07,unresolved,2,120
57,-e2,precursor,0.0,0.007574910356609358,0.007574910432318664,9.99474613529367e-09,bracketed,0,140
57,-e2,precursor,1e-10,0.007574908118760055,0.007574912964155335,6.396639014430568e-07,unresolved,2,111
57,diagmmm,angular,0.0,0.004712382622845103,0.004712382669948339,9.995630663280083e-09,bracketed,0,81
57,diagmmm,angular,1e-10,0.0047123822713887355,0.00471238302504047,1.5993009296917432e-07,unresolved,2,72
57,diagmmp,angular,0.0,0.007941858456998359,0.007941858536377782,9.995068988359734e-09,bracketed,0,123
57,diagmmp,angular,1e-10,0.007941853659842447,0.007941863820408106,1.2793695395123439e-06,unresolved,2,96
57,diagmpm,angular,0.0,0.008070882807496743,0.008070882888169078,9.995478444638542e-09,bracketed,0,123
57,diagmpm,angular,1e-10,0.008070878095344649,0.008070888421402989,1.2794219189045514e-06,unresolved,2,97
57,diagmpp,angular,0.0,0.006929364514232159,0.006929364583488632,9.99463555570157e-09,bracketed,0,111
57,diagmpp,angular,1e-10,0.0069293634473211844,0.006929365663528204,3.19828370503582e-07,unresolved,2,92
57,diagpmm,angular,0.0,0.006743364694528971,0.006743364761928901,9.995000019751359e-09,bracketed,0,115
57,diagpmm,angular,1e-10,0.006743363637978752,0.006743365794776394,3.198400320940233e-07,unresolved,2,94
57,diagpmp,angular,0.0,0.007707593230558174,0.007707593307592781,9.9946383634479e-09,bracketed,0,132
57,diagpmp,angular,1e-10,0.007707591715679745,0.007707594180787033,3.198284728228398e-07,unresolved,2,104
57,diagppm,angular,0.0,0.007545422092885869,0.007545422168299856,9.994667843145874e-09,bracketed,0,117
57,diagppm,angular,1e-10,0.007545421139253558,0.007545423552501025,3.198293934699615e-07,unresolved,2,104
57,diagppp,angular,0.0,0.004584371136629058,0.004584371182453048,9.9956980363167e-09,bracketed,0,78
57,diagppp,angular,1e-10,0.004584369458889641,0.004584372391624814,6.397248736312293e-07,unresolved,2,65
58,+e0,angular,0.0,0.005390150755387916,0.005390150809270978,9.99657792889194e-09,bracketed,0,62
58,+e0,angular,1e-10,0.005390147379315834,0.005390154276347419,1.279562709560518e-06,unresolved,2,50
58,+e0,precursor,0.0,0.005390150762360385,0.0053901508162359675,9.995190336912188e-09,bracketed,0,64
58,+e0,precursor,1e-10,0.0053900956121121345,0.0053902059492981465,2.047035784746101e-05,unresolved,2,43
58,-e0,angular,0.0,0.0055742261213723296,0.005574226177096386,9.99673411738648e-09,bracketed,0,63
58,-e0,angular,1e-10,0.005574224147207154,0.005574227713546591,6.397911786692228e-07,unresolved,2,49
58,-e0,precursor,0.0,0.005574226081758978,0.0055742261374748005,9.99525705692036e-09,bracketed,0,63
58,-e0,precursor,1e-10,0.005574224163337537,0.005574227729149986,6.396966366343217e-07,unresolved,2,53
58,+e1,angular,0.0,0.00532346331477959,0.005323463367987264,9.994935858735479e-09,bracketed,0,114
58,+e1,angular,1e-10,0.00532346238106542,0.005323464083710906,3.198379859811986e-07,unresolved,2,95
58,+e1,precursor,0.0,0.005323463302781224,0.005323463355987995,9.994766106272338e-09,bracketed,0,115
58,+e1,precursor,1e-10,0.005323463007756661,0.005323463859064938,1.5991625662402007e-07,unresolved,2,112
58,-e1,angular,0.0,0.005319643622662183,0.00531964367583189,9.99497543889753e-09,bracketed,0,113
58,-e1,angular,1e-10,0.0053196416794774656,0.005319645082338577,6.396786319163559e-07,unresolved,2,91
58,-e1,precursor,0.0,0.005319643635522401,0.0053196436886912245,9.994809267964072e-09,bracketed,0,120
58,-e1,precursor,1e-10,0.005319643340794071,0.005319644191495193,1.599169470383992e-07,unresolved,2,116
58,+e2,angular,0.0,0.008632640945278687,0.008632641031562135,9.99502330141427e-09,bracketed,0,139
58,+e2,angular,1e-10,0.008632640296018314,0.00863264167655338,1.5992037399896522e-07,unresolved,2,127
58,+e2,precursor,0.0,0.0086326409271788,0.008632641013462962,9.995106113497727e-09,bracketed,0,140
58,+e2,precursor,1e-10,0.008632640105736911,0.008632641486283427,1.5992170399064768e-07,unresolved,2,127
58,-e2,angular,0.0,0.008713105378360876,0.008713105465450066,9.995195311477456e-09,bracketed,0,158
58,-e2,angular,1e-10,0.008713104196708472,0.008713106983562369,3.1984627224021343e-07,unresolved,2,119
58,-e2,precursor,0.0,0.008713105350844864,0.008713105437934514,9.995248102845232e-09,bracketed,0,145
58,-e2,precursor,1e-10,0.008713100076339787,0.008713111223814282,1.2793924547982126e-06,unresolved,2,111
58,diagmmm,angular,0.0,0.005420049929905203,0.005420049984076407,9.9945950095384e-09,bracketed,0,104
58,diagmmm,angular,1e-10,0.00542004963258934,0.005420050499328557,1.5991352028310993e-07,unresolved,2,100
58,diagmmp,angular,0.0,0.006471961987317728,0.006471962052005873,9.995136805808105e-09,bracketed,0,121
58,diagmmp,angular,1e-10,0.0064719615685523355,0.006471962603562602,1.5992218985933784e-07,unresolved,2,111
58,diagmpm,angular,0.0,0.006732988352586159,0.006732988419885792,9.99550709969451e-09,bracketed,0,120
58,diagmpm,angular,1e-10,0.006732986504163173,0.00673299081133945,6.397125962506913e-07,unresolved,2,98
58,diagmpp,angular,0.0,0.006118383511829429,0.006118383572984467,9.995293285050987e-09,bracketed,0,109
58,diagmpp,angular,1e-10,0.006118382992786527,0.006118383971267069,1.599246963460997e-07,unresolved,2,100
58,diagpmm,angular,0.0,0.00596174953053068,0.005961749590121395,9.995508008126202e-09,bracketed,0,109
58,diagpmm,angular,1e-10,0.005961748421871284,0.005961750328774064,3.198562981371617e-07,unresolved,2,93
58,diagpmp,angular,0.0,0.0065700641367548085,0.006570064202425284,9.995408532901237e-09,bracketed,0,119
58,diagpmp,angular,1e-10,0.006570063767405177,0.006570064818132728,1.5992653772800096e-07,unresolved,2,116
58,diagppm,angular,0.0,0.006324128551851806,0.006324128615061854,9.995060629841767e-09,bracketed,0,120
58,diagppm,angular,1e-10,0.006324127438094582,0.006324129460815996,3.1984197563608225e-07,unresolved,2,101
58,diagppp,angular,0.0,0.005313464428348727,0.005313464481454335,9.994535423831006e-09,bracketed,0,99
58,diagppp,angular,1e-10,0.005313463015052812,0.00531346641381155,6.396503990640838e-07,unresolved,2,82
59,+e0,angular,0.0,0.0050683448834034465,0.005068344934069121,9.996493124714715e-09,bracketed,0,60
59,+e0,angular,1e-10,0.00506834416834686,0.005068345789648387,3.198878121154399e-07,unresolved,2,51
59,+e0,precursor,0.0,0.005068344886056958,0.005068344936726593,9.99727451336503e-09,bracketed,0,59
59,+e0,precursor,1e-10,0.005068338243116009,0.0050683512145421146,2.5593055324584222e-06,unresolved,2,43
59,-e0,angular,0.0,0.004310568467511752,0.004310568510592078,9.994117038099746e-09,bracketed,0,57
59,-e0,angular,1e-10,0.0043105682075864245,0.004310568896871604,1.5990587460558345e-07,unresolved,2,54
59,-e0,precursor,0.0,0.004310568455924507,0.004310568499013094,9.99603346027964e-09,bracketed,0,58
59,-e0,precursor,1e-10,0.00431056806752402,0.004310568756941357,1.5993653870847263e-07,unresolved,2,53
59,+e1,angular,0.0,0.009666665641172027,0.00966666573779006,9.994969993285272e-09,bracketed,0,115
59,+e1,angular,1e-10,0.009666662978959562,0.009666669162513356,6.396782227189158e-07,unresolved,2,95
59,+e1,precursor,0.0,0.009666665684967511,0.00966666578158331,9.994738811030249e-09,bracketed,0,123
59,+e1,precursor,1e-10,0.009666665052056916,0.009666666597909603,1.5991582193566412e-07,unresolved,2,112
59,-e1,angular,0.0,0.009710062563203108,0.009710062660251062,9.994575638433806e-09,bracketed,0,129
59,-e1,angular,1e-10,0.009710061827139703,0.009710063379906892,1.5991321340442503e-07,unresolved,2,108
59,-e1,precursor,0.0,0.009710062508095921,0.009710062605151941,9.995406248968603e-09,bracketed,0,118
59,-e1,precursor,1e-10,0.009710061384604922,0.009710064490397421,3.198530242908992e-07,unresolved,2,104
59,+e2,angular,0.0,0.007834354654153684,0.007834354732459862,9.995230107812201e-09,bracketed,0,93
59,+e2,angular,1e-10,0.007834353277930025,0.007834355783727532,3.1984739749353585e-07,unresolved,2,80
59,+e2,precursor,0.0,0.007834354680518994,0.007834354758829185,9.995742452065145e-09,bracketed,0,97
59,+e2,precursor,1e-10,0.007834354087885693,0.007834355340848698,1.5993188335985504e-07,unresolved,2,89
59,-e2,angular,0.0,0.007813767712820415,0.007813767790922486,9.995443242684303e-09,bracketed,0,102
59,-e2,angular,1e-10,0.007813765560519425,0.007813770559051702,6.397085039998584e-07,unresolved,2,77
59,-e2,precursor,0.0,0.007813767655446715,0.00781376773354239,9.994624548427457e-09,bracketed,0,96
59,-e2,precursor,1e-10,0.00781376526903594,0.007813770267158772,6.396561273838792e-07,unresolved,2,80
59,diagmmm,angular,0.0,0.0052530843636332475,0.0052530844161401136,9.99543552090658e-09,bracketed,0,75
59,diagmmm,angular,1e-10,0.00525308395027612,0.005253084790385933,1.5992697249806022e-07,unresolved,2,69
59,diagmmp,angular,0.0,0.006237743662329683,0.006237743724670325,9.994101324417727e-09,bracketed,0,84
59,diagmmp,angular,1e-10,0.006237742356838551,0.006237744351738975,3.1981128901297053e-07,unresolved,2,72
59,diagmpm,angular,0.0,0.0067684211224163515,0.0067684211900652,9.994775310982706e-09,bracketed,0,95
59,diagmpm,angular,1e-10,0.00676842051502473,0.006768421597406241,1.5991641009979016e-07,unresolved,2,85
59,diagmpp,angular,0.0,0.00613087762101686,0.006130877682294809,9.994971788524626e-09,bracketed,0,95
59,diagmpp,angular,1e-10,0.0061308769510643735,0.0061308789119586095,3.198391113865256e-07,unresolved,2,77
59,diagpmm,angular,0.0,0.006993311622487942,0.006993311692393693,9.996086989987808e-09,bracketed,0,90
59,diagpmm,angular,1e-10,0.006993310559982607,0.006993312796966543,3.198748170233558e-07,unresolved,2,73
59,diagpmp,angular,0.0,0.007818363619033254,0.007818363697184777,9.995892651614579e-09,bracketed,0,94
59,diagpmp,angular,1e-10,0.007818362981661105,0.007818364232085422,1.599342879202135e-07,unresolved,2,86
59,diagppm,angular,0.0,0.007147806226996751,0.0071478062984407925,9.995240411679646e-09,bracketed,0,88
59,diagppm,angular,1e-10,0.007147805569628413,0.007147806712733015,1.5992385219373403e-07,unresolved,2,79
59,diagppp,angular,0.0,0.005885307135936146,0.0058853071947595585,9.994960488601794e-09,bracketed,0,73
59,diagppp,angular,1e-10,0.005885292414365049,0.005885322531950711,5.117432328234134e-06,unresolved,2,54
60,+e0,angular,0.0,0.005584196890642233,0.00558419694646187,9.996000893258443e-09,bracketed,0,61
60,+e0,angular,1e-10,0.0055841960954627085,0.005584197881690985,3.19872054251955e-07,unresolved,2,53
60,+e0,precursor,0.0,0.005584196927305347,0.0055841969831280265,9.996545705436801e-09,bracketed,0,65
60,+e0,precursor,1e-10,0.00558418262347055,0.0055842112046813695,5.1182442885974624e-06,unresolved,2,47
60,-e0,angular,0.0,0.004921965596114105,0.00492196564530537,9.994231914789052e-09,bracketed,0,60
60,-e0,angular,1e-10,0.004921959599474225,0.004921972192437379,2.558526314472946e-06,unresolved,2,46
60,-e0,precursor,0.0,0.004921965608480407,0.004921965657678078,9.995533293821916e-09,bracketed,0,62
60,-e0,precursor,1e-10,0.004921965269511837,0.004921966056674521,1.5992853278939148e-07,unresolved,2,58
60,+e1,angular,0.0,0.009351206335439687,0.0093512064289056,9.995064672995941e-09,bracketed,0,119
60,+e1,angular,1e-10,0.009351205627842385,0.009351207123296904,1.5992103889217154e-07,unresolved,2,111
60,+e1,precursor,0.0,0.009351206346574438,0.009351206440037025,9.994709042281278e-09,bracketed,0,120
60,+e1,precursor,1e-10,0.00935120470460493,0.009351207695407492,3.198307230653095e-07,unresolved,2,103
60,-e1,angular,0.0,0.009322491476752286,0.009322491569932537,9.995209107069582e-09,bracketed,0,121
60,-e1,angular,1e-10,0.00932248527407183,0.009322497201143372,1.279387544369063e-06,unresolved,2,92
60,-e1,precursor,0.0,0.009322491441729943,0.009322491534907057,9.994872527011342e-09,bracketed,0,122
60,-e1,precursor,1e-10,0.009322490364221952,0.009322493345889422,3.1983594015395435e-07,unresolved,2,108
60,+e2,angular,0.0,0.00736477499013238,0.0073647750637461295,9.995383395042916e-09,bracketed,0,100
60,+e2,angular,1e-10,0.0073647736233560385,0.007364775978995881,3.19852308214856e-07,unresolved,2,86
60,+e2,precursor,0.0,0.007364775047883604,0.0073647751214989884,9.995605316231256e-09,bracketed,0,136
60,+e2,precursor,1e-10,0.007364770074315668,0.007364779497084485,1.2794382882109391e-06,unresolved,2,82
60,-e2,angular,0.0,0.007359783809088603,0.0073597838826525395,9.995393628516366e-09,bracketed,0,103
60,-e2,angular,1e-10,0.007359783031574408,0.007359785385620257,3.198526150536194e-07,unresolved,2,90
60,-e2,precursor,0.0,0.0073597838292918435,0.0073597839028574285,9.995617636824601e-09,bracketed,0,108
60,-e2,precursor,1e-10,0.0073597831257183974,0.0073597843027676906,1.5992988828559648e-07,unresolved,2,94
60,diagmmm,angular,0.0,0.0063602565332569905,0.0063602565968310905,9.995524495750265e-09,bracketed,0,94
60,diagmmm,angular,1e-10,0.006360255655675081,0.006360257690046163,3.1985680958729725e-07,unresolved,2,81
60,diagmmp,angular,0.0,0.006663904474007851,0.006663904540611689,9.994716784445286e-09,bracketed,0,95
60,diagmmp,angular,1e-10,0.006663895760438522,0.006663912811020044,2.5586506955026244e-06,unresolved,2,73
60,diagmpm,angular,0.0,0.006968511488469191,0.00696851155812124,9.995255065317392e-09,bracketed,0,107
60,diagmpm,angular,1e-10,0.006968511012363725,0.006968512126796455,1.5992408251185317e-07,unresolved,2,95
60,diagmpp,angular,0.0,0.00586125472108877,0.005861254779671565,9.994923894770644e-09,bracketed,0,87
60,diagmpp,angular,1e-10,0.005861254205959092,0.005861255143283764,1.5991878852809613e-07,unresolved,2,80
60,diagpmm,angular,0.0,0.0063632846816991315,0.006363284745306752,9.996035709269787e-09,bracketed,0,84
60,diagpmm,angular,1e-10,0.006363283642096932,0.006363285677540706,3.1987317996214653e-07,unresolved,2,73
60,diagpmp,angular,0.0,0.007695898966609822,0.007695899043529594,9.994904052282517e-09,bracketed,0,103
60,diagpmp,angular,1e-10,0.007695897789371936,0.007695900250804514,3.198369631578398e-07,unresolved,2,87
60,diagppm,angular,0.0,0.007332389468634102,0.007332389541925942,9.995628409010235e-09,bracketed,0,97
60,diagppm,angular,1e-10,0.007332387320301149,0.007332392010978692,6.397203717782746e-07,unresolved,2,80
60,diagppp,angular,0.0,0.006992540971141714,0.006992541041031735,9.994939056122644e-09,bracketed,0,98
60,diagppp,angular,1e-10,0.006992539689705848,0.0069925419261863755,3.198380884380662e-07,unresolved,2,80
61,+e0,angular,0.0,0.004993991874369312,0.0049939919242866,9.995468443003686e-09,bracketed,0,57
61,+e0,angular,1e-10,0.004993990410337918,0.004993993605044228,6.39710140968168e-07,unresolved,2,48
61,+e0,precursor,0.0,0.00499399189747865,0.0049939919474012,9.996521945977256e-09,bracketed,0,59
61,+e0,precursor,1e-10,0.004993991082926579,0.00499399268044806,3.1988873308440514e-07,unresolved,2,52
61,-e0,angular,0.0,0.004527305984828309,0.004527306030083198,9.99598644257384e-09,bracketed,0,60
61,-e0,angular,1e-10,0.0045273046341423005,0.004527307530455063,6.397432902345499e-07,unresolved,2,47
61,-e0,precursor,0.0,0.004527305950632471,0.004527305995881722,9.994741218695165e-09,bracketed,0,58
61,-e0,precursor,1e-10,0.004527305323999364,0.004527306771975331,3.198317460241644e-07,unresolved,2,51
61,+e1,angular,0.0,0.010710325824680211,0.010710325931728638,9.994880563518555e-09,bracketed,0,118
61,+e1,angular,1e-10,0.010710322979317458,0.010710329830416471,6.39672494096447e-07,unresolved,2,98
61,+e1,precursor,0.0,0.010710325862974868,0.010710325970020146,9.994586395010218e-09,bracketed,0,120
61,+e1,precursor,1e-10,0.010710322803913458,0.010710329654810771,6.396536722952208e-07,unresolved,2,97
61,-e1,angular,0.0,0.01075101289813242,0.01075101300558496,9.994643382862935e-09,bracketed,0,114
61,-e1,angular,1e-10,0.010751009288572498,0.010751016165534661,6.396573547965723e-07,unresolved,2,95
61,-e1,precursor,0.0,0.010751013000847026,0.010751013108307589,9.995389551570936e-09,bracketed,0,135
61,-e1,precursor,1e-10,0.010751010788895423,0.01075101422763324,3.1985251290210364e-07,unresolved,2,103
61,+e2,angular,0.0,0.0065936062390184215,0.006593606304925906,9.995665792294793e-09,bracketed,0,83
61,+e2,angular,1e-10,0.006593605739117647,0.0065936067936373365,1.5993065572535169e-07,unresolved,2,76
61,+e2,precursor,0.0,0.006593606224855976,0.006593606290760787,9.995260389360154e-09,bracketed,0,86
61,+e2,precursor,1e-10,0.006593601968538861,0.006593610404354263,1.2793940917836866e-06,unresolved,2,69
61,-e2,angular,0.0,0.0065879331230587115,0.006587933188909918,9.995730861584135e-09,bracketed,0,83
61,-e2,angular,1e-10,0.006587931241067551,0.0065879354555445115,6.397269197126009e-07,unresolved,2,67
61,-e2,precursor,0.0,0.006587933130954585,0.006587933196803171,9.995333107283448e-09,bracketed,0,89
61,-e2,precursor,1e-10,0.006587932500295933,0.006587933553873248,1.599253355466264e-07,unresolved,2,77
61,diagmmm,angular,0.0,0.005051164338720061,0.00505116438920521,9.994754805417246e-09,bracketed,0,71
61,diagmmm,angular,1e-10,0.005051164048713577,0.005051164856475919,1.5991607765401868e-07,unresolved,2,68
61,diagmmp,angular,0.0,0.007159151331070198,0.007159151402627978,9.995288038743072e-09,bracketed,0,93
61,diagmmp,angular,1e-10,0.007159150413717957,0.007159152703566769,3.1984923908192893e-07,unresolved,2,82
61,diagmpm,angular,0.0,0.00648245348846071,0.006482453553256206,9.995520287717523e-09,bracketed,0,87
61,diagmpm,angular,1e-10,0.006482452983681638,0.006482454020409506,1.599283280921651e-07,unresolved,2,79
61,diagmpp,angular,0.0,0.006117629902370869,0.006117629963516301,9.994954349266932e-09,bracketed,0,82
61,diagmpp,angular,1e-10,0.00611762636856846,0.006117634195183171,1.279354808520628e-06,unresolved,2,65
61,diagpmm,angular,0.0,0.006590717297389192,0.006590717363261608,9.994726379006374e-09,bracketed,0,86
61,diagpmm,angular,1e-10,0.006590715032490691,0.0065907192483250915,6.396626738594195e-07,unresolved,2,68
61,diagpmp,angular,0.0,0.0070483086001010805,0.00704830867054859,9.994952520073851e-09,bracketed,0,91
61,diagpmp,angular,1e-10,0.007048307798401876,0.007048310052722053,3.1983849757849945e-07,unresolved,2,77
61,diagppm,angular,0.0,0.00782356144773614,0.00782356152593202,9.994921219549326e-09,bracketed,0,94
61,diagppm,angular,1e-10,0.007823561029367286,0.007823562280501288,1.5991873742145166e-07,unresolved,2,91
61,diagppp,angular,0.0,0.005396361345363787,0.005396361399306245,9.996079707581242e-09,bracketed,0,71
61,diagppp,angular,1e-10,0.005396360836713268,0.005396361699792546,1.5993728059209492e-07,unresolved,2,64
